11,42,13,5,78,10,0.025499999999999995,0.0355,0.010000000000000002
11,46,17,3,103,9,0.02661907348632812,0.03661907348632812,0.009999999999999998
2,59,2,4,4,9,0.032019073486328126,0.04201907348632813,0.010000000000000002
1,60,28,4,173,9,0.03316675720214845,0.04316675720214845,0.010000000000000002
0,61,33,3,210,9,0.03316675720214845,0.04316675720214845,0.010000000000000002
15,67,4,5,15,10,0.035500000000000004,0.045500000000000006,0.010000000000000002
3,69,16,6,98,9,0.03590000000000001,0.04590000000000001,0.010000000000000002
15,70,5,2,26,9,0.03661907348632813,0.046619073486328134,0.010000000000000002
11,22,13,1,74,6,0.015299999999999998,0.047938146972656255,0.032638146972656254
11,19,13,0,73,0,0.015099999999999999,0.04813814697265626,0.033038146972656265
19,77,31,6,202,9,0.0405,0.0505,0.010000000000000002
8,79,5,3,27,9,0.040900000000000006,0.05090000000000001,0.010000000000000002
19,81,30,2,195,10,0.04161907348632813,0.05161907348632813,0.010000000000000002
7,84,24,4,150,9,0.042019073486328135,0.052019073486328136,0.010000000000000002
6,85,31,7,203,9,0.042019073486328135,0.052019073486328136,0.010000000000000002
20,86,13,4,77,8,0.04273814697265626,0.05273814697265626,0.010000000000000002
2,32,8,3,43,6,0.020699999999999996,0.053338146972656264,0.03263814697265627
1,36,30,2,187,6,0.02183814697265625,0.05449536743164065,0.0326572204589844
0,37,30,3,188,6,0.02183814697265625,0.05449536743164065,0.0326572204589844
9,95,15,5,91,9,0.04590000000000001,0.05590000000000001,0.010000000000000002
3,44,16,2,94,6,0.0257,0.05610000000000002,0.030400000000000017
15,41,4,2,12,6,0.0253,0.05793814697265627,0.03263814697265627
15,38,4,0,10,0,0.0251,0.05813814697265628,0.03303814697265628
14,104,18,5,111,9,0.050900000000000015,0.06090000000000002,0.010000000000000002
8,53,5,4,20,6,0.030699999999999998,0.061100000000000015,0.030400000000000017
7,57,24,2,148,6,0.03181907348632813,0.062219073486328144,0.030400000000000017
6,58,31,3,199,6,0.03181907348632813,0.062219073486328144,0.030400000000000017
26,106,30,1,194,8,0.052738146972656275,0.06273814697265627,0.009999999999999995
19,51,31,2,198,6,0.030299999999999997,0.06293814697265626,0.03263814697265627
10,107,29,7,182,9,0.05313814697265627,0.06313814697265627,0.009999999999999995
19,49,31,0,196,0,0.0301,0.06313814697265627,0.033038146972656265
20,54,17,2,102,5,0.03141907348632812,0.06405722045898439,0.03263814697265627
12,108,29,0,183,9,0.0542572204589844,0.0642572204589844,0.009999999999999995
1,18,30,7,192,7,0.01163814697265625,0.06469536743164066,0.05305722045898441
20,48,15,0,86,0,0.0301,0.06537629394531252,0.03527629394531252
3,24,16,4,96,7,0.0155,0.06630000000000003,0.050800000000000026
2,16,8,6,46,7,0.010499999999999999,0.0704572204589844,0.0599572204589844
14,78,18,2,108,6,0.04070000000000001,0.07110000000000002,0.030400000000000017
8,31,5,6,22,7,0.020499999999999997,0.07130000000000002,0.05080000000000002
9,68,15,3,89,6,0.0357,0.07150000000000004,0.03580000000000003
6,35,31,4,200,7,0.021619073486328123,0.07241907348632814,0.050800000000000026
26,80,27,1,166,5,0.04141907348632814,0.0740572204589844,0.03263814697265626
10,83,30,4,189,6,0.041819073486328136,0.0744572204589844,0.03263814697265626
0,17,30,6,191,7,0.01163814697265625,0.07469536743164065,0.0630572204589844
26,73,26,0,159,0,0.040100000000000004,0.07537629394531253,0.03527629394531253
12,87,27,2,167,6,0.042938146972656265,0.07557629394531253,0.03263814697265626
1,5,29,2,177,1,3.0000000000000003E-4,0.07601444091796879,0.07571444091796879
1,2,29,0,175,0,1.0E-4,0.07621444091796879,0.07611444091796879
22,138,10,7,60,9,0.06701907348632816,0.07701907348632815,0.009999999999999995
2,3,8,1,41,1,3.0000000000000003E-4,0.0806572204589844,0.0803572204589844
2,0,8,0,40,0,1.0E-4,0.0808572204589844,0.0807572204589844
8,13,5,1,17,1,0.010299999999999998,0.08150000000000002,0.07120000000000001
8,10,5,0,16,0,0.0101,0.08170000000000002,0.07160000000000002
25,150,14,6,85,9,0.07201907348632816,0.08201907348632816,0.009999999999999995
24,151,18,6,112,9,0.07201907348632816,0.08201907348632816,0.009999999999999995
7,34,24,3,149,7,0.021619073486328123,0.08241907348632815,0.060800000000000035
13,152,26,4,163,9,0.07313814697265626,0.08313814697265626,0.009999999999999995
4,166,39,5,233,8,0.07843814697265628,0.08343814697265628,0.0050000000000000044
5,167,39,0,236,9,0.07843814697265628,0.08343814697265628,0.0050000000000000044
5,168,39,3,239,10,0.07843814697265628,0.08343814697265628,0.0050000000000000044
6,15,29,3,178,1,0.010299999999999998,0.08373814697265627,0.07343814697265627
6,12,29,0,175,0,0.0101,0.08393814697265628,0.07383814697265628
10,55,30,0,193,7,0.03161907348632813,0.0846572204589844,0.05303814697265627
18,163,15,5,91,9,0.07630000000000002,0.08630000000000002,0.009999999999999995
22,116,10,1,54,6,0.056819073486328156,0.08721907348632815,0.030399999999999996
4,153,39,4,224,5,0.07323814697265627,0.08863814697265629,0.015400000000000025
5,154,39,7,227,6,0.07323814697265627,0.08863814697265629,0.015400000000000025
16,176,26,5,164,9,0.08093583068847658,0.09093583068847658,0.009999999999999995
31,181,23,4,143,9,0.08201907348632816,0.09201907348632815,0.009999999999999995
25,129,14,3,82,6,0.061819073486328154,0.09221907348632816,0.030400000000000003
24,123,19,6,119,6,0.060700000000000025,0.09333814697265629,0.03263814697265626
7,14,22,1,137,1,0.010299999999999998,0.09373814697265628,0.08343814697265628
4,139,39,6,218,3,0.06803814697265625,0.0938381469726563,0.025800000000000045
5,140,39,1,221,4,0.06803814697265625,0.0938381469726563,0.025800000000000045
7,11,22,0,136,0,0.0101,0.09393814697265629,0.08383814697265629
13,128,30,5,190,6,0.06181907348632813,0.09445722045898439,0.032638146972656254
29,183,2,4,4,9,0.08505722045898441,0.0950572204589844,0.009999999999999995
47,188,9,3,50,9,0.0855,0.0955,0.009999999999999995
35,191,20,6,131,9,0.08590000000000002,0.09590000000000001,0.009999999999999995
0,4,29,1,176,1,3.0000000000000003E-4,0.09601444091796879,0.0957144409179688
0,1,29,0,175,0,1.0E-4,0.0962144409179688,0.0961144409179688
18,122,15,3,89,6,0.060700000000000004,0.09650000000000002,0.03580000000000001
47,194,4,5,15,10,0.08661907348632814,0.09661907348632813,0.009999999999999995
3,9,16,1,93,1,0.005300000000000001,0.09819364217122399,0.09289364217122399
3,6,16,0,92,0,0.0051,0.098393642171224,0.09329364217122399
23,198,18,5,111,9,0.08840000000000002,0.09840000000000002,0.009999999999999995
14,52,18,4,110,7,0.0305,0.09851002129448788,0.06801002129448788
22,94,11,2,64,7,0.04550000000000002,0.09853814697265628,0.05303814697265626
27,205,16,7,99,9,0.09090000000000001,0.1009,0.009999999999999995
36,209,31,6,202,9,0.09201907348632814,0.10201907348632813,0.009999999999999995
32,210,24,4,150,9,0.09201907348632815,0.10201907348632815,0.009999999999999995
16,141,30,2,187,6,0.06961675720214845,0.1022549041748047,0.032638146972656254
25,105,14,4,83,7,0.051619073486328146,0.10241907348632816,0.05080000000000001
31,148,19,7,120,6,0.07070000000000003,0.10333814697265628,0.032638146972656254
17,228,39,4,240,10,0.0984286102294922,0.10342861022949221,0.0050000000000000044
17,227,39,1,237,9,0.0984286102294922,0.10342861022949221,0.0050000000000000044
24,103,19,0,121,7,0.05050000000000002,0.10353814697265629,0.05303814697265627
13,82,30,6,191,7,0.04161907348632813,0.10465722045898439,0.06303814697265625
29,155,8,4,44,6,0.07373814697265628,0.10641907348632813,0.032680926513671854
9,43,15,4,90,7,0.025499999999999995,0.10717061767578132,0.08167061767578132
51,224,13,4,77,8,0.09773814697265627,0.10773814697265627,0.009999999999999995
47,159,9,2,49,6,0.0753,0.10793814697265626,0.032638146972656254
47,156,9,0,47,0,0.0751,0.10813814697265627,0.033038146972656265
21,238,39,2,230,7,0.10322861022949222,0.10822861022949222,0.0050000000000000044
23,165,18,3,109,6,0.07820000000000002,0.10860000000000002,0.030399999999999996
17,211,39,0,228,6,0.09322861022949219,0.10862861022949222,0.015400000000000025
12,56,32,2,206,7,0.03161907348632813,0.11032079874674483,0.0787017252604167
27,175,16,3,95,6,0.08070000000000001,0.1111,0.030399999999999996
22,65,11,1,63,1,0.03530000000000001,0.11217629394531257,0.07687629394531256
36,179,31,2,198,6,0.08181907348632814,0.11221907348632813,0.030399999999999996
32,180,24,2,148,6,0.08181907348632815,0.11221907348632815,0.030399999999999996
22,62,11,0,62,0,0.035100000000000006,0.11237629394531258,0.07727629394531257
42,237,26,4,163,9,0.10313814697265627,0.11313814697265627,0.009999999999999995
21,252,39,6,234,8,0.10842861022949223,0.11342861022949223,0.0050000000000000044
31,121,19,1,122,7,0.06050000000000002,0.11353814697265628,0.05303814697265626
24,75,19,1,114,1,0.04030000000000001,0.11373814697265629,0.07343814697265627
17,197,39,2,222,4,0.08802861022949218,0.11382861022949223,0.025800000000000045
24,72,19,0,113,0,0.040100000000000004,0.11393814697265629,0.07383814697265628
45,245,14,6,85,9,0.10590000000000001,0.1159,0.009999999999999995
34,246,16,6,98,9,0.10590000000000002,0.11590000000000002,0.009999999999999995
10,25,30,1,186,1,0.016419073486328123,0.11637629394531254,0.09995722045898442
57,248,19,2,123,8,0.10661907348632814,0.11661907348632813,0.009999999999999995
39,249,9,4,51,9,0.10701907348632815,0.11701907348632815,0.009999999999999995
41,250,10,0,61,9,0.10701907348632815,0.11701907348632815,0.009999999999999995
28,251,15,5,91,9,0.10723728434244795,0.11723728434244794,0.009999999999999995
10,21,33,0,207,0,0.015099999999999999,0.11769536743164068,0.10259536743164067
21,239,39,5,225,5,0.10322861022949222,0.11862861022949224,0.015400000000000025
35,162,20,3,128,6,0.07570000000000002,0.11900000000000002,0.043300000000000005
51,192,17,2,102,5,0.08641907348632814,0.1190572204589844,0.032638146972656254
33,253,28,5,174,9,0.10925722045898441,0.1192572204589844,0.009999999999999995
51,184,10,0,53,0,0.08510000000000001,0.12037629394531253,0.03527629394531252
43,261,20,7,132,9,0.11110000000000003,0.12110000000000003,0.009999999999999995
27,147,16,5,97,7,0.07050000000000001,0.1213,0.0508
12,30,29,4,179,1,0.0203,0.12163987223307296,0.10133987223307296
12,28,29,0,175,0,0.0201,0.12183987223307297,0.10173987223307296
36,149,31,5,201,7,0.07161907348632814,0.12321907348632813,0.05159999999999999
31,101,19,2,115,1,0.05030000000000001,0.12373814697265628,0.07343814697265627
25,74,17,1,101,1,0.04030000000000001,0.1237381469726563,0.08343814697265628
21,226,39,3,215,2,0.0980286102294922,0.12382861022949225,0.025800000000000045
31,98,19,0,113,0,0.050100000000000006,0.12393814697265629,0.07383814697265628
25,71,17,0,100,0,0.040100000000000004,0.1239381469726563,0.08383814697265629
42,208,30,3,188,6,0.09181907348632815,0.1244572204589844,0.032638146972656254
45,215,14,3,82,6,0.09570000000000001,0.12610000000000002,0.03040000000000001
34,217,16,2,94,6,0.09570000000000002,0.12610000000000002,0.030399999999999996
57,219,19,5,118,5,0.09641907348632814,0.12681907348632815,0.03040000000000001
41,222,10,2,55,6,0.09681907348632815,0.12721907348632816,0.03040000000000001
9,23,15,1,87,1,0.015299999999999998,0.1273706176757813,0.11207061767578132
28,223,15,3,89,6,0.09703728434244795,0.12743728434244794,0.030399999999999996
9,20,15,0,86,0,0.015099999999999999,0.12763728434244792,0.11253728434244792
57,214,23,0,139,0,0.0951,0.12813814697265624,0.03303814697265624
39,216,8,5,45,6,0.09570000000000002,0.12833814697265628,0.032638146972656254
33,225,27,2,167,6,0.09793814697265628,0.13057629394531253,0.032638146972656254
42,178,30,7,192,7,0.08161907348632814,0.1346572204589844,0.053038146972656255
29,115,8,6,46,7,0.05661907348632814,0.1346786102294922,0.07805953674316407
16,96,32,2,206,7,0.047738146972656256,0.13526068293253585,0.08752253595987959
35,136,20,4,129,7,0.06550000000000002,0.13548728434244794,0.06998728434244793
34,190,16,4,96,7,0.08550000000000002,0.1363,0.050799999999999984
13,33,30,1,186,1,0.021419073486328124,0.13637629394531253,0.1149572204589844
41,195,10,4,57,7,0.08661907348632815,0.13741907348632815,0.0508
13,27,26,0,159,0,0.0201,0.13769536743164063,0.11759536743164062
32,127,24,3,149,7,0.06161907348632815,0.13781907348632816,0.07620000000000002
58,295,3,3,8,9,0.12813814697265624,0.13813814697265625,0.010000000000000009
40,311,39,3,231,7,0.13322861022949217,0.13822861022949218,0.0050000000000000044
18,76,15,4,90,7,0.0405,0.13879412353515627,0.09829412353515626
49,296,31,7,203,9,0.12978092651367187,0.13978092651367188,0.010000000000000009
38,305,18,6,112,9,0.13074996450918694,0.14074996450918695,0.010000000000000009
56,306,24,4,150,9,0.1309,0.1409,0.010000000000000009
14,29,18,1,107,1,0.0203,0.14206252661810986,0.12176252661810986
45,189,14,5,84,7,0.0855,0.1421,0.0566
43,204,20,3,128,6,0.09070000000000002,0.14225000000000004,0.051550000000000026
14,26,18,0,106,0,0.0201,0.14226252661810984,0.12216252661810983
67,313,20,6,131,9,0.1334,0.1434,0.010000000000000009
40,329,39,7,235,8,0.13842861022949215,0.14342861022949216,0.0050000000000000044
48,314,29,1,184,9,0.13351117146809893,0.14351117146809894,0.010000000000000009
67,317,19,3,124,10,0.1345190734863281,0.14451907348632811,0.010000000000000009
35,113,20,1,126,1,0.05530000000000001,0.14568728434244793,0.09038728434244792
35,110,20,0,125,0,0.0551,0.1458872843424479,0.0907872843424479
42,146,28,1,170,1,0.07030000000000002,0.1459762939453125,0.07567629394531249
30,324,18,5,111,9,0.13615729144061053,0.14615729144061054,0.010000000000000009
42,144,28,0,169,0,0.07010000000000001,0.14617629394531248,0.07607629394531247
16,45,29,1,176,1,0.026419073486328125,0.14657975641886395,0.12016068293253582
64,327,14,6,85,9,0.1370190734863281,0.14701907348632812,0.010000000000000009
16,40,27,0,165,0,0.0251,0.14789882990519204,0.12279882990519204
44,347,39,5,233,8,0.14342861022949216,0.14842861022949216,0.0050000000000000044
40,312,39,6,226,5,0.13322861022949217,0.14862861022949214,0.01539999999999997
23,117,18,4,110,7,0.05800000000000002,0.14880000000000002,0.09079999999999999
58,270,7,3,37,6,0.11681907348632814,0.14945722045898435,0.03263814697265621
63,340,12,6,72,9,0.14045722045898437,0.15045722045898438,0.010000000000000009
39,161,8,6,46,7,0.07550000000000001,0.15058496805826824,0.07508496805826823
27,93,16,1,93,1,0.04530000000000001,0.15150000000000002,0.10620000000000002
46,342,31,6,202,9,0.14161907348632813,0.15161907348632814,0.010000000000000009
27,90,16,0,92,0,0.0451,0.1517,0.1066
45,160,14,1,80,1,0.0753,0.1523,0.07699999999999999
43,174,20,5,130,7,0.08050000000000002,0.15245000000000003,0.07195000000000001
45,157,14,0,79,0,0.0751,0.15249999999999997,0.07739999999999997
44,328,39,4,224,5,0.13822861022949218,0.15362861022949215,0.01539999999999997
55,348,16,7,99,9,0.14371271565755206,0.15371271565755207,0.010000000000000009
40,294,39,4,216,2,0.1280286102294922,0.15382861022949212,0.025799999999999934
48,283,30,4,189,6,0.12219209798177084,0.15483024495442704,0.0326381469726562
56,280,24,2,148,6,0.12070000000000002,0.15498092651367182,0.0342809265136718
30,292,18,3,109,6,0.12595729144061055,0.15635729144061053,0.030399999999999983
4,7,17,0,100,0,0.0051,0.1567762939453125,0.1516762939453125
5,8,27,0,165,0,0.0051,0.1567762939453125,0.1516762939453125
18,50,15,2,88,1,0.030299999999999997,0.1576882470703125,0.12738824707031252
18,47,15,0,86,0,0.0301,0.1578882470703125,0.1277882470703125
33,137,32,2,206,7,0.06661907348632815,0.15871617215474448,0.09209709866841634
44,310,39,7,219,3,0.1330286102294922,0.15882861022949213,0.025799999999999934
29,91,6,1,30,1,0.04530000000000001,0.15884652557373047,0.11354652557373046
29,88,6,0,29,0,0.0451,0.15904652557373045,0.11394652557373044
50,362,15,5,91,9,0.1491293823242187,0.15912938232421872,0.010000000000000009
49,272,31,3,199,6,0.11958092651367189,0.15998092651367185,0.040399999999999964
60,363,9,5,52,9,0.15007861022949215,0.16007861022949216,0.010000000000000009
38,279,18,2,108,6,0.12054996450918695,0.1600808555320457,0.039530891022858755
63,300,12,4,70,6,0.13025722045898439,0.16065722045898437,0.030399999999999983
28,135,15,4,90,7,0.06550000000000002,0.16083728434244793,0.09533728434244791
34,112,16,1,93,1,0.05530000000000001,0.1615,0.10619999999999999
34,109,16,0,92,0,0.0551,0.16169999999999998,0.10659999999999997
46,308,31,2,198,6,0.1314190734863281,0.1618190734863281,0.03040000000000001
43,145,20,2,127,1,0.07030000000000002,0.16265000000000002,0.09235
52,372,31,7,203,9,0.1528190734863281,0.1628190734863281,0.010000000000000009
43,143,20,0,125,0,0.07010000000000001,0.16285,0.09274999999999999
55,315,16,3,95,6,0.13351271565755207,0.16391271565755205,0.030399999999999983
36,126,31,1,197,1,0.061419073486328135,0.16419884185791017,0.10277976837158204
48,263,30,0,193,7,0.11199209798177084,0.16503024495442703,0.053038146972656186
36,120,27,0,165,0,0.0601,0.16551791534423826,0.10541791534423826
67,258,20,3,128,6,0.11030000000000001,0.1658872843424479,0.05558728434244789
67,255,20,0,125,0,0.1101,0.16608728434244788,0.055987284342447874
75,382,5,4,28,9,0.15701907348632804,0.16701907348632805,0.010000000000000009
64,293,14,3,82,6,0.12681907348632812,0.16721907348632808,0.040399999999999964
71,385,17,4,104,9,0.15813814697265619,0.1681381469726562,0.010000000000000009
58,247,7,5,39,7,0.10661907348632814,0.16965722045898432,0.06303814697265618
54,394,20,7,132,9,0.16055,0.17055,0.010000000000000009
53,386,15,5,91,9,0.15919412353515622,0.17065010009765624,0.011455976562500025
39,133,8,2,42,1,0.06530000000000001,0.1707849680582682,0.1054849680582682
39,130,8,0,40,0,0.0651,0.17098496805826818,0.10588496805826818
28,92,15,1,87,1,0.04530000000000001,0.17103728434244792,0.1257372843424479
37,395,18,6,112,9,0.1611499645091869,0.1711499645091869,0.010000000000000009
28,89,15,0,86,0,0.0451,0.1712372843424479,0.1261372843424479
61,396,24,4,150,9,0.16129999999999994,0.17129999999999995,0.010000000000000009
60,330,8,3,43,6,0.13875953674316405,0.17139768371582026,0.03263814697265621
68,398,31,6,202,9,0.1618190734863281,0.1718190734863281,0.010000000000000009
73,401,9,3,50,9,0.16201907348632805,0.17201907348632806,0.010000000000000009
52,309,31,3,199,6,0.13261907348632812,0.17301907348632808,0.040399999999999964
59,421,39,5,241,10,0.16842861022949215,0.17342861022949216,0.0050000000000000044
59,420,39,2,238,9,0.16842861022949215,0.17342861022949216,0.0050000000000000044
55,285,16,5,97,7,0.1233127156575521,0.17411271565755204,0.05079999999999994
94,414,13,5,78,10,0.16661907348632807,0.17661907348632808,0.010000000000000009
72,415,14,6,85,9,0.16669999999999993,0.17669999999999994,0.010000000000000009
17,39,6,0,29,0,0.0251,0.1767572204589844,0.1516572204589844
81,416,20,6,131,9,0.16701907348632805,0.17701907348632806,0.010000000000000009
41,134,17,1,101,1,0.06530000000000001,0.1771762939453125,0.1118762939453125
41,132,17,0,100,0,0.0651,0.17737629394531249,0.11227629394531248
76,419,5,2,26,9,0.16813814697265614,0.17813814697265615,0.010000000000000009
59,404,39,1,229,6,0.16322861022949217,0.17862861022949214,0.01539999999999997
94,417,15,5,91,9,0.16773814697265618,0.1791941235351562,0.011455976562500025
78,423,26,5,164,9,0.16925722045898425,0.17925722045898426,0.010000000000000009
50,316,15,3,89,6,0.13392938232421875,0.1793293823242187,0.04539999999999994
71,360,13,2,75,6,0.14681907348632808,0.1794572204589843,0.03263814697265621
58,218,7,1,35,1,0.09641907348632814,0.1798572204589843,0.08343814697265617
56,233,24,3,149,7,0.1005,0.18002138977050772,0.07952138977050771
49,254,31,4,200,7,0.10938092651367189,0.18018092651367182,0.07079999999999993
98,429,19,2,123,8,0.17049999999999996,0.18049999999999997,0.010000000000000009
54,332,20,3,128,6,0.1394,0.18075,0.04135
58,212,3,0,5,0,0.0951,0.1811762939453124,0.0860762939453124
37,345,18,2,108,6,0.14181907348632813,0.1813499645091869,0.039530891022858755
61,361,24,2,148,6,0.14721907348632812,0.18149999999999994,0.03428092651367182
74,432,10,7,60,9,0.17201907348632806,0.18201907348632806,0.010000000000000009
62,433,31,7,203,9,0.17201907348632808,0.1820190734863281,0.010000000000000009
46,221,32,2,206,7,0.09661907348632814,0.18313814697265618,0.08651907348632804
68,369,30,5,190,6,0.1504048136393229,0.1831381469726562,0.03273333333333331
52,282,31,5,201,7,0.12161907348632815,0.18321907348632807,0.06159999999999992
73,370,7,4,38,6,0.15069999999999995,0.18333814697265616,0.03263814697265621
65,447,39,6,234,8,0.17842861022949214,0.18342861022949214,0.0050000000000000044
75,359,5,5,21,6,0.14681907348632806,0.1837381469726561,0.03691907348632806
59,384,39,3,223,4,0.1580286102294922,0.18382861022949212,0.025799999999999934
53,331,15,3,89,6,0.13892938232421875,0.18508974121093746,0.04616035888671871
63,271,11,2,64,7,0.1189381469726563,0.18521444091796874,0.06627629394531244
48,177,30,1,186,1,0.08141907348632814,0.185230244954427,0.10381117146809886
48,170,26,0,159,0,0.0801,0.18661907348632809,0.10651907348632808
21,64,28,0,169,0,0.035100000000000006,0.1867572204589844,0.1516572204589844
83,445,26,4,163,9,0.17701907348632803,0.18701907348632804,0.010000000000000009
64,269,14,4,83,7,0.11661907348632813,0.18741907348632805,0.07079999999999992
72,356,14,3,82,6,0.14649999999999996,0.1880999999999999,0.04159999999999994
81,378,19,6,119,6,0.15569999999999995,0.18833814697265616,0.03263814697265621
65,436,39,5,225,5,0.17322861022949215,0.18862861022949212,0.01539999999999997
71,326,13,3,76,7,0.1366190734863281,0.18965722045898428,0.053038146972656186
66,448,31,6,202,9,0.17995625334845644,0.18995625334845645,0.010000000000000009
94,379,13,1,74,6,0.15641907348632808,0.1905131970214843,0.03409412353515623
98,391,19,5,118,5,0.16029999999999997,0.19069999999999995,0.030399999999999983
98,389,19,0,113,0,0.1601,0.19089999999999993,0.03079999999999994
54,284,20,4,129,7,0.1229127156575521,0.19094999999999998,0.06803728434244788
60,260,8,6,46,7,0.11050000000000001,0.19159768371582023,0.08109768371582021
94,375,17,0,100,0,0.1551,0.1918322705078124,0.036732270507812415
30,196,18,4,110,7,0.08679364217122398,0.19189452432820825,0.10510088215698427
76,383,5,4,20,6,0.15793814697265615,0.19200837860107403,0.03407023162841788
74,399,10,3,56,6,0.16181907348632807,0.19221907348632805,0.030399999999999983
62,400,31,2,198,6,0.1618190734863281,0.19221907348632808,0.030399999999999983
32,102,21,1,134,1,0.05030000000000001,0.1929057763671875,0.1426057763671875
32,99,21,0,133,0,0.050100000000000006,0.19310577636718748,0.14300577636718748
68,336,30,6,191,7,0.1402048136393229,0.1933381469726562,0.05313333333333328
69,470,39,0,236,9,0.18842861022949214,0.19342861022949215,0.0050000000000000044
69,471,39,3,239,10,0.18842861022949214,0.19342861022949215,0.0050000000000000044
73,303,7,5,39,7,0.13049999999999998,0.19353814697265614,0.06303814697265617
65,418,39,0,220,3,0.16802861022949217,0.1938286102294921,0.025799999999999934
75,325,5,7,23,7,0.13661907348632807,0.1939381469726561,0.05731907348632803
55,206,16,1,93,1,0.09141907348632813,0.194312715657552,0.10289364217122388
55,199,13,0,73,0,0.0901,0.1956317891438801,0.1055317891438801
33,114,32,1,205,1,0.05641907348632814,0.1967882295396593,0.14036915605333117
38,182,18,4,110,7,0.08273814697265627,0.19685927645012183,0.11412112947746555
92,468,5,3,27,9,0.187419073486328,0.197419073486328,0.010000000000000009
23,66,18,1,107,1,0.03530000000000001,0.19751427795410156,0.16221427795410154
23,63,18,0,106,0,0.035100000000000006,0.19771427795410154,0.16261427795410155
107,469,30,1,194,8,0.1877381469726562,0.1977381469726562,0.010000000000000009
33,111,26,0,159,0,0.0551,0.1981073030259874,0.14300730302598738
72,304,14,5,84,7,0.13049999999999998,0.1982999999999999,0.06779999999999992
81,355,19,0,121,7,0.14549999999999996,0.19853814697265615,0.053038146972656186
69,456,39,7,227,6,0.18322861022949216,0.19862861022949213,0.01539999999999997
64,244,12,3,69,1,0.1053,0.19873814697265615,0.09343814697265615
64,241,12,0,66,0,0.1051,0.19893814697265613,0.09383814697265613
78,373,26,1,160,6,0.15293814697265617,0.19945722045898423,0.046519073486328055
66,422,27,2,167,6,0.16863717986212834,0.20127532683478455,0.03263814697265621
108,482,13,4,77,8,0.19161907348632806,0.20161907348632807,0.010000000000000009
62,343,31,4,200,7,0.14161907348632813,0.20241907348632807,0.06079999999999994
90,483,23,5,144,9,0.19285837860107405,0.20285837860107406,0.010000000000000009
76,357,2,2,2,7,0.14661907348632805,0.20332745208740213,0.05670837860107408
83,381,26,1,160,6,0.15681907348632806,0.20333814697265612,0.046519073486328055
70,484,23,6,145,9,0.19341791534423822,0.20341791534423823,0.010000000000000009
68,259,30,1,186,1,0.11030000000000001,0.20353814697265618,0.09323814697265617
73,276,7,2,36,1,0.1203,0.20373814697265613,0.08343814697265613
68,257,30,0,185,0,0.1101,0.20373814697265616,0.09363814697265616
69,446,39,1,221,4,0.17802861022949218,0.2038286102294921,0.025799999999999934
73,273,7,0,34,0,0.1201,0.2039381469726561,0.08383814697265611
87,495,5,4,28,9,0.197019073486328,0.207019073486328,0.010000000000000009
93,496,14,6,85,9,0.1970999999999999,0.2070999999999999,0.010000000000000009
61,281,24,3,149,7,0.12161907348632815,0.20766190734863274,0.08604283386230459
72,278,14,2,81,1,0.1203,0.20849999999999988,0.08819999999999988
91,497,5,2,26,9,0.1985381469726561,0.2085381469726561,0.010000000000000009
72,275,14,0,79,0,0.1201,0.20869999999999986,0.08859999999999986
81,321,19,3,116,1,0.13529999999999998,0.20873814697265614,0.07343814697265616
81,318,19,0,113,0,0.1351,0.2089381469726561,0.07383814697265612
92,430,5,5,21,6,0.17069999999999994,0.20953814697265602,0.038838146972656085
78,346,26,2,161,7,0.1427381469726562,0.20965722045898422,0.06691907348632803
71,267,12,1,67,1,0.11530000000000001,0.21097629394531237,0.09567629394531235
80,505,24,4,150,9,0.20102260223388663,0.21102260223388664,0.010000000000000009
71,265,12,0,66,0,0.11510000000000001,0.21117629394531234,0.09607629394531234
85,506,10,0,61,9,0.20124768371582025,0.21124768371582026,0.010000000000000009
114,508,19,2,123,8,0.20161907348632807,0.21161907348632808,0.010000000000000009
107,444,27,1,166,5,0.1764190734863281,0.2116953674316405,0.0352762939453124
60,232,8,1,41,1,0.10030000000000001,0.2117976837158202,0.11149768371582018
60,229,8,0,40,0,0.10010000000000001,0.21199768371582017,0.11189768371582016
108,452,17,2,102,5,0.18029999999999996,0.21293814697265617,0.03263814697265621
107,439,28,0,169,0,0.1751,0.2130144409179686,0.037914440917968584
108,449,17,0,100,0,0.18009999999999998,0.21313814697265615,0.03303814697265617
83,358,26,3,162,7,0.14661907348632808,0.2135381469726561,0.06691907348632803
74,341,11,2,64,7,0.14049999999999999,0.21353814697265613,0.07303814697265615
99,517,16,6,98,9,0.20589999999999992,0.21589999999999993,0.010000000000000009
40,131,9,0,47,0,0.0651,0.21675722045898427,0.15165722045898428
105,522,31,7,203,9,0.20701907348632806,0.21701907348632807,0.010000000000000009
63,243,11,1,63,1,0.1053,0.21711925455729164,0.11181925455729164
46,164,32,1,205,1,0.07641907348632813,0.21716755681920927,0.14074848333288115
93,465,14,3,82,6,0.18569999999999992,0.21729999999999988,0.03159999999999996
63,240,11,0,62,0,0.1051,0.21731925455729162,0.11221925455729162
87,464,8,4,44,6,0.1856999999999999,0.2183381469726561,0.03263814697265621
46,158,27,0,165,0,0.0751,0.21848663030553736,0.14338663030553736
37,236,18,4,110,7,0.10161907348632815,0.21862877355693297,0.11700970007060482
91,457,5,4,20,6,0.1846679153442382,0.2187381469726561,0.03407023162841788
92,393,5,0,24,7,0.16049999999999995,0.219738146972656,0.05923814697265606
89,528,10,7,60,9,0.2102572204589843,0.2202572204589843,0.010000000000000009
85,480,10,1,54,6,0.19104768371582026,0.22144768371582024,0.030399999999999983
44,142,2,0,0,0,0.07010000000000001,0.22175722045898427,0.15165722045898428
66,344,32,2,206,7,0.14161907348632813,0.2218167432573105,0.08019766977098236
114,481,19,5,118,5,0.19141907348632808,0.22181907348632807,0.030399999999999983
90,434,23,1,140,6,0.17293814697265616,0.22305837860107403,0.05012023162841786
114,476,25,0,151,0,0.1901,0.22313814697265616,0.03303814697265617
70,435,23,1,140,6,0.17321791534423825,0.2233381469726561,0.05012023162841786
83,323,28,2,171,1,0.13529999999999998,0.2248572204589842,0.08955722045898423
83,320,28,0,169,0,0.1351,0.2250572204589842,0.08995722045898419
75,290,9,1,48,1,0.12529999999999997,0.2252572204589842,0.09995722045898423
75,287,9,0,47,0,0.1251,0.22545722045898417,0.10035722045898418
78,307,29,2,177,1,0.1314190734863281,0.22553351440429653,0.09411444091796844
99,493,16,2,94,6,0.19569999999999993,0.2260999999999999,0.030399999999999983
80,479,24,2,148,6,0.19082260223388664,0.22650711181640612,0.03568450958251948
78,299,33,0,207,0,0.1301,0.22685258789062462,0.09675258789062463
105,494,31,3,199,6,0.19681907348632807,0.22721907348632805,0.030399999999999983
93,412,14,4,83,7,0.16549999999999995,0.22749999999999987,0.061999999999999916
113,548,5,3,27,9,0.21781907348632795,0.22781907348632796,0.010000000000000009
91,437,5,6,22,7,0.17446791534423822,0.22893814697265608,0.05447023162841785
50,207,15,4,90,7,0.09161907348632814,0.22919980697631825,0.13758073348999011
77,549,18,5,111,9,0.21938967233069145,0.22938967233069146,0.010000000000000009
92,367,5,2,18,1,0.15029999999999996,0.229938146972656,0.07963814697265603
92,364,5,0,16,0,0.15009999999999998,0.23013814697265597,0.08003814697265599
123,554,30,1,194,8,0.22037629394531238,0.2303762939453124,0.010000000000000009
49,173,31,1,197,1,0.08030000000000001,0.2303809265136718,0.1500809265136718
89,498,10,2,55,6,0.2000572204589843,0.23045722045898429,0.030399999999999983
49,171,31,0,196,0,0.0801,0.2305809265136718,0.1504809265136718
85,454,10,5,58,7,0.18084768371582027,0.23164768371582023,0.050799999999999956
110,563,25,5,156,9,0.22201907348632802,0.23201907348632803,0.010000000000000009
90,402,23,2,141,7,0.16273814697265618,0.233258378601074,0.07052023162841783
52,193,31,1,197,1,0.08641907348632814,0.2334325612386067,0.14701348775227857
70,403,23,3,142,7,0.16301791534423826,0.2335381469726561,0.07052023162841783
84,555,15,5,91,9,0.22049805509779188,0.2337841892666288,0.013286134168836922
53,220,15,4,90,7,0.09661907348632814,0.23407175436401362,0.13745268087768547
52,186,27,0,165,0,0.08510000000000001,0.2347516347249348,0.14965163472493478
99,463,16,4,96,7,0.18549999999999994,0.2362999999999999,0.050799999999999956
106,577,2,4,4,9,0.22701907348632805,0.23701907348632806,0.010000000000000009
119,578,3,4,9,9,0.22701907348632805,0.23701907348632806,0.010000000000000009
93,377,14,1,80,1,0.15529999999999997,0.23769999999999986,0.08239999999999989
76,289,6,1,30,1,0.12529999999999997,0.23776203409830698,0.11246203409830702
93,374,14,0,79,0,0.1551,0.23789999999999983,0.08279999999999985
76,286,6,0,29,0,0.1251,0.23796203409830696,0.11286203409830697
113,516,5,5,21,6,0.20569999999999994,0.23801907348632795,0.03231907348632801
96,597,39,4,240,10,0.2334286102294921,0.2384286102294921,0.0050000000000000044
96,596,39,1,237,9,0.2334286102294921,0.2384286102294921,0.0050000000000000044
56,203,24,1,147,1,0.0903,0.23898185302734362,0.1486818530273436
56,201,24,0,146,0,0.0901,0.2391818530273436,0.1490818530273436
77,523,18,3,109,6,0.20918967233069147,0.23958967233069145,0.030399999999999983
79,579,15,5,91,9,0.22721192092895495,0.24049805509779187,0.013286134168836922
50,172,12,1,67,1,0.08030000000000001,0.24051888046264636,0.16021888046264635
50,169,12,0,66,0,0.0801,0.24071888046264633,0.16061888046264633
88,589,24,4,150,9,0.23142260223388658,0.2414226022338866,0.010000000000000009
123,519,27,1,166,5,0.2064190734863281,0.2416953674316405,0.0352762939453124
120,592,26,5,164,9,0.23202861022949212,0.24202861022949212,0.010000000000000009
110,534,25,1,152,6,0.21181907348632803,0.242219073486328,0.030399999999999983
123,512,26,0,159,0,0.2051,0.2430144409179686,0.037914440917968584
96,581,39,0,228,6,0.22822861022949212,0.2436286102294921,0.01539999999999997
74,277,11,1,63,1,0.1203,0.244583423868815,0.12428342386881498
74,274,11,0,62,0,0.1201,0.24478342386881496,0.12468342386881497
82,598,18,6,112,9,0.23508060528978883,0.24508060528978884,0.010000000000000009
101,602,29,7,182,9,0.23523254729376883,0.24523254729376884,0.010000000000000009
97,605,31,6,202,9,0.23534942092895497,0.24534942092895498,0.010000000000000009
99,408,16,1,93,1,0.16529999999999997,0.24649999999999989,0.08119999999999991
30,100,18,1,107,1,0.05030000000000001,0.24667056273877175,0.19637056273877174
99,405,16,0,92,0,0.1651,0.24669999999999986,0.08159999999999987
59,213,18,0,106,0,0.0951,0.24675722045898427,0.15165722045898428
30,97,18,0,106,0,0.050100000000000006,0.24687056273877173,0.19677056273877172
125,608,33,4,211,9,0.23701907348632806,0.24701907348632807,0.010000000000000009
105,467,31,5,201,7,0.18661907348632809,0.24741907348632802,0.06079999999999994
111,609,6,3,32,9,0.23813814697265615,0.24813814697265615,0.010000000000000009
113,491,5,7,23,7,0.19549999999999995,0.24821907348632793,0.05271907348632798
119,543,7,3,37,6,0.21569999999999995,0.24833814697265616,0.03263814697265621
106,542,8,5,45,6,0.21569999999999992,0.24833814697265616,0.03263814697265624
104,625,39,7,235,8,0.2434286102294921,0.24842861022949211,0.0050000000000000044
87,411,8,6,46,7,0.16549999999999992,0.24853814697265608,0.08303814697265616
96,564,39,2,222,4,0.22302861022949214,0.24882861022949207,0.025799999999999934
88,544,24,2,148,6,0.2159380926513671,0.25162260223388655,0.03568450958251945
66,262,32,1,205,1,0.11141907348632814,0.2520167432573105,0.14059766977098237
121,619,31,7,203,9,0.2420286102294921,0.2520286102294921,0.009999999999999981
120,562,26,1,160,6,0.22182861022949213,0.2522286102294921,0.030399999999999983
110,507,25,3,154,7,0.20161907348632804,0.25241907348632797,0.05079999999999993
62,235,31,1,197,1,0.10141907348632814,0.25252401557922355,0.1511049420928954
66,256,27,0,165,0,0.1101,0.2533358167436386,0.14323581674363858
104,610,39,6,226,5,0.23822861022949213,0.25362861022949207,0.015399999999999942
62,231,27,0,165,0,0.10010000000000001,0.25384308906555164,0.15374308906555162
90,371,22,1,137,1,0.15141907348632808,0.2545774520874021,0.10315837860107405
82,566,18,2,108,6,0.22488060528978884,0.2552806052897888,0.030399999999999955
53,187,12,2,68,1,0.08530000000000001,0.25539082785034173,0.1700908278503417
53,185,12,0,66,0,0.08510000000000001,0.2555908278503417,0.1704908278503417
90,366,25,0,151,0,0.15009999999999998,0.2558965255737302,0.10579652557373023
101,565,30,2,187,6,0.22391347380744073,0.2565516207800969,0.032638146972656185
89,443,11,2,64,7,0.17549999999999993,0.25656203409830713,0.0810620340983072
65,242,20,0,125,0,0.1051,0.25675722045898425,0.15165722045898425
125,574,30,3,188,6,0.22569999999999996,0.25833814697265617,0.03263814697265621
113,461,5,1,17,1,0.18529999999999996,0.2584190734863279,0.07311907348632796
109,648,39,5,233,8,0.2534286102294921,0.2584286102294921,0.0050000000000000044
113,458,5,0,16,0,0.1851,0.2586190734863279,0.07351907348632791
104,595,39,6,218,3,0.23302861022949214,0.25882861022949205,0.025799999999999906
111,576,4,2,12,6,0.22681907348632804,0.25945722045898423,0.032638146972656185
80,413,24,3,149,7,0.16549999999999995,0.26010358784993465,0.0946035878499347
95,641,18,5,111,9,0.25029828324824194,0.26029828324824195,0.010000000000000009
105,442,29,3,178,1,0.17529999999999998,0.26105722045898416,0.08575722045898418
105,440,29,0,175,0,0.1751,0.26125722045898414,0.08615722045898414
91,368,6,1,30,1,0.15029999999999996,0.2621334238688149,0.11183342386881492
121,591,31,3,199,6,0.2318286102294921,0.26222861022949207,0.030399999999999955
91,365,6,0,29,0,0.15009999999999998,0.26233342386881486,0.11223342386881488
54,202,21,1,134,1,0.0903,0.26241390680803567,0.17211390680803568
120,532,26,2,161,7,0.21162861022949214,0.2624286102294921,0.050799999999999956
54,200,21,0,133,0,0.0901,0.26261390680803565,0.17251390680803563
61,234,24,1,147,1,0.10141907348632814,0.2630485649617512,0.16162949147542308
130,635,24,4,150,9,0.24813814697265615,0.26312861022949213,0.014990463256835979
122,646,14,6,85,9,0.25313814697265613,0.26313814697265614,0.010000000000000009
109,636,39,4,224,5,0.2482286102294921,0.2636286102294921,0.01539999999999997
129,649,29,0,183,9,0.25384308906555164,0.26384308906555165,0.010000000000000009
84,510,15,3,89,6,0.20365498801337345,0.2639841892666288,0.06032920125325536
110,453,22,1,137,1,0.18029999999999996,0.2641577995300291,0.08385779953002914
110,450,22,0,136,0,0.18009999999999998,0.2643577995300291,0.0842577995300291
61,230,23,0,139,0,0.10010000000000001,0.2644572204589843,0.16435722045898427
97,570,31,2,198,6,0.22514942092895499,0.26554942092895495,0.040399999999999964
100,656,31,6,202,9,0.2558999999999999,0.2658999999999999,0.010000000000000009
69,264,10,0,53,0,0.11510000000000001,0.26675722045898426,0.15165722045898425
118,658,5,4,28,9,0.257019073486328,0.26701907348632803,0.010000000000000009
132,647,24,4,150,9,0.2531476837158202,0.26813814697265614,0.01499046325683595
79,521,15,3,89,6,0.20701192092895498,0.2684600998207375,0.0614481788917825
85,338,17,1,101,1,0.14029999999999998,0.2684826517740884,0.12818265177408844
106,492,8,6,46,7,0.19549999999999995,0.26853814697265616,0.0730381469726562
125,540,30,7,192,7,0.21549999999999997,0.26853814697265616,0.053038146972656186
85,334,17,0,100,0,0.1401,0.2686826517740884,0.1285826517740884
87,352,8,2,42,1,0.14529999999999996,0.2687381469726561,0.12343814697265612
109,624,39,7,219,3,0.24302861022949213,0.26882861022949206,0.025799999999999934
133,659,20,7,132,9,0.2588606628882998,0.2688606628882998,0.010000000000000009
87,349,8,0,40,0,0.14509999999999998,0.26893814697265606,0.12383814697265608
111,547,4,3,13,7,0.21661907348632806,0.2696572204589842,0.05303814697265616
95,611,18,3,109,6,0.24009828324824195,0.27049828324824193,0.030399999999999983
86,666,15,5,91,9,0.26091810836791984,0.27091810836791985,0.010000000000000009
38,125,21,1,134,1,0.061419073486328135,0.2716989616933348,0.21027988820700666
121,533,31,5,201,7,0.21162861022949214,0.27242861022949205,0.06079999999999991
103,672,20,6,131,9,0.2629393371117001,0.2729393371117001,0.010000000000000009
38,118,23,0,139,0,0.0601,0.2730180351796629,0.2129180351796629
37,124,18,1,107,1,0.061419073486328135,0.27303576564181287,0.21161669215548473
37,119,25,0,151,0,0.0601,0.27435483912814096,0.21425483912814097
130,607,19,7,120,6,0.23681907348632805,0.2744572204589843,0.037638146972656245
129,621,27,2,167,6,0.24249536743164038,0.27516216255187975,0.03266679512023937
120,503,29,4,179,1,0.20029999999999998,0.2760762939453123,0.07577629394531232
100,606,31,2,198,6,0.23569999999999994,0.2760999999999999,0.040399999999999964
120,500,29,0,175,0,0.2001,0.2762762939453123,0.07617629394531228
77,431,18,4,110,7,0.1719108632829454,0.2766221958017859,0.10471133251884049
118,632,8,3,43,6,0.24569999999999992,0.27833814697265613,0.03263814697265621
106,441,8,1,41,1,0.17529999999999998,0.27873814697265614,0.10343814697265616
106,438,8,0,40,0,0.1751,0.2789381469726561,0.10383814697265611
132,618,19,6,119,6,0.24182861022949212,0.27945722045898425,0.037628610229492127
122,623,14,3,82,6,0.24293814697265614,0.27969999999999984,0.036761853027343694
89,353,11,1,63,1,0.14529999999999996,0.2799930511474607,0.13469305114746075
89,350,11,0,62,0,0.14509999999999998,0.2801930511474607,0.1350930511474607
86,588,15,3,89,6,0.23071810836791984,0.28111810836791984,0.0504
102,691,24,4,150,9,0.27135719807942693,0.28135719807942694,0.010000000000000009
158,695,19,2,123,8,0.2716190734863281,0.2816190734863281,0.010000000000000009
101,509,32,2,206,7,0.2033720573849148,0.2817774311701454,0.07840537378523063
115,696,2,4,4,9,0.2736331116994221,0.2836331116994221,0.010000000000000009
88,473,24,3,149,7,0.1897761853027343,0.28389284863789854,0.09411666333516425
129,593,27,3,168,7,0.2322953674316404,0.28536216255187974,0.053066795120239346
97,527,31,4,200,7,0.2102247104644775,0.28574942092895494,0.07552471046447745
137,707,31,7,203,9,0.27701907348632804,0.28701907348632805,0.010000000000000009
121,504,29,1,176,1,0.20029999999999998,0.2871953674316403,0.08689536743164034
121,501,29,0,175,0,0.2001,0.2873953674316403,0.08729536743164029
131,708,33,3,210,9,0.27748596269113035,0.28748596269113036,0.010000000000000009
126,709,3,3,8,9,0.2781287413279215,0.2881287413279215,0.010000000000000009
118,539,8,6,46,7,0.21549999999999994,0.2885381469726561,0.07303814697265618
132,590,19,0,121,7,0.23162861022949213,0.2902316451691923,0.05860303493970018
111,462,6,1,30,1,0.18529999999999996,0.2909762939453123,0.10567629394531236
100,541,31,4,200,7,0.21549999999999997,0.2910247104644774,0.07552471046447745
111,459,6,0,29,0,0.1851,0.2911762939453123,0.10607629394531232
158,669,19,5,118,5,0.2614190734863281,0.2918190734863281,0.030399999999999983
158,663,23,0,139,0,0.2601,0.29313814697265617,0.03303814697265617
116,720,3,4,9,9,0.2836331116994221,0.29363311169942213,0.010000000000000009
130,575,19,1,122,7,0.22661907348632807,0.2938144409179686,0.06719536743164053
115,670,7,3,37,6,0.262314038213094,0.2949521851857502,0.03263814697265621
140,731,31,6,202,9,0.28701907348632805,0.29701907348632806,0.010000000000000009
131,682,33,1,208,6,0.26728596269113036,0.29768596269113035,0.030399999999999983
119,515,7,5,39,7,0.20549999999999996,0.29778684585571275,0.09228684585571278
137,681,30,4,189,6,0.26569999999999994,0.29833814697265615,0.03263814697265621
82,472,18,4,110,7,0.18961907348632806,0.2985386347803443,0.10891956129401625
118,489,8,2,42,1,0.19529999999999997,0.2987381469726561,0.10343814697265613
118,486,8,0,40,0,0.1951,0.2989381469726561,0.10383814697265609
133,617,20,3,128,6,0.24069999999999994,0.2990879924432663,0.05838799244326634
132,558,19,1,114,1,0.22142861022949215,0.3004316451691923,0.07900303493970015
80,302,24,1,147,1,0.13029999999999997,0.30085258327229797,0.170552583272298
80,298,24,0,146,0,0.1301,0.30105258327229795,0.17095258327229795
102,667,24,2,148,6,0.26115719807942694,0.30155719807942694,0.04039999999999999
132,551,23,0,139,0,0.2201,0.3017507186555204,0.0816507186555204
127,733,14,6,85,9,0.289842960611979,0.3024525878906248,0.012609627278645785
101,410,32,1,205,1,0.16529999999999997,0.3028161467552181,0.13751614675521814
101,407,32,0,204,0,0.1651,0.3030161467552181,0.1379161467552181
129,546,29,2,177,1,0.21641907348632808,0.30306247207641573,0.08664339859008766
156,747,3,3,8,9,0.29313814697265617,0.3031381469726562,0.010000000000000009
142,748,6,4,33,9,0.29313814697265617,0.3031381469726562,0.010000000000000009
103,622,20,3,128,6,0.2427393371117001,0.30398633522251667,0.061246998110816575
130,545,19,4,117,1,0.21641907348632808,0.3040144409179686,0.08759536743164051
129,537,33,0,207,0,0.21509999999999999,0.3043815455627438,0.08928154556274384
122,559,11,2,64,7,0.22161907348632806,0.3046631017049151,0.08304402821858706
130,535,25,0,151,0,0.21509999999999999,0.3053335144042967,0.0902335144042967
84,387,15,4,90,7,0.15919412353515622,0.307605236583286,0.14841111304812976
140,704,30,5,190,6,0.27569999999999995,0.30833814697265616,0.03263814697265621
138,784,39,5,241,10,0.3034286102294921,0.3084286102294921,0.0050000000000000044
138,783,39,2,238,9,0.3034286102294921,0.3084286102294921,0.0050000000000000044
126,660,7,4,38,6,0.2595618530273437,0.3094478148142496,0.04988596178690591
112,767,24,4,150,9,0.2994605495198566,0.30946054951985663,0.010000000000000009
155,764,14,6,85,9,0.29723333333333324,0.309842960611979,0.012609627278645785
146,775,15,5,91,9,0.3008999999999999,0.3108999999999999,0.010000000000000009
70,268,21,1,134,1,0.11641907348632814,0.31112629016405924,0.1947072166777311
145,776,20,7,132,9,0.3017469981108165,0.3117469981108165,0.010000000000000009
96,388,12,0,66,0,0.1601,0.3117572204589842,0.1516572204589842
79,397,15,4,90,7,0.16161907348632806,0.31208114713739465,0.1504620736510666
117,778,18,6,112,9,0.30218292618131265,0.31218292618131266,0.010000000000000009
116,671,7,4,38,6,0.262314038213094,0.3121999999999999,0.04988596178690591
70,266,25,0,151,0,0.11510000000000001,0.31244536365038733,0.19734536365038732
144,803,39,4,232,7,0.3082286102294921,0.3132286102294921,0.0050000000000000044
156,718,3,1,6,6,0.2829381469726562,0.31333814697265616,0.030399999999999983
141,805,39,6,234,8,0.3084286102294921,0.3134286102294921,0.0050000000000000044
138,766,39,1,229,6,0.2982286102294921,0.31362861022949207,0.01539999999999997
147,785,16,7,99,9,0.30365404154459624,0.31365404154459625,0.010000000000000009
142,717,4,2,12,6,0.28181907348632806,0.3144572204589843,0.03263814697265621
122,502,12,2,68,1,0.20029999999999998,0.3159821751912432,0.11568217519124324
95,520,18,4,110,7,0.20698811981201165,0.31617469198630277,0.10918657217429112
161,795,25,6,157,9,0.30617629394531237,0.3161762939453124,0.010000000000000009
122,499,12,0,66,0,0.2001,0.3161821751912432,0.1160821751912432
154,797,26,4,163,9,0.3066116410785249,0.3166116410785249,0.010000000000000009
162,798,31,6,202,9,0.3066116410785249,0.3166116410785249,0.010000000000000009
77,291,18,1,107,1,0.12529999999999997,0.31682219580178583,0.19152219580178587
77,288,18,0,106,0,0.1251,0.3170221958017858,0.19192219580178582
139,788,31,7,203,9,0.3047859305114745,0.3172504014205933,0.012464470909118786
119,488,7,1,35,1,0.19529999999999997,0.31798684585571274,0.12268684585571277
119,485,7,0,34,0,0.1951,0.3181868458557127,0.12308684585571272
88,354,24,1,147,1,0.14529999999999996,0.31828278229649837,0.1729827822964984
144,820,39,7,235,8,0.3134286102294921,0.3184286102294921,0.0050000000000000044
88,351,24,0,146,0,0.14509999999999998,0.31848278229649835,0.17338278229649837
137,655,30,0,193,7,0.25549999999999995,0.31853814697265614,0.0630381469726562
141,782,39,5,225,5,0.3032286102294921,0.31862861022949207,0.01539999999999997
138,746,39,3,223,4,0.2930286102294921,0.31882861022949205,0.025799999999999934
131,633,32,2,206,7,0.24596688920480225,0.31900503617745846,0.0730381469726562
112,710,24,2,148,6,0.2792605495198566,0.3196605495198566,0.04039999999999999
146,741,15,3,89,6,0.2906999999999999,0.3210999999999999,0.030399999999999983
128,812,24,4,150,9,0.3111762939453123,0.32117629394531233,0.010000000000000009
104,424,13,0,73,0,0.1701,0.3217572204589842,0.1516572204589842
86,455,15,4,90,7,0.18084768371582027,0.3219328713970419,0.14108518768122164
117,744,18,2,108,6,0.29198292618131266,0.32238292618131265,0.030399999999999983
102,580,24,3,149,7,0.22727618530273433,0.3224970729660658,0.09522088766333145
127,683,14,3,82,6,0.2683096272786457,0.3226525878906248,0.054342960611979074
168,819,26,5,164,9,0.3131381469726562,0.3231381469726562,0.010000000000000009
144,804,39,6,226,5,0.3082286102294921,0.3236286102294921,0.01539999999999997
141,765,39,0,220,3,0.2980286102294921,0.32382861022949205,0.025799999999999934
147,749,16,3,95,6,0.29345404154459626,0.32385404154459624,0.030399999999999983
125,514,30,1,186,1,0.20529999999999998,0.32420196166992177,0.11890196166992179
125,513,30,0,185,0,0.2051,0.32440196166992175,0.11930196166992174
156,693,2,3,3,7,0.2716190734863281,0.32465722045898426,0.053038146972656186
142,694,4,4,14,7,0.2716190734863281,0.32465722045898426,0.053038146972656186
143,816,31,7,203,9,0.31232145960235574,0.32478593051147453,0.012464470909118786
183,825,30,2,195,10,0.31549999999999995,0.32549999999999996,0.010000000000000009
169,826,33,4,211,9,0.31549999999999995,0.32549999999999996,0.010000000000000009
151,828,3,4,9,9,0.31563814697265613,0.32563814697265614,0.010000000000000009
155,703,14,3,82,6,0.27569999999999995,0.3263477742513019,0.05064777425130196
183,829,28,4,173,9,0.31661907348632806,0.32661907348632807,0.010000000000000009
172,830,5,2,26,9,0.3170190734863281,0.3270190734863281,0.010000000000000009
139,752,31,3,199,6,0.2945859305114745,0.3274504014205933,0.03286447090911876
161,753,19,7,120,6,0.29485722045898427,0.3274953674316405,0.03263814697265621
84,337,15,2,88,1,0.14029999999999998,0.327805236583286,0.187505236583286
162,758,30,2,187,6,0.29528303084903273,0.32793814697265616,0.03265511612362343
154,759,30,3,188,6,0.29528303084903273,0.32794025130801707,0.03265722045898434
84,333,15,0,86,0,0.1401,0.32800523658328595,0.18790523658328595
152,848,39,0,236,9,0.3234286102294921,0.3284286102294921,0.0050000000000000044
152,849,39,3,239,10,0.3234286102294921,0.3284286102294921,0.0050000000000000044
140,680,30,6,191,7,0.26549999999999996,0.32853814697265615,0.0630381469726562
144,781,39,5,217,2,0.3030286102294921,0.32882861022949206,0.025799999999999934
153,833,20,6,131,9,0.3192267771480499,0.32922677714804993,0.010000000000000009
109,451,24,0,146,0,0.18009999999999998,0.3317572204589842,0.15165722045898422
133,587,20,5,130,7,0.23049999999999995,0.33193783791387627,0.10143783791387631
145,690,20,3,128,6,0.27069999999999994,0.3319469981108165,0.061246998110816575
149,845,28,5,174,9,0.322019073486328,0.33201907348632803,0.010000000000000009
128,768,19,6,119,6,0.2998572204589842,0.33249536743164043,0.03263814697265621
103,594,20,4,129,7,0.2325393371117001,0.33296042934744685,0.10042109223574675
136,847,3,3,8,9,0.3233014631398517,0.3333014631398517,0.010000000000000009
152,831,39,7,227,6,0.3182286102294921,0.3336286102294921,0.01539999999999997
168,780,26,1,160,6,0.3029381469726562,0.3337381469726562,0.030799999999999994
147,719,16,5,97,7,0.28325404154459627,0.3340540415445962,0.050799999999999956
169,794,33,1,208,6,0.30529999999999996,0.33569999999999994,0.030399999999999983
155,679,14,5,84,7,0.26549999999999996,0.3365477742513019,0.07104777425130193
143,777,31,2,198,6,0.30212145960235576,0.33691959072113026,0.0347981311187745
151,787,8,4,44,6,0.30431907348632803,0.33695722045898424,0.03263814697265621
172,800,5,4,20,6,0.3068190734863281,0.33721907348632807,0.030399999999999983
183,793,30,4,189,6,0.30529999999999996,0.3379381469726562,0.03263814697265621
183,791,30,0,185,0,0.3051,0.33813814697265615,0.03303814697265617
152,818,39,1,221,4,0.31302861022949213,0.33882861022949207,0.025799999999999934
163,861,10,0,61,9,0.3288941187540688,0.33889411875406883,0.010000000000000009
161,701,19,1,122,7,0.27549999999999997,0.339890734863281,0.06439073486328101
112,631,24,3,149,7,0.24537953674316398,0.34060042440649546,0.09522088766333148
182,869,16,6,98,9,0.3308999999999999,0.3408999999999999,0.010000000000000009
134,870,18,5,111,9,0.33119204371792105,0.34119204371792106,0.010000000000000009
175,871,3,4,9,9,0.33201907348632803,0.34201907348632804,0.010000000000000009
128,732,19,0,121,7,0.28908279574877616,0.3426953674316404,0.05361257168286426
102,428,24,1,147,1,0.17029999999999998,0.3426970729660658,0.1723970729660658
193,872,30,1,194,8,0.33274768371582025,0.34274768371582026,0.010000000000000009
102,426,24,0,146,0,0.1701,0.34289707296606575,0.17279707296606575
149,811,30,5,190,6,0.3106999999999999,0.34333814697265613,0.03263814697265621
136,815,7,3,37,6,0.3119823896535236,0.3446205366261798,0.03263814697265621
168,745,26,3,162,7,0.2927381469726562,0.3451286102294921,0.052390463256835884
115,560,7,5,39,7,0.22163814697265619,0.3455912952974106,0.12395314832475443
169,754,33,2,209,7,0.2951,0.34589999999999993,0.050799999999999956
95,380,18,1,107,1,0.15641907348632808,0.3464865679401735,0.19006749445384544
155,653,14,2,81,1,0.25529999999999997,0.3467477742513019,0.0914477742513019
155,650,14,0,79,0,0.2551,0.34694777425130185,0.09184777425130186
156,668,2,1,1,1,0.2614190734863281,0.34713583068847637,0.08571675720214827
172,763,5,0,24,7,0.2966190734863281,0.34741907348632806,0.050799999999999956
95,376,23,0,139,0,0.1551,0.3478056414265016,0.19270564142650162
162,723,30,7,192,7,0.2850667572021483,0.34813814697265616,0.06307138977050786
167,900,39,2,230,7,0.34322861022949214,0.34822861022949214,0.0050000000000000044
156,662,3,0,5,0,0.2601,0.34845490417480446,0.08835490417480446
176,887,31,6,202,9,0.3384599880963277,0.3484599880963277,0.010000000000000009
151,751,8,6,46,7,0.29411907348632804,0.3488144409179685,0.05469536743164044
163,832,10,3,56,6,0.31869411875406883,0.3490941187540688,0.030399999999999983
164,888,15,5,91,9,0.339219290121102,0.34921929012110203,0.010000000000000009
179,889,28,4,173,9,0.33925722045898427,0.3492572204589843,0.010000000000000009
161,677,19,2,115,1,0.2653,0.35009073486328096,0.08479073486328098
124,893,18,6,112,9,0.34017014472316803,0.35017014472316804,0.010000000000000009
161,674,19,0,113,0,0.2651,0.35029073486328094,0.08519073486328094
153,760,20,3,128,6,0.29569999999999996,0.35057546187143473,0.05487546187143477
182,840,16,2,94,6,0.32069999999999993,0.3510999999999999,0.030399999999999983
154,684,32,2,206,7,0.2700572204589842,0.35122627153396574,0.08116905107498151
146,644,15,4,90,7,0.25049999999999994,0.3514582178492604,0.10095821784926046
112,466,24,1,147,1,0.18641907348632808,0.3517487486862806,0.1653296751999525
127,620,11,2,64,7,0.24220481363932286,0.35264795532226534,0.11044314168294248
112,460,25,0,151,0,0.1851,0.3530678221726087,0.1679678221726087
167,920,39,5,233,8,0.3484286102294921,0.3534286102294921,0.0050000000000000044
188,902,26,4,163,9,0.34353814697265617,0.3535381469726562,0.010000000000000009
193,842,27,1,166,5,0.32142861022949215,0.35406675720214836,0.03263814697265621
150,906,31,7,203,9,0.3451859305114745,0.3551859305114745,0.010000000000000009
193,836,33,0,207,0,0.3201,0.35538583068847646,0.03528583068847646
134,841,18,3,109,6,0.32099204371792106,0.35608291243956064,0.03509086872163958
126,556,7,5,39,7,0.22049999999999995,0.3568365109108818,0.13633651091088186
143,743,31,4,200,7,0.29192145960235577,0.35711959072113025,0.06519813111877448
169,715,29,1,176,1,0.2803,0.35721907348632803,0.07691907348632804
169,712,29,0,175,0,0.2801,0.357419073486328,0.077319073486328
139,721,31,5,201,7,0.28438593051147454,0.35753512594041376,0.07314919542893922
175,844,3,1,6,6,0.32181907348632804,0.357619073486328,0.03579999999999994
172,730,5,2,18,1,0.2864190734863281,0.35761907348632804,0.07119999999999993
201,917,13,4,77,8,0.3477381469726562,0.3577381469726562,0.010000000000000009
116,561,7,5,39,7,0.22163814697265619,0.358487822022332,0.1368496750496758
167,901,39,4,224,5,0.34322861022949214,0.3586286102294921,0.01539999999999997
172,724,3,0,5,0,0.2851,0.35893814697265614,0.07383814697265612
160,921,9,4,51,9,0.34906688112894685,0.35906688112894686,0.010000000000000009
176,860,31,3,199,6,0.3282599880963277,0.3593542992918826,0.03109431119555489
162,692,29,4,179,1,0.2714190734863281,0.35945722045898426,0.08803814697265616
149,739,30,0,193,7,0.2904999999999999,0.35999340576171857,0.06949340576171864
131,538,32,1,205,1,0.21529999999999996,0.3600266937538427,0.14472669375384276
131,536,32,0,204,0,0.21509999999999999,0.3602266937538427,0.1451266937538427
124,863,18,2,108,6,0.32997014472316805,0.36037014472316803,0.030399999999999983
179,859,30,2,187,6,0.32793814697265616,0.3605762939453124,0.03263814697265621
162,687,27,0,165,0,0.2701,0.36077629394531235,0.09067629394531235
148,929,24,4,150,9,0.3512088737996417,0.3612088737996417,0.010000000000000009
182,810,16,4,96,7,0.31049999999999994,0.3612999999999999,0.050799999999999956
82,322,21,1,134,1,0.13529999999999998,0.36146750568058483,0.22616750568058486
82,319,21,0,133,0,0.1351,0.3616675056805848,0.2265675056805848
159,932,26,5,164,9,0.3517952587890624,0.36179525878906243,0.010000000000000009
97,392,31,1,197,1,0.16029999999999997,0.36193854119437063,0.20163854119437066
97,390,31,0,196,0,0.1601,0.3621385411943706,0.20203854119437062
133,553,20,1,126,1,0.22029999999999997,0.3621469981108165,0.14184699811081655
145,645,20,5,130,7,0.25049999999999994,0.3621469981108165,0.11164699811081658
133,550,20,0,125,0,0.2201,0.3623469981108165,0.1422469981108165
117,637,18,4,110,7,0.2500760384105635,0.3625829261813126,0.11250688777074913
79,301,17,1,101,1,0.13029999999999997,0.3631146088896857,0.23281460888968575
79,297,17,0,100,0,0.1301,0.3633146088896857,0.2332146088896857
167,886,39,3,215,2,0.33802861022949215,0.3638286102294921,0.025799999999999934
150,874,31,2,198,6,0.3330522703018188,0.3653859305114745,0.032333660209655724
168,716,28,3,172,1,0.2814190734863281,0.36645722045898427,0.08503814697265616
168,713,33,0,207,0,0.2801,0.36777629394531236,0.08767629394531234
164,862,15,3,89,6,0.32901929012110204,0.36778036239294365,0.03876107227184161
100,409,31,1,197,1,0.16529999999999997,0.36796744352068206,0.20266744352068208
100,406,31,0,196,0,0.1651,0.36816744352068204,0.20306744352068204
175,809,2,2,2,7,0.31049999999999994,0.36893814697265614,0.0584381469726562
201,882,17,2,102,5,0.3364190734863281,0.3690572204589843,0.03263814697265621
181,947,33,3,210,9,0.35928925207455903,0.36928925207455904,0.010000000000000009
201,877,14,0,79,0,0.3351,0.3703762939453124,0.0352762939453124
160,885,7,4,38,6,0.33774780764261875,0.37038595461527496,0.03263814697265621
153,702,20,4,129,7,0.27549999999999997,0.37077546187143473,0.09527546187143476
179,801,30,6,191,7,0.30773814697265617,0.37077629394531236,0.0630381469726562
163,750,11,2,64,7,0.29373101704915355,0.3711581132676864,0.07742709621853283
148,898,24,2,148,6,0.34100887379964173,0.3714088737996417,0.030399999999999983
136,661,7,5,39,7,0.2597345820109048,0.3714560366728039,0.11172145466189909
182,773,16,1,93,1,0.30029999999999996,0.3714999999999999,0.07119999999999993
197,946,20,7,132,9,0.35921444091796856,0.37152070130024234,0.012306260382273781
135,955,18,5,111,9,0.36159204371792103,0.37159204371792104,0.010000000000000009
146,615,15,1,87,1,0.24029999999999996,0.3716582178492604,0.13135821784926044
182,770,16,0,92,0,0.3001,0.37169999999999986,0.07159999999999989
146,612,15,0,86,0,0.24009999999999998,0.3718582178492604,0.1317582178492604
199,957,6,3,32,9,0.36201907348632806,0.37201907348632807,0.010000000000000009
170,958,3,3,8,9,0.362419073486328,0.372419073486328,0.010000000000000009
154,657,29,3,178,1,0.2564190734863281,0.37254534502029385,0.11612627153396576
159,896,30,3,188,6,0.3404761853027343,0.37311433227539054,0.03263814697265621
177,974,39,4,240,10,0.3684286102294921,0.3734286102294921,0.0050000000000000044
177,973,39,1,237,9,0.3684286102294921,0.3734286102294921,0.0050000000000000044
154,652,27,0,165,0,0.2551,0.37386441850662194,0.11876441850662195
137,573,30,1,186,1,0.22529999999999997,0.3745549625244139,0.14925496252441392
137,569,30,0,185,0,0.2251,0.37475496252441387,0.14965496252441388
86,339,17,1,101,1,0.14029999999999998,0.3754292642142448,0.2351292642142448
166,968,20,6,131,9,0.3655515222758943,0.37555152227589433,0.010000000000000009
86,335,17,0,100,0,0.1401,0.37562926421424475,0.23552926421424475
188,873,26,1,160,6,0.33293814697265617,0.37570149468845787,0.0427633477158017
202,971,14,6,85,9,0.36701907348632806,0.37701907348632807,0.010000000000000009
126,529,7,2,36,1,0.21029999999999996,0.3770365109108818,0.16673651091088185
126,524,7,0,34,0,0.21009999999999998,0.3772365109108818,0.1671365109108818
178,972,16,7,99,9,0.36793351440429667,0.3779335144042967,0.010000000000000009
177,959,39,0,228,6,0.3632286102294921,0.37862861022949207,0.01539999999999997
203,976,9,5,52,9,0.3686762939453123,0.3786762939453123,0.010000000000000009
157,977,31,6,202,9,0.3688599880963277,0.3788599880963277,0.010000000000000009
165,970,20,7,132,9,0.3669081805356948,0.3792144409179686,0.012306260382273781
176,802,31,5,201,7,0.30800030952453594,0.3795542992918826,0.07155398976734667
180,979,15,5,91,9,0.369619290121102,0.379619290121102,0.010000000000000009
138,582,8,0,40,0,0.2301,0.3817572204589842,0.1516572204589842
135,914,18,3,109,6,0.34670117499628145,0.381792043717921,0.03509086872163958
179,762,28,1,170,1,0.29641907348632807,0.38209536743164046,0.0856762939453124
170,915,3,1,6,6,0.34681907348632807,0.382619073486328,0.03579999999999994
136,571,6,1,30,1,0.22529999999999997,0.382775110159132,0.15747511015913204
117,490,18,1,107,1,0.19529999999999997,0.3827829261813126,0.18748292618131263
197,918,19,7,120,6,0.34789536743164046,0.38283977478657044,0.034944407354929985
127,530,11,1,63,1,0.21029999999999996,0.38284795532226534,0.17254795532226538
136,567,6,0,29,0,0.2251,0.382975110159132,0.157875110159132
117,487,18,0,106,0,0.1951,0.3829829261813126,0.18788292618131258
127,525,11,0,62,0,0.21009999999999998,0.3830479553222653,0.17294795532226534
159,837,30,7,192,7,0.32027618530273433,0.3833143322753905,0.0630381469726562
199,927,4,2,12,6,0.35069999999999996,0.38333814697265617,0.03263814697265621
179,757,33,0,207,0,0.2951,0.38341444091796856,0.08831444091796858
177,945,39,2,222,4,0.3580286102294921,0.38382861022949205,0.025799999999999934
174,989,29,1,184,9,0.3751,0.3851,0.010000000000000009
140,585,30,1,186,1,0.23029999999999998,0.38546219958496075,0.15516219958496077
150,817,31,4,200,7,0.3128522703018188,0.3855859305114745,0.07273366020965571
140,583,30,0,185,0,0.2301,0.38566219958496073,0.15556219958496073
147,634,17,1,101,1,0.24641907348632808,0.38575962605287983,0.13934055256655176
188,846,26,2,161,7,0.3227381469726562,0.38590149468845786,0.06316334771580168
142,603,9,1,48,1,0.23529999999999998,0.38597629394531235,0.15067629394531237
142,600,9,0,47,0,0.2351,0.38617629394531233,0.15107629394531233
194,997,26,4,163,9,0.37670149468845787,0.3867014946884579,0.010000000000000009
141,599,9,0,47,0,0.2351,0.3867572204589842,0.1516572204589842
195,998,33,4,211,9,0.37701907348632807,0.3870190734863281,0.010000000000000009
147,626,13,0,73,0,0.24509999999999998,0.3870786995392079,0.14197869953920794
202,941,14,3,82,6,0.3568190734863281,0.38721907348632806,0.030399999999999983
148,838,24,3,149,7,0.3202774483061492,0.38771774759928346,0.06744029929313428
134,700,18,4,110,7,0.2753156349798602,0.3878579158749986,0.1125422808951384
187,1021,39,6,234,8,0.3834286102294921,0.3884286102294921,0.0050000000000000044
157,944,31,3,199,6,0.3579656769007728,0.3890599880963277,0.03109431119555489
178,940,13,2,75,6,0.35661444091796857,0.3892525878906248,0.03263814697265621
103,427,21,1,134,1,0.17029999999999998,0.3892872819239935,0.2189872819239935
103,425,21,0,133,0,0.1701,0.38948728192399346,0.21938728192399345
181,919,33,1,208,6,0.34795416278044355,0.38948925207455903,0.04153508929411548
180,928,15,3,89,6,0.3510582178492604,0.389819290121102,0.03876107227184161
203,943,8,5,45,6,0.3573572204589842,0.3899953674316404,0.03263814697265621
124,722,18,4,110,7,0.28455504814949234,0.3900015320168023,0.10544648386730998
173,1006,20,6,131,9,0.38020096007671045,0.39020096007671046,0.010000000000000009
160,729,7,5,39,7,0.2855,0.39042291780175076,0.10492291780175078
223,1011,12,6,72,9,0.38049999999999995,0.39049999999999996,0.010000000000000009
176,738,29,2,177,1,0.29029999999999995,0.3908733727782107,0.10057337277821077
176,735,29,0,175,0,0.29009999999999997,0.3910733727782107,0.10097337277821072
223,1015,13,5,78,10,0.3816286102294921,0.39162861022949214,0.010000000000000009
144,614,26,0,159,0,0.24009999999999998,0.3917572204589842,0.15165722045898422
145,616,20,2,127,1,0.24029999999999996,0.3923469981108165,0.15204699811081657
145,613,20,0,125,0,0.24009999999999998,0.3925469981108165,0.15244699811081652
212,1018,18,6,112,9,0.3831381469726562,0.3931381469726562,0.010000000000000009
190,1034,39,5,233,8,0.38843814697265616,0.39343814697265617,0.0050000000000000044
191,1033,39,7,235,8,0.38843814697265616,0.39343814697265617,0.0050000000000000044
199,897,4,3,13,7,0.34049999999999997,0.39353814697265616,0.053038146972656186
187,1001,39,5,225,5,0.3782286102294921,0.3936286102294921,0.01539999999999997
163,688,11,1,63,1,0.2703,0.3951880606192127,0.1248880606192127
163,685,11,0,62,0,0.2701,0.39538806061921267,0.12528806061921266
197,879,19,1,122,7,0.33549999999999996,0.3955795495731409,0.060079549573140933
174,960,30,4,189,6,0.3637381469726561,0.3964190734863281,0.03268092651367199
135,786,18,4,110,7,0.30408279574877617,0.3969744332268746,0.09289163747809842
188,813,28,2,171,1,0.3114190734863281,0.39722056817478596,0.08580149468845788
128,531,21,1,134,1,0.21029999999999996,0.3973997303274881,0.18709973032748814
202,912,14,4,83,7,0.3466190734863281,0.39741907348632804,0.050799999999999956
128,526,21,0,133,0,0.21009999999999998,0.3975997303274881,0.1874997303274881
226,1031,30,1,194,8,0.3877381469726562,0.3977381469726562,0.010000000000000009
134,557,18,1,107,1,0.22142861022949215,0.3980579158749986,0.17662930564550647
195,942,33,1,208,6,0.3568190734863281,0.39835416278044355,0.04153508929411548
192,1054,39,5,241,10,0.39343814697265617,0.39843814697265617,0.0050000000000000044
192,1053,39,2,238,9,0.39343814697265617,0.39843814697265617,0.0050000000000000044
188,807,26,0,159,0,0.3101,0.39853964166111405,0.08843964166111407
191,1020,39,4,224,5,0.3832381469726562,0.39863814697265615,0.01539999999999997
190,1019,39,6,226,5,0.3832381469726562,0.39863814697265615,0.01539999999999997
134,552,23,0,139,0,0.2201,0.3993769893613267,0.17927698936132672
160,676,7,1,35,1,0.2653,0.40062291780175074,0.13532291780175076
160,673,7,0,34,0,0.2651,0.4008229178017507,0.13572291780175072
153,654,20,1,126,1,0.25529999999999997,0.40097546187143474,0.14567546187143476
186,1043,26,5,164,9,0.39117479925685444,0.40117479925685445,0.010000000000000009
153,651,20,0,125,0,0.2551,0.4011754618714347,0.14607546187143472
204,1046,9,3,50,9,0.3916190734863281,0.4016190734863281,0.010000000000000009
171,1047,31,7,203,9,0.39170357142857143,0.40170357142857144,0.010000000000000009
152,639,16,0,92,0,0.2501,0.4017572204589842,0.15165722045898422
170,884,3,2,7,7,0.3366190734863281,0.402819073486328,0.06619999999999993
223,984,12,5,71,6,0.37029999999999996,0.40303483052065336,0.0327348305206534
223,981,12,0,66,0,0.3701,0.40323483052065334,0.03313483052065336
115,477,9,1,48,1,0.19029999999999997,0.40342135631066767,0.2131213563106677
115,474,9,0,47,0,0.1901,0.40362135631066764,0.21352135631066765
192,1032,39,1,229,6,0.3882381469726562,0.40363814697265615,0.01539999999999997
199,867,4,1,11,1,0.3303,0.40373814697265614,0.07343814697265616
187,988,39,6,218,3,0.37302861022949213,0.40382861022949207,0.03079999999999994
190,999,39,7,219,3,0.3780381469726562,0.40383814697265613,0.025799999999999934
191,1000,39,0,220,3,0.3780381469726562,0.40383814697265613,0.025799999999999934
199,864,4,0,10,0,0.3301,0.4039381469726561,0.07383814697265612
212,987,19,6,119,6,0.3718190734863281,0.4044572204589843,0.03263814697265621
151,642,9,1,48,1,0.25029999999999997,0.4055701200577062,0.15527012005770624
166,880,20,3,128,6,0.3356122410975864,0.4057515222758943,0.07013928117830787
151,638,9,0,47,0,0.2501,0.4057701200577062,0.1556701200577062
197,853,19,3,116,1,0.3253,0.4057795495731409,0.08047954957314091
197,851,19,0,113,0,0.3251,0.40597954957314086,0.08087954957314086
157,858,31,5,201,7,0.32788095238095233,0.4062772431364508,0.07839629075549848
174,916,30,0,193,7,0.3470828881835937,0.4066190734863281,0.05953618530273441
194,934,26,1,160,6,0.35413814697265616,0.4069014946884579,0.05276334771580171
184,1064,3,4,9,9,0.39701907348632803,0.40701907348632804,0.010000000000000009
215,1065,9,4,51,9,0.39701907348632803,0.40701907348632804,0.010000000000000009
175,737,2,1,1,1,0.29029999999999995,0.4070841959635415,0.11678419596354156
175,734,2,0,0,0,0.29009999999999997,0.4072841959635415,0.11718419596354152
202,881,14,1,80,1,0.3364190734863281,0.40761907348632803,0.07119999999999993
164,740,15,4,90,7,0.2905,0.4079803623929436,0.11748036239294363
165,883,20,3,128,6,0.3365166799374534,0.40819346803727713,0.07167678809982375
192,1017,39,3,223,4,0.3830381469726562,0.40883814697265614,0.025799999999999934
202,876,10,0,53,0,0.3351,0.4089381469726561,0.07383814697265612
226,996,27,1,166,5,0.3764190734863281,0.4090572204589843,0.03263814697265621
196,1072,16,6,98,9,0.40031546630353093,0.41031546630353094,0.010000000000000009
226,992,29,0,175,0,0.3751,0.4103762939453124,0.0352762939453124
116,478,9,1,48,1,0.19029999999999997,0.410406810609888,0.22010681060988802
178,857,11,2,64,7,0.326619073486328,0.4105716613769529,0.08395258789062487
116,475,9,0,47,0,0.1901,0.41060681060988796,0.22050681060988797
173,922,20,3,128,6,0.34980945947846903,0.41185564109019107,0.06204618161172204
171,1012,31,2,198,6,0.38150357142857144,0.4119035714285714,0.030399999999999983
221,1078,24,4,150,9,0.4020088737996417,0.4120088737996417,0.010000000000000009
204,1007,8,3,43,6,0.38029999999999997,0.4129381469726562,0.03263814697265621
200,1096,39,6,234,8,0.4084286102294921,0.4134286102294921,0.0050000000000000044
185,1085,15,5,91,9,0.4034652311197914,0.4134652311197914,0.010000000000000009
186,975,26,1,160,6,0.36861145154105274,0.41413814697265616,0.045526695431603426
212,956,19,0,121,7,0.3616190734863281,0.4146572204589843,0.053038146972656186
225,1090,5,3,27,9,0.4058999999999999,0.41589999999999994,0.010000000000000009
149,630,30,1,186,1,0.24529999999999996,0.4161018907470701,0.17080189074707014
149,628,30,0,185,0,0.24509999999999998,0.4163018907470701,0.1712018907470701
194,899,26,3,162,7,0.34274768371582026,0.41710149468845786,0.0743538109726376
184,1030,3,1,6,6,0.38681907348632805,0.41721907348632803,0.030399999999999983
215,1026,8,4,44,6,0.38569999999999993,0.41833814697265614,0.03263814697265621
206,1112,39,0,236,9,0.4134286102294921,0.4184286102294921,0.0050000000000000044
206,1113,39,3,239,10,0.4134286102294921,0.4184286102294921,0.0050000000000000044
200,1082,39,5,225,5,0.40322861022949213,0.4186286102294921,0.01539999999999997
195,913,33,2,209,7,0.3466190734863281,0.4199243413686744,0.07330526788234631
210,1079,2,4,4,9,0.4025400691303675,0.42027532462141215,0.017735255491044655
196,1038,16,3,95,6,0.39011546630353094,0.4205154663035309,0.030399999999999983
178,761,11,1,63,1,0.29641907348632807,0.4207716613769529,0.12435258789062481
178,755,13,0,73,0,0.2951,0.42209073486328097,0.126990734863281
171,954,31,4,200,7,0.36130357142857145,0.4221035714285714,0.060799999999999965
221,1048,24,2,148,6,0.3918088737996417,0.42220887379964167,0.030399999999999983
211,1086,2,4,4,9,0.40480481363932286,0.4225400691303675,0.017735255491044655
206,1095,39,7,227,6,0.40822861022949214,0.4236286102294921,0.01539999999999997
200,1051,39,6,218,3,0.39302861022949215,0.4238286102294921,0.03079999999999994
224,1114,17,5,105,9,0.41426675720214834,0.42426675720214835,0.010000000000000009
209,1116,11,3,65,9,0.41455390400698144,0.42455390400698145,0.010000000000000009
228,1117,18,5,111,9,0.4145588482728985,0.4245588482728985,0.010000000000000009
212,931,19,4,117,1,0.3514190734863281,0.4248572204589843,0.07343814697265616
166,799,20,4,129,7,0.30663814697265623,0.4259515222758943,0.11931337530323805
225,1062,5,5,21,6,0.39569999999999994,0.4260999999999999,0.030399999999999983
212,925,25,0,151,0,0.3501,0.42617629394531237,0.07607629394531235
170,714,9,1,48,1,0.2803,0.42646636369924174,0.14616636369924174
203,909,8,6,46,7,0.3455,0.42655740152994753,0.08105740152994756
243,1126,19,2,123,8,0.4166190734863281,0.4266190734863281,0.010000000000000009
170,711,9,0,47,0,0.2801,0.4266663636992417,0.1465663636992417
167,697,5,0,16,0,0.2751,0.42675722045898423,0.15165722045898422
181,855,32,2,206,7,0.326198536634445,0.4273700198642504,0.1011714832298054
184,969,3,2,7,7,0.36661907348632805,0.427419073486328,0.060799999999999965
232,1129,23,4,143,9,0.41814768371582023,0.42814768371582024,0.010000000000000009
165,779,20,5,130,7,0.30220722045898435,0.4283934680372771,0.12618624757829278
206,1081,39,1,221,4,0.40302861022949216,0.4288286102294921,0.025799999999999934
180,839,15,4,90,7,0.32049999999999995,0.42917941091874984,0.10867941091874989
189,1130,31,6,202,9,0.41965998809632765,0.42965998809632766,0.010000000000000009
173,827,20,5,130,7,0.3155,0.4302245545637341,0.1147245545637341
159,678,30,1,186,1,0.2653,0.43029155961100246,0.16499155961100248
194,843,28,3,172,1,0.32142861022949215,0.43042206286324386,0.10899345263375171
159,675,30,0,185,0,0.2651,0.43049155961100244,0.16539155961100244
196,1002,16,5,97,7,0.37991546630353096,0.4307154663035309,0.050799999999999956
148,629,21,1,134,1,0.24529999999999996,0.4307427977124378,0.18544279771243782
205,1136,15,5,91,9,0.42089999999999994,0.43089999999999995,0.010000000000000009
148,627,21,0,133,0,0.24509999999999998,0.43094279771243776,0.18584279771243778
195,854,29,3,178,1,0.3253,0.4312434148550025,0.10594341485500253
195,852,29,0,175,0,0.3251,0.4314434148550025,0.10634341485500248
210,1044,7,3,37,6,0.3912209956440394,0.43159439810774025,0.04037340246370086
194,835,26,0,159,0,0.3201,0.43174113634957195,0.11164113634957196
235,1137,14,6,85,9,0.42201907348632806,0.43201907348632806,0.010000000000000009
124,518,21,1,134,1,0.2064190734863281,0.4320880222791109,0.22566894879278282
217,1154,39,3,231,7,0.4282286102294921,0.4332286102294921,0.0050000000000000044
198,1141,33,3,210,9,0.42338458437350557,0.4333845843735056,0.010000000000000009
124,511,25,0,151,0,0.2051,0.433407095765439,0.228307095765439
214,1157,39,4,240,10,0.4284286102294921,0.4334286102294921,0.0050000000000000044
214,1156,39,1,237,9,0.4284286102294921,0.4334286102294921,0.0050000000000000044
185,1049,15,3,89,6,0.39198261555989566,0.4336652311197914,0.04168261555989572
143,604,31,1,197,1,0.23534942092895497,0.43368938963744086,0.1983399687084859
211,1055,4,2,12,6,0.39348574015299476,0.4338591426166956,0.04037340246370086
143,601,31,0,196,0,0.2351,0.43388938963744084,0.19878938963744083
204,978,2,3,3,7,0.3689179153442381,0.43408637559678814,0.06516846025255002
139,586,31,1,197,1,0.23029999999999998,0.43410492485672436,0.20380492485672438
139,584,31,0,196,0,0.2301,0.43430492485672434,0.20420492485672434
135,572,21,1,134,1,0.22529999999999997,0.4349665604017113,0.2096665604017113
135,568,21,0,133,0,0.2251,0.43516656040171126,0.21006656040171126
224,1080,13,1,74,6,0.40294768371582024,0.43558583068847645,0.03263814697265621
209,1083,13,2,75,6,0.40323483052065334,0.43587297749330955,0.03263814697265621
228,1084,19,7,120,6,0.4032397747865704,0.4358779217592266,0.03263814697265621
219,1148,20,7,132,9,0.42589999999999995,0.43589999999999995,0.010000000000000009
225,1025,5,6,22,7,0.38549999999999995,0.4362999999999999,0.050799999999999956
243,1092,19,5,118,5,0.4064190734863281,0.4368190734863281,0.030399999999999983
243,1088,18,0,106,0,0.4051,0.4381381469726562,0.03303814697265617
164,689,15,2,88,1,0.2703,0.43818036239294356,0.16788036239294357
232,1094,23,1,140,6,0.40794768371582024,0.4383476837158202,0.030399999999999983
164,686,15,0,86,0,0.2701,0.43838036239294353,0.16828036239294353
217,1169,39,7,235,8,0.4334286102294921,0.4384286102294921,0.0050000000000000044
214,1140,39,0,228,6,0.4232286102294921,0.43862861022949207,0.01539999999999997
184,792,9,1,48,1,0.30529999999999996,0.4387381469726561,0.13343814697265616
184,789,9,0,47,0,0.3051,0.4389381469726561,0.1338381469726561
189,1097,31,3,199,6,0.40945998809632767,0.43985998809632765,0.030399999999999983
210,986,7,5,39,7,0.3716190734863281,0.44179439810774024,0.07017532462141213
205,1074,15,3,89,6,0.40069999999999995,0.44238261555989566,0.04168261555989572
217,1155,39,6,226,5,0.4282286102294921,0.44362861022949207,0.01539999999999997
213,1171,33,4,211,9,0.43374312609863264,0.44374312609863265,0.010000000000000009
214,1128,39,2,222,4,0.4180286102294921,0.44382861022949205,0.025799999999999934
174,742,30,1,186,1,0.29141907348632806,0.44407961760660797,0.1526605441202799
174,736,33,0,207,0,0.29009999999999997,0.44539869109293606,0.1552986910929361
209,1052,13,3,76,7,0.39303483052065336,0.44607297749330954,0.053038146972656186
228,1042,19,1,122,7,0.39049999999999996,0.4460779217592266,0.055577921759226656
219,1124,20,3,128,6,0.41569999999999996,0.44609999999999994,0.030399999999999983
225,994,5,1,17,1,0.37529999999999997,0.4464999999999999,0.07119999999999993
225,991,5,0,16,0,0.3751,0.4466999999999999,0.07159999999999989
177,756,23,0,139,0,0.2951,0.4467572204589842,0.15165722045898422
216,1183,31,7,203,9,0.4378920270589191,0.4478920270589191,0.010000000000000009
222,1184,5,4,28,9,0.43853342386881494,0.44853342386881495,0.010000000000000009
232,1066,23,2,141,7,0.39774768371582025,0.4485476837158202,0.050799999999999956
217,1139,39,4,216,2,0.4230286102294921,0.44882861022949205,0.025799999999999934
180,772,15,1,87,1,0.30029999999999996,0.44937941091874983,0.14907941091874988
180,769,15,0,86,0,0.3001,0.4495794109187498,0.14947941091874983
215,967,8,6,46,7,0.36549999999999994,0.45123717787000844,0.08573717787000851
210,930,7,2,36,1,0.3514190734863281,0.4519943981077402,0.10057532462141211
210,924,3,0,5,0,0.3501,0.4533134715940683,0.1032134715940683
235,1108,14,3,82,6,0.41181907348632807,0.45439999999999986,0.04258092651367179
213,1138,30,5,190,6,0.42242405261230453,0.45506219958496075,0.03263814697265621
211,1016,2,2,2,7,0.38216666666666665,0.4551782161030237,0.07301154943635707
227,1206,3,3,8,9,0.4457762939453124,0.4557762939453124,0.010000000000000009
166,706,20,1,126,1,0.27643814697265623,0.4561515222758943,0.17971337530323805
228,1009,19,1,114,1,0.38029999999999997,0.4562779217592266,0.07597792175922663
228,1004,19,0,113,0,0.3801,0.4564779217592266,0.07637792175922659
166,699,23,0,139,0,0.2751,0.4574705957622224,0.18237059576222237
231,1208,24,4,150,9,0.4476781427013587,0.4576781427013587,0.010000000000000009
221,995,24,3,149,7,0.37549999999999994,0.45771005961216565,0.08221005961216571
230,1210,6,4,33,9,0.44853342386881495,0.45853342386881496,0.010000000000000009
216,1151,30,2,187,6,0.426572953572591,0.4592111005452472,0.03263814697265621
165,705,20,2,127,1,0.27643814697265623,0.4596912907163695,0.18325314374371326
222,1153,8,5,45,6,0.42721435038248684,0.45985249735514305,0.03263814697265621
232,1028,22,1,137,1,0.38642861022949215,0.4598667572021483,0.07343814697265616
189,1050,31,5,201,7,0.39224273305620455,0.46005998809632764,0.06781725504012309
150,643,31,1,197,1,0.25029999999999997,0.4607173871141322,0.21041738711413221
150,640,31,0,196,0,0.2501,0.46091738711413216,0.21081738711413217
165,698,23,0,139,0,0.2751,0.4610103642026976,0.18591036420269758
232,1024,25,0,151,0,0.3851,0.4611858306884764,0.07608583068847641
173,727,20,2,127,1,0.2853,0.46152237724282646,0.17622237724282647
266,1218,19,2,123,8,0.45161907348632807,0.4616190734863281,0.010000000000000009
173,725,20,0,125,0,0.2851,0.46172237724282644,0.17662237724282642
252,1220,26,4,163,9,0.452019073486328,0.46201907348632804,0.010000000000000009
236,1221,33,3,210,9,0.45284539045691463,0.46284539045691464,0.010000000000000009
203,878,8,1,41,1,0.3353,0.463536844211154,0.128236844211154
203,875,8,0,40,0,0.3351,0.46373684421115396,0.12863684421115396
235,1076,14,5,84,7,0.4016190734863281,0.46459999999999985,0.06298092651367176
213,1110,30,6,191,7,0.41222405261230455,0.46526219958496073,0.053038146972656186
198,1111,33,1,208,6,0.4131845843735056,0.4658397546692314,0.052655170295725806
227,1178,3,1,6,6,0.4355762939453124,0.46597629394531237,0.030399999999999983
241,1229,14,6,85,9,0.45603814697265616,0.46603814697265616,0.010000000000000009
219,1061,20,4,129,7,0.39549999999999996,0.46629999999999994,0.07079999999999997
190,821,13,0,73,0,0.3151,0.4667858306884764,0.1516858306884764
187,806,19,0,113,0,0.3101,0.46679536743164046,0.15669536743164048
191,822,21,0,133,0,0.3151,0.46679536743164046,0.15169536743164047
218,1232,31,6,202,9,0.4569491896588623,0.4669491896588623,0.010000000000000009
186,908,32,2,206,7,0.34532543131510407,0.4675076290745103,0.12218219775940625
224,1014,11,2,64,7,0.3816286102294921,0.4679367838541664,0.0863081736246743
245,1233,9,5,52,9,0.4587335144042968,0.46873351440429684,0.010000000000000009
216,1125,30,7,192,7,0.416372953572591,0.4694111005452472,0.053038146972656186
230,1181,8,3,43,6,0.43721435038248685,0.46985249735514306,0.03263814697265621
234,1240,15,5,91,9,0.4604598036395832,0.47045980363958323,0.010000000000000009
247,1243,20,6,131,9,0.4609,0.4709,0.010000000000000009
192,834,26,0,159,0,0.3201,0.4717667572021483,0.15166675720214828
266,1196,19,5,118,5,0.4414190734863281,0.47181907348632807,0.030399999999999983
254,1246,2,4,4,9,0.46201907348632804,0.47201907348632804,0.010000000000000009
196,856,17,1,101,1,0.3264190734863281,0.472034539789859,0.1456154663035309
252,1199,26,1,160,6,0.44181907348632804,0.472219073486328,0.030399999999999983
266,1190,22,0,136,0,0.4401,0.47313814697265616,0.03303814697265617
196,850,13,0,73,0,0.3251,0.4733536132761871,0.14825361327618708
185,933,15,4,90,7,0.3539619616699218,0.47386523111979134,0.11990326944986957
235,1045,14,2,81,1,0.3914190734863281,0.47479999999999983,0.08338092651367174
237,1258,33,4,211,9,0.46588925207455884,0.47588925207455884,0.010000000000000009
235,1035,10,0,53,0,0.3901,0.4761190734863279,0.08601907348632792
231,1182,24,2,148,6,0.4374781427013587,0.47622514903041413,0.03874700632905542
218,1207,31,2,198,6,0.4467491896588623,0.47714918965886227,0.030399999999999983
157,665,31,1,197,1,0.2603,0.4777209930518652,0.21742099305186524
157,664,31,0,196,0,0.2601,0.4779209930518652,0.2178209930518652
255,1263,14,6,85,9,0.4687999999999999,0.4787999999999999,0.010000000000000009
224,985,12,3,69,1,0.37029999999999996,0.47925585734049453,0.10895585734049457
224,982,12,0,66,0,0.3701,0.4794558573404945,0.10935585734049452
257,1268,31,7,203,9,0.47013964166111405,0.48013964166111406,0.010000000000000009
205,953,15,4,90,7,0.3605,0.48040326944986955,0.11990326944986957
252,1167,26,2,161,7,0.43161907348632805,0.482419073486328,0.050799999999999956
207,1276,29,7,182,9,0.4728900202047673,0.4828900202047673,0.010000000000000009
208,1277,29,0,183,9,0.4728900202047673,0.4828900202047673,0.010000000000000009
244,1295,39,5,241,10,0.4784286102294921,0.48342861022949213,0.0050000000000000044
244,1294,39,2,238,9,0.4784286102294921,0.48342861022949213,0.0050000000000000044
209,907,17,1,101,1,0.3453,0.48355267318219297,0.13825267318219298
209,903,17,0,100,0,0.3451,0.48375267318219295,0.13865267318219293
213,939,30,1,186,1,0.35529999999999995,0.48546219958496073,0.13016219958496078
213,937,30,0,185,0,0.35509999999999997,0.4856621995849607,0.13056219958496074
241,1168,14,3,82,6,0.4329381469726562,0.48623814697265616,0.05329999999999996
200,865,4,0,10,0,0.3301,0.48675722045898423,0.15665722045898423
227,1115,2,3,3,7,0.4144280653211804,0.4872953674316405,0.07286730211046005
216,951,30,1,186,1,0.36029999999999995,0.48753665006510394,0.12723665006510398
216,949,30,0,185,0,0.3601,0.4877366500651039,0.12763665006510394
221,965,24,1,147,1,0.36529999999999996,0.4879100596121656,0.12261005961216564
221,962,24,0,146,0,0.3651,0.4881100596121656,0.1230100596121656
244,1279,39,1,229,6,0.47322861022949214,0.4886286102294921,0.01539999999999997
219,964,20,1,126,1,0.36529999999999996,0.48904046325683587,0.12374046325683591
204,894,2,1,1,1,0.3403,0.4891928239610459,0.14889282396104592
219,961,20,0,125,0,0.3651,0.48924046325683584,0.12414046325683586
204,890,2,0,0,0,0.3401,0.4893928239610459,0.14929282396104587
171,728,31,1,197,1,0.2853,0.49011935023506026,0.20481935023506026
171,726,31,0,196,0,0.2851,0.49031935023506024,0.20521935023506022
257,1234,31,3,199,6,0.45993964166111406,0.49033964166111405,0.030399999999999983
234,1214,15,3,89,6,0.45025980363958323,0.4906196072791665,0.04035980363958325
270,1302,16,7,99,9,0.48089999999999994,0.49089999999999995,0.010000000000000009
247,1217,20,3,128,6,0.4507,0.4911,0.04039999999999999
215,938,8,2,42,1,0.35529999999999995,0.4914371778700084,0.13613717787000845
215,935,8,0,40,0,0.35509999999999997,0.4916371778700084,0.1365371778700084
206,891,4,0,10,0,0.3401,0.49175722045898423,0.15165722045898422
246,1304,20,7,132,9,0.4820190734863281,0.4920190734863281,0.010000000000000009
255,1205,14,3,82,6,0.44569999999999993,0.492619073486328,0.04691907348632807
207,1249,29,5,180,6,0.4626900202047673,0.4930900202047673,0.030399999999999983
208,1250,29,6,181,6,0.4626900202047673,0.4930900202047673,0.030399999999999983
265,1306,6,3,32,9,0.48313814697265617,0.4931381469726562,0.010000000000000009
252,1135,29,1,176,1,0.42029999999999995,0.4937381469726561,0.07343814697265616
244,1262,39,3,223,4,0.46802861022949216,0.4938286102294921,0.025799999999999934
252,1132,29,0,175,0,0.4201,0.4939381469726561,0.07383814697265612
248,1308,9,3,50,9,0.4843881469726562,0.4943881469726562,0.010000000000000009
272,1309,18,6,112,9,0.48478092651367183,0.49478092651367184,0.010000000000000009
273,1316,5,2,26,9,0.48589999999999994,0.49589999999999995,0.010000000000000009
259,1317,12,6,72,9,0.4859675745646157,0.4959675745646157,0.010000000000000009
218,1180,31,4,200,7,0.4365491896588623,0.49734918965886227,0.060799999999999965
185,796,17,1,101,1,0.3064190734863281,0.4979737607981439,0.19155468731181585
253,1333,39,5,233,8,0.4934286102294921,0.4984286102294921,0.0050000000000000044
185,790,13,0,73,0,0.3051,0.499292834284472,0.19419283428447204
245,1186,4,2,12,6,0.4390572204589843,0.5000525878906249,0.06099536743164058
205,895,15,2,88,1,0.3403,0.5006032694498695,0.16030326944986956
205,892,15,0,86,0,0.3401,0.5008032694498695,0.1607032694498695
240,1328,15,5,91,9,0.4908598036395832,0.5008598036395832,0.009999999999999953
239,1315,24,4,150,9,0.48569852763148913,0.5008754636701361,0.015176936038647004
270,1272,16,2,94,6,0.47069999999999995,0.5010999999999999,0.030399999999999927
236,1149,33,1,208,6,0.4262541627804435,0.5011856175178824,0.0749314547374389
254,1195,4,2,12,6,0.4406999999999999,0.502242960611979,0.061542960611979114
255,1177,14,4,83,7,0.43549999999999994,0.5028190734863279,0.06731907348632798
253,1321,39,4,224,5,0.4882286102294921,0.503628610229492,0.015399999999999914
257,1187,31,5,201,7,0.43973964166111407,0.5039233065438503,0.06418366488273625
265,1275,7,4,38,6,0.47181907348632807,0.5044572204589842,0.03263814697265616
251,1335,6,4,33,9,0.494878867594401,0.5048788675944009,0.009999999999999953
272,1282,18,2,108,6,0.47458092651367184,0.5049809265136718,0.030399999999999927
222,1041,8,6,46,7,0.39049999999999996,0.5051557366265188,0.11465573662651884
249,1339,33,3,210,9,0.49515930054729584,0.5051593005472959,0.010000000000000009
233,1326,24,4,150,9,0.4905215915928421,0.5056985276314891,0.01517693603864706
248,1278,8,4,44,6,0.4730690734863281,0.5057072204589843,0.03263814697265621
246,1245,20,3,128,6,0.4618190734863281,0.5059321394389859,0.04411306595265774
273,1290,5,4,20,6,0.47569999999999996,0.5060999999999999,0.030399999999999927
231,1109,24,3,149,7,0.4121929153442382,0.5064251490304141,0.09423223368617595
214,936,19,0,113,0,0.35509999999999997,0.5067572204589841,0.1516572204589841
261,1345,3,4,9,9,0.497019073486328,0.507019073486328,0.010000000000000009
268,1346,18,5,111,9,0.49701907348632807,0.507019073486328,0.009999999999999953
259,1283,13,1,74,6,0.4746485010782876,0.5072866480509438,0.03263814697265621
279,1348,18,6,112,9,0.4981381469726562,0.5081381469726561,0.009999999999999953
253,1305,39,7,219,3,0.4830286102294921,0.508828610229492,0.02579999999999988
238,1355,31,6,202,9,0.5004315096640066,0.5104315096640066,0.010000000000000009
250,1357,16,6,98,9,0.5009675745646157,0.5109675745646157,0.010000000000000009
240,1271,15,3,89,6,0.47069999999999995,0.5110598036395831,0.04035980363958319
270,1241,16,4,96,7,0.46049999999999996,0.5112999999999999,0.0507999999999999
247,1194,20,5,130,7,0.4405,0.5113,0.07079999999999997
217,948,27,0,165,0,0.3601,0.5117572204589842,0.15165722045898422
237,1170,33,1,208,6,0.4334717074275012,0.5123633434353897,0.07889163600788851
255,1145,14,1,80,1,0.42529999999999996,0.5130190734863279,0.08771907348632796
277,1361,3,3,8,9,0.5031381469726561,0.5131381469726561,0.010000000000000009
255,1142,14,0,79,0,0.4251,0.5132190734863279,0.08811907348632791
257,1150,28,3,172,1,0.42641907348632807,0.5152423800301783,0.08882330654385023
234,1103,15,4,90,7,0.4105,0.5159794109187498,0.1054794109187498
251,1307,8,5,45,6,0.48355979410807287,0.5161979410807289,0.032638146972656046
273,1256,5,7,23,7,0.46549999999999997,0.5162999999999999,0.0507999999999999
257,1144,33,0,207,0,0.4251,0.5165614535165063,0.09146145351650631
254,1164,4,4,14,7,0.43049999999999994,0.516885921223958,0.0863859212239581
280,1371,5,3,27,9,0.5070262939453123,0.5170262939453123,0.010000000000000009
268,1319,18,3,109,6,0.4868190734863281,0.517219073486328,0.030399999999999927
261,1257,4,2,12,6,0.46569999999999995,0.518338146972656,0.052638146972656064
284,1375,33,4,211,9,0.5090607094942167,0.5190607094942167,0.010000000000000009
279,1320,19,6,119,6,0.4868190734863281,0.5194572204589841,0.032638146972656046
284,1379,30,2,195,10,0.5101797829805447,0.5201797829805447,0.010000000000000009
238,1325,31,2,198,6,0.4902315096640067,0.5206315096640066,0.030399999999999927
239,1248,24,2,148,6,0.46254674891270314,0.5210754636701361,0.05852871475743299
250,1327,16,3,95,6,0.4907675745646157,0.5211675745646157,0.030399999999999983
189,824,31,1,197,1,0.31529999999999997,0.5211997979275279,0.20589979792752794
245,1127,2,2,2,7,0.4177381469726562,0.5213716613769529,0.10363351440429669
189,823,31,0,196,0,0.3151,0.5213997979275279,0.2062997979275279
270,1215,16,1,93,1,0.4503,0.5214999999999999,0.07119999999999987
270,1212,16,0,92,0,0.4501,0.5216999999999998,0.07159999999999983
230,1073,8,6,46,7,0.40049999999999997,0.5218224032931855,0.12132240329318555
274,1388,20,6,131,9,0.5124190734863281,0.5224190734863281,0.010000000000000009
211,926,2,1,1,1,0.3503,0.523191574426689,0.17289157442668895
277,1332,3,1,6,6,0.4929381469726562,0.5233381469726561,0.030399999999999927
211,923,2,0,0,0,0.3501,0.5233915744266889,0.1732915744266889
267,1402,39,0,236,9,0.5184286102294922,0.5234286102294922,0.0050000000000000044
267,1403,39,3,239,10,0.5184286102294922,0.5234286102294922,0.0050000000000000044
233,1261,24,2,148,6,0.4673698128740561,0.5234869956508126,0.05611718277675648
241,1107,11,2,64,7,0.4116190734863281,0.524536602783203,0.11291752929687493
272,1242,18,4,110,7,0.46049999999999996,0.5251809265136718,0.0646809265136718
260,1394,26,5,164,9,0.515218853579272,0.525218853579272,0.010000000000000009
248,1219,2,3,3,7,0.45175,0.525756962811505,0.07400696281150498
246,1198,20,4,129,7,0.4416190734863281,0.5261321394389858,0.08451306595265773
273,1225,5,2,18,1,0.4553,0.5264999999999999,0.07119999999999987
231,1029,24,1,147,1,0.38642861022949215,0.5266251490304141,0.14019653880092198
273,1222,5,0,16,0,0.4551,0.5266999999999998,0.07159999999999983
291,1399,23,5,144,9,0.517019073486328,0.527019073486328,0.010000000000000009
220,1400,33,3,210,9,0.5173381469726559,0.5273381469726559,0.010000000000000009
249,1231,33,1,208,6,0.4568190734863281,0.5276939815099938,0.0708749080236657
231,1023,25,0,151,0,0.3851,0.5279442225167421,0.14284422251674211
280,1341,7,3,37,6,0.4957,0.5283453674316403,0.032645367431640315
271,1416,39,4,240,10,0.523428610229492,0.5284286102294921,0.0050000000000000044
271,1415,39,1,237,9,0.523428610229492,0.5284286102294921,0.0050000000000000044
261,1228,4,3,13,7,0.45549999999999996,0.528538146972656,0.07303814697265604
267,1390,39,7,227,6,0.5132286102294922,0.5286286102294921,0.01539999999999997
265,1244,7,5,39,7,0.4616190734863281,0.5292358306884763,0.06761675720214827
181,774,32,1,205,1,0.30029999999999996,0.5299078020563059,0.229607802056306
181,771,32,0,204,0,0.3001,0.5301078020563059,0.23000780205630594
238,1264,31,4,200,7,0.4700315096640067,0.5308315096640066,0.06079999999999991
258,1409,31,7,203,9,0.520939641661114,0.530939641661114,0.010000000000000009
268,1260,18,4,110,7,0.4666190734863281,0.5312999999999999,0.0646809265136718
236,1077,33,2,209,7,0.4016190734863281,0.5313856175178824,0.1297665440315543
296,1411,14,6,85,9,0.522019073486328,0.532019073486328,0.010000000000000009
240,1165,15,4,90,7,0.4305,0.5328330060659721,0.10233300606597207
295,1414,25,7,158,9,0.523138146972656,0.533138146972656,0.010000000000000009
198,1013,32,2,206,7,0.3815056201746434,0.5334970884624569,0.1519914682878135
271,1401,39,0,228,6,0.5182286102294921,0.533628610229492,0.01539999999999997
267,1373,39,1,221,4,0.5080286102294922,0.5338286102294921,0.025799999999999934
284,1273,33,1,208,6,0.4714190734863281,0.5345964189884332,0.06317734550210513
247,1102,20,2,127,1,0.4103,0.5346,0.12429999999999997
247,1099,20,0,125,0,0.4101,0.5347999999999999,0.12469999999999992
222,983,8,1,41,1,0.37029999999999996,0.5353557366265188,0.16505573662651885
272,1216,18,1,107,1,0.4503,0.5353809265136718,0.08508092651367177
260,1363,26,1,160,6,0.505018853579272,0.535418853579272,0.030399999999999983
222,980,8,0,40,0,0.3701,0.5355557366265188,0.1654557366265188
272,1213,18,0,106,0,0.4501,0.5355809265136717,0.08548092651367173
241,1070,12,1,67,1,0.4003,0.535855676269531,0.13555567626953102
284,1266,28,0,169,0,0.4701,0.5359154924747612,0.0658154924747612
241,1067,12,0,66,0,0.4001,0.536055676269531,0.13595567626953098
234,1039,15,1,87,1,0.3903,0.5361794109187498,0.14587941091874979
234,1036,15,0,86,0,0.3901,0.5363794109187497,0.14627941091874974
291,1369,23,1,140,6,0.506819073486328,0.537219073486328,0.030399999999999983
287,1430,29,1,184,9,0.528138146972656,0.538138146972656,0.010000000000000009
278,1447,39,6,234,8,0.5334286102294921,0.5384286102294921,0.0050000000000000044
271,1389,39,2,222,4,0.5130286102294921,0.538828610229492,0.025799999999999934
237,1093,33,2,209,7,0.4066190734863281,0.5388374347962206,0.1322183613098925
277,1274,2,2,2,7,0.4716190734863281,0.5390323690355125,0.06741329554918446
279,1292,19,0,121,7,0.4766190734863281,0.5396572204589841,0.06303814697265603
313,1438,30,2,195,10,0.5305,0.5405,0.010000000000000009
274,1349,20,3,128,6,0.49850600753367036,0.5408786102294922,0.04237260269582188
301,1439,5,4,28,9,0.5308999999999999,0.5408999999999999,0.010000000000000009
258,1382,31,3,199,6,0.510739641661114,0.541139641661114,0.030399999999999983
239,1147,24,3,149,7,0.4255,0.5412754636701361,0.11577546367013614
313,1441,33,4,211,9,0.531619073486328,0.541619073486328,0.010000000000000009
296,1386,14,3,82,6,0.511819073486328,0.542219073486328,0.030399999999999983
233,1163,24,3,149,7,0.43032306396135295,0.5424812296604743,0.11215816569912135
240,1071,15,2,88,1,0.4003,0.543033006065972,0.14273300606597206
240,1068,15,0,86,0,0.4001,0.543233006065972,0.143133006065972
278,1431,39,5,225,5,0.5282286102294921,0.543628610229492,0.01539999999999997
249,1152,33,2,209,7,0.4266190734863281,0.5439476474877553,0.11732857400142715
295,1387,19,7,120,6,0.511819073486328,0.544457220458984,0.03263814697265599
288,1456,15,5,91,9,0.5360598036395832,0.5460598036395832,0.010000000000000009
259,1193,11,2,64,7,0.44049999999999995,0.5460623669094506,0.1055623669094507
246,1106,20,1,126,1,0.4114190734863281,0.5463321394389858,0.13491306595265773
291,1342,23,3,142,7,0.49661907348632806,0.547419073486328,0.050799999999999956
246,1100,25,0,151,0,0.4101,0.5476512129253138,0.1375512129253138
282,1462,6,3,32,9,0.5382596272786457,0.5482596272786457,0.010000000000000009
220,1358,27,2,167,6,0.501419073486328,0.5486572204589839,0.04723814697265594
280,1289,7,5,39,7,0.4755,0.5487755218505856,0.07327552185058567
278,1413,39,0,220,3,0.5230286102294921,0.548828610229492,0.025799999999999934
229,1463,29,7,182,9,0.5392110717648279,0.5492110717648279,0.010000000000000009
279,1259,19,2,115,1,0.4664190734863281,0.5498572204589841,0.083438146972656
237,1060,29,4,179,1,0.3953,0.5501565082825486,0.1548565082825486
277,1239,9,1,48,1,0.4603,0.5503514425218405,0.09005144252184055
237,1058,29,0,175,0,0.3951,0.5503565082825486,0.15525650828254856
277,1237,9,0,47,0,0.4601,0.5505514425218405,0.09045144252184051
301,1408,5,5,21,6,0.5206999999999999,0.5510999999999999,0.030399999999999983
279,1253,25,0,151,0,0.4651,0.5511762939453121,0.08607629394531208
239,1059,24,1,147,1,0.3953,0.5514754636701361,0.15617546367013613
320,1471,5,1,25,8,0.541619073486328,0.551619073486328,0.010000000000000009
239,1056,24,0,146,0,0.3951,0.5516754636701361,0.15657546367013608
230,1008,8,2,42,1,0.38029999999999997,0.5520224032931855,0.17172240329318555
230,1003,8,0,40,0,0.3801,0.5522224032931855,0.1721224032931855
296,1359,14,5,84,7,0.5016190734863281,0.552419073486328,0.050799999999999956
289,1474,20,7,132,9,0.5428190734863281,0.5528190734863281,0.010000000000000009
313,1407,30,3,188,6,0.5203,0.552938146972656,0.03263814697265599
290,1475,23,6,145,9,0.5431381469726559,0.553138146972656,0.010000000000000009
313,1406,30,0,185,0,0.5201,0.553138146972656,0.033038146972655946
274,1293,20,5,130,7,0.47830600753367036,0.5535572204589845,0.07525121292531411
264,1477,3,4,9,9,0.5435709856951675,0.5535709856951675,0.010000000000000009
287,1370,27,2,167,6,0.506819073486328,0.554057220458984,0.04723814697265594
245,1091,6,1,30,1,0.4064190734863281,0.5551543131510411,0.14873523966471303
285,1486,12,6,72,9,0.5455947923448349,0.5555947923448349,0.010000000000000009
288,1425,15,3,89,6,0.5258598036395832,0.5562598036395832,0.030399999999999983
250,1230,11,2,64,7,0.4566190734863281,0.5564730617947046,0.0998539883083765
245,1087,3,0,5,0,0.4051,0.5564733866373691,0.1513733866373691
218,952,31,1,197,1,0.36029999999999995,0.5567291492443678,0.19642914924436783
244,1089,25,0,151,0,0.4051,0.5567572204589841,0.1516572204589841
218,950,31,0,196,0,0.3601,0.5569291492443678,0.19682914924436778
311,1490,29,0,183,9,0.547019073486328,0.557019073486328,0.010000000000000009
263,1460,2,4,4,9,0.5378028351960354,0.5573460431134252,0.019543207917389727
251,1209,8,6,46,7,0.4484603088378906,0.5574828335232203,0.10902252468532964
262,1461,2,4,4,9,0.5382596272786457,0.5578028351960355,0.019543207917389727
227,993,2,1,1,1,0.37529999999999997,0.5581107726474296,0.18281077264742962
303,1491,15,5,91,9,0.548138146972656,0.558138146972656,0.010000000000000009
227,990,2,0,0,0,0.3751,0.5583107726474296,0.18321077264742958
280,1255,7,1,35,1,0.4653,0.5589755218505856,0.09367552185058564
280,1252,7,0,34,0,0.4651,0.5591755218505856,0.0940755218505856
229,1433,29,5,180,6,0.5290110717648279,0.5594110717648278,0.030399999999999983
301,1381,5,0,24,7,0.5105,0.5612999999999999,0.050799999999999956
258,1347,31,5,201,7,0.49715597677837775,0.5613396416611139,0.06418366488273619
236,1040,28,1,170,1,0.3903,0.5614070365063155,0.17110703650631554
304,1499,6,4,33,9,0.5515976837158201,0.5615976837158201,0.010000000000000009
236,1037,28,0,169,0,0.3901,0.5616070365063155,0.1715070365063155
326,1500,19,3,124,10,0.5516286102294921,0.5616286102294921,0.010000000000000009
326,1501,24,4,150,9,0.5516286102294921,0.5616286102294921,0.010000000000000009
265,1191,6,1,30,1,0.44029999999999997,0.5630184824625646,0.12271848246256462
265,1188,6,0,29,0,0.4401,0.5632184824625646,0.12311848246256457
295,1360,19,1,122,7,0.5016190734863281,0.5638144409179681,0.06219536743164
269,1505,6,3,32,9,0.5538843770345045,0.5638843770345046,0.010000000000000009
287,1344,27,3,168,7,0.4966190734863281,0.564257220458984,0.06763814697265585
290,1442,19,6,119,6,0.531819073486328,0.5644572204589839,0.03263814697265599
289,1417,20,3,128,6,0.5243595367431639,0.5647595367431639,0.04039999999999999
264,1444,8,5,45,6,0.5322519122088395,0.5648900591814955,0.03263814697265599
249,1123,28,2,171,1,0.4153,0.5652667209740833,0.14996672097408326
249,1120,28,0,169,0,0.4151,0.5654667209740832,0.1503667209740832
285,1453,12,4,70,6,0.5353947923448349,0.5657947923448349,0.030399999999999983
286,1511,31,6,202,9,0.5559544266998766,0.5659544266998766,0.010000000000000009
288,1356,15,4,90,7,0.5005,0.5664598036395831,0.0659598036395832
254,1134,4,1,11,1,0.42029999999999995,0.5670859212239581,0.14678592122395812
254,1131,4,0,10,0,0.4201,0.567285921223958,0.14718592122395807
320,1440,5,3,19,5,0.531419073486328,0.5683381469726559,0.03691907348632795
311,1455,30,4,189,6,0.5357,0.5683381469726559,0.03263814697265599
268,1204,21,1,134,1,0.4453,0.5683920979817705,0.12309209798177051
268,1202,21,0,133,0,0.4451,0.5685920979817705,0.12349209798177047
263,1426,8,3,43,6,0.5264837617097075,0.5686651165997532,0.04218135489004571
296,1330,14,2,81,1,0.4914190734863281,0.568819073486328,0.07739999999999991
262,1428,8,4,44,6,0.5269185788755062,0.5691219086823635,0.04220332980685726
303,1459,13,2,75,6,0.536819073486328,0.569457220458984,0.03263814697265599
320,1434,4,0,10,0,0.5301,0.5696572204589839,0.03955722045898391
296,1323,13,0,73,0,0.4901,0.570138146972656,0.08003814697265599
207,1104,32,2,206,7,0.4109657841058423,0.5708986286119957,0.15993284450615342
208,1105,32,2,206,7,0.4109657841058423,0.5708986286119957,0.15993284450615342
301,1353,5,1,17,1,0.5003,0.5714999999999999,0.07119999999999993
301,1350,5,0,16,0,0.5001,0.5716999999999999,0.07159999999999989
253,1133,32,0,204,0,0.4201,0.571757220458984,0.15165722045898405
306,1528,3,3,8,9,0.562019073486328,0.572019073486328,0.010000000000000009
304,1467,7,4,38,6,0.5402786102294921,0.5729167572021481,0.03263814697265599
326,1468,21,2,135,6,0.5403,0.5729572204589841,0.032657220458984115
186,814,32,1,205,1,0.3114190734863281,0.5731265201705381,0.26170744668421003
326,1465,21,0,133,0,0.5401,0.5731572204589841,0.03305722045898407
307,1531,23,4,143,9,0.5631572204589841,0.5731572204589841,0.010000000000000009
308,1532,24,4,150,9,0.5631572204589841,0.5731572204589841,0.010000000000000009
298,1551,39,5,241,10,0.5684381469726562,0.5734381469726562,0.0050000000000000044
297,1552,39,0,236,9,0.5684381469726562,0.5734381469726562,0.0050000000000000044
298,1550,39,2,238,9,0.5684381469726562,0.5734381469726562,0.0050000000000000044
297,1553,39,3,239,10,0.5684381469726562,0.5734381469726562,0.0050000000000000044
274,1226,20,2,127,1,0.4553,0.5737572204589845,0.11845722045898449
274,1223,20,0,125,0,0.4551,0.5739572204589845,0.11885722045898445
295,1331,19,3,116,1,0.4914190734863281,0.574014440917968,0.08259536743163998
186,808,27,0,165,0,0.3101,0.5744455936568661,0.2643455936568661
289,1362,20,4,129,7,0.5041595367431639,0.5749595367431639,0.07079999999999997
295,1324,23,0,139,0,0.4901,0.575333514404296,0.08523351440429605
288,1299,15,1,87,1,0.48029999999999995,0.5766598036395831,0.09635980363958319
288,1296,15,0,86,0,0.48009999999999997,0.5768598036395831,0.09675980363958314
309,1547,31,7,203,9,0.567019073486328,0.577019073486328,0.010000000000000009
261,1175,4,1,11,1,0.43529999999999996,0.5779346272786455,0.14263462727864556
261,1173,4,0,10,0,0.4351,0.5781346272786455,0.14303462727864552
305,1569,39,4,232,7,0.573228610229492,0.578228610229492,0.0050000000000000044
302,1572,39,4,240,10,0.5734286102294921,0.5784286102294921,0.0050000000000000044
302,1571,39,1,237,9,0.5734286102294921,0.5784286102294921,0.0050000000000000044
311,1424,30,0,193,7,0.5255,0.5785381469726559,0.053038146972655964
298,1534,39,7,227,6,0.5632381469726562,0.5786381469726561,0.01539999999999997
297,1533,39,1,229,6,0.5632381469726562,0.5786381469726561,0.01539999999999997
290,1385,19,0,121,7,0.511619073486328,0.5788144409179679,0.0671953674316399
233,1027,21,1,134,1,0.38642861022949215,0.5795733276422449,0.19314471741275274
233,1022,23,0,139,0,0.3851,0.5808924011285729,0.19579240112857288
337,1563,12,6,72,9,0.571619073486328,0.581619073486328,0.010000000000000009
335,1564,5,1,25,8,0.572019073486328,0.582019073486328,0.010000000000000009
306,1502,3,1,6,6,0.551819073486328,0.582219073486328,0.030399999999999983
337,1566,13,5,78,10,0.572738146972656,0.582738146972656,0.010000000000000009
291,1314,22,1,137,1,0.48529999999999995,0.582844504801432,0.09754450480143206
291,1311,22,0,136,0,0.4851,0.583044504801432,0.09794450480143202
304,1398,7,5,39,7,0.5155,0.5831167572021481,0.0676167572021481
316,1568,20,6,131,9,0.5732190734863281,0.5832190734863281,0.010000000000000009
307,1503,23,1,140,6,0.5529572204589841,0.5833572204589841,0.030399999999999983
308,1504,24,2,148,6,0.5529572204589841,0.5833572204589841,0.030399999999999983
305,1586,39,7,235,8,0.578428610229492,0.583428610229492,0.0050000000000000044
302,1549,39,0,228,6,0.5682286102294921,0.5836286102294921,0.01539999999999997
297,1517,39,1,221,4,0.5580381469726562,0.5838381469726561,0.025799999999999934
300,1573,10,7,60,9,0.5741038219028045,0.5841038219028045,0.010000000000000009
298,1516,39,3,223,4,0.5580381469726562,0.5846476837158201,0.02660953674316391
238,1063,31,1,197,1,0.3964190734863281,0.5852999999999999,0.18888092651367183
287,1287,28,1,170,1,0.4753,0.585576293945312,0.11027629394531197
287,1285,28,0,169,0,0.4751,0.5857762939453119,0.11067629394531192
286,1487,31,2,198,6,0.5457544266998766,0.585781209363815,0.04002678266393833
323,1581,23,5,144,9,0.576176293945312,0.586176293945312,0.010000000000000009
259,1161,11,1,63,1,0.43029999999999996,0.5862623669094507,0.1559623669094507
259,1158,11,0,62,0,0.4301,0.5864623669094506,0.15636236690945066
238,1057,27,0,165,0,0.3951,0.5866190734863279,0.1915190734863279
309,1514,31,3,199,6,0.556819073486328,0.587219073486328,0.030399999999999983
251,1121,8,1,41,1,0.4153,0.5876828335232203,0.17238283352322026
250,1122,17,1,101,1,0.4153,0.5877921352810326,0.17249213528103258
251,1118,8,0,40,0,0.4151,0.5878828335232202,0.17278283352322021
250,1119,17,0,100,0,0.4151,0.5879921352810326,0.17289213528103253
305,1570,39,6,226,5,0.573228610229492,0.588628610229492,0.01539999999999997
302,1530,39,2,222,4,0.5630286102294921,0.5888286102294921,0.025799999999999934
303,1427,13,3,76,7,0.526619073486328,0.5896572204589839,0.06303814697265597
289,1303,20,1,126,1,0.48141907348632806,0.5900190734863279,0.10859999999999981
248,1101,2,1,1,1,0.4103,0.5905503642166371,0.1802503642166371
248,1098,2,0,0,0,0.4101,0.5907503642166371,0.18065036421663705
332,1593,14,6,85,9,0.5809,0.5909,0.010000000000000009
289,1298,23,0,139,0,0.48009999999999997,0.5913381469726559,0.11123814697265588
325,1597,33,3,210,9,0.582019073486328,0.592019073486328,0.010000000000000009
335,1509,5,3,19,5,0.5553,0.592219073486328,0.03691907348632795
306,1470,3,2,7,7,0.541619073486328,0.5924190734863279,0.050799999999999956
335,1506,5,0,16,0,0.5551,0.5924190734863279,0.0373190734863279
304,1367,7,2,36,1,0.5053,0.593316757202148,0.08801675720214808
316,1525,20,3,128,6,0.5612786102294922,0.593419073486328,0.03214046325683584
304,1364,7,0,34,0,0.5051,0.593516757202148,0.08841675720214803
307,1472,23,2,141,7,0.5427572204589841,0.5935572204589841,0.050799999999999956
308,1473,24,3,149,7,0.5427572204589841,0.5935572204589841,0.050799999999999956
242,1602,29,1,184,9,0.5836171498175312,0.5936171498175312,0.010000000000000009
305,1548,39,5,217,2,0.568028610229492,0.593828610229492,0.025799999999999934
337,1526,12,5,71,6,0.561419073486328,0.594057220458984,0.03263814697265599
300,1535,10,1,54,6,0.5639038219028045,0.5943038219028045,0.030399999999999983
337,1518,11,0,62,0,0.5601,0.595376293945312,0.035276293945311954
321,1611,33,4,211,9,0.5857214189884331,0.5957214189884331,0.010000000000000009
293,1612,31,6,202,9,0.5863544266998766,0.5963544266998766,0.010000000000000009
345,1614,16,7,99,9,0.586619073486328,0.596619073486328,0.010000000000000009
267,1201,3,0,5,0,0.4451,0.5967572204589842,0.15165722045898417
285,1343,11,2,64,7,0.4966190734863281,0.5971138658311629,0.10049479234483477
323,1536,19,7,120,6,0.564857220458984,0.59749536743164,0.03263814697265599
345,1617,13,5,78,10,0.587738146972656,0.597738146972656,0.010000000000000009
328,1618,11,3,65,9,0.588138146972656,0.598138146972656,0.010000000000000009
311,1397,30,1,186,1,0.5153,0.5987381469726559,0.08343814697265595
311,1393,30,0,185,0,0.5151,0.5989381469726559,0.0838381469726559
314,1634,39,5,241,10,0.5942381469726561,0.5992381469726561,0.0050000000000000044
314,1633,39,2,238,9,0.5942381469726561,0.5992381469726561,0.0050000000000000044
290,1300,21,1,134,1,0.48029999999999995,0.6001335144042959,0.1198335144042959
290,1297,21,0,133,0,0.48009999999999997,0.6003335144042958,0.12023351440429586
271,1211,14,0,79,0,0.4501,0.601757220458984,0.15165722045898405
318,1649,39,2,230,7,0.5982476837158203,0.6032476837158203,0.0050000000000000044
325,1561,30,5,190,6,0.5707,0.603338146972656,0.03263814697265599
294,1632,3,4,9,9,0.5935110583985301,0.6035110583985301,0.010000000000000009
316,1492,20,5,130,7,0.5486,0.603619073486328,0.05501907348632806
282,1412,4,2,12,6,0.522642960611979,0.6039977075368255,0.08135474692484645
292,1635,2,4,4,9,0.5943605829030366,0.6043605829030366,0.010000000000000009
314,1619,39,1,229,6,0.5890381469726561,0.6044381469726561,0.01539999999999997
321,1579,33,1,208,6,0.5755214189884331,0.6059214189884331,0.030399999999999983
338,1643,23,6,145,9,0.5961762939453119,0.6061762939453119,0.010000000000000009
258,1166,31,1,197,1,0.4314190734863281,0.6062917133288911,0.17487263984256302
293,1546,31,2,198,6,0.5665276440359382,0.6065544266998766,0.04002678266393833
341,1645,15,5,91,9,0.597019073486328,0.607019073486328,0.010000000000000009
309,1458,31,5,201,7,0.536619073486328,0.607419073486328,0.07079999999999997
258,1159,27,0,165,0,0.4301,0.6076107868152191,0.1775107868152191
242,1565,27,2,167,6,0.5722980763312032,0.6080533731213905,0.035755296790187296
339,1648,28,5,174,9,0.598138146972656,0.608138146972656,0.010000000000000009
322,1667,39,3,231,7,0.603228610229492,0.608228610229492,0.0050000000000000044
318,1669,39,5,233,8,0.6034476837158202,0.6084476837158203,0.0050000000000000044
319,1670,39,6,234,8,0.6034476837158202,0.6084476837158203,0.0050000000000000044
345,1582,16,2,94,6,0.576419073486328,0.609057220458984,0.03263814697265599
328,1585,13,1,74,6,0.576819073486328,0.609457220458984,0.03263814697265599
314,1600,39,3,223,4,0.5830286102294922,0.6096381469726561,0.02660953674316391
276,1652,9,4,51,9,0.599913170793661,0.609913170793661,0.010000000000000009
345,1575,11,0,62,0,0.5751000000000001,0.610376293945312,0.035276293945311954
303,1368,17,1,101,1,0.5053,0.6109762939453119,0.10567629394531197
332,1560,14,3,82,6,0.5707,0.6111,0.04039999999999999
303,1366,17,0,100,0,0.5051,0.6111762939453119,0.10607629394531193
278,1236,7,0,34,0,0.4601,0.6117572204589841,0.15165722045898405
330,1663,10,0,61,9,0.602019073486328,0.612019073486328,0.010000000000000009
329,1664,23,4,143,9,0.6022921990307046,0.6122921990307046,0.010000000000000009
286,1454,31,4,200,7,0.5355544266998766,0.6126027405593943,0.07704831385951771
333,1666,14,6,85,9,0.603219073486328,0.613219073486328,0.010000000000000009
322,1685,39,7,235,8,0.608428610229492,0.613428610229492,0.0050000000000000044
325,1523,30,6,191,7,0.5605,0.613538146972656,0.053038146972655964
318,1650,39,4,224,5,0.5982476837158203,0.6136476837158202,0.01539999999999997
319,1651,39,5,225,5,0.5982476837158203,0.6136476837158202,0.01539999999999997
294,1601,3,1,6,6,0.5833110583985301,0.6137110583985301,0.030399999999999983
306,1380,6,1,30,1,0.5103,0.6137381469726559,0.10343814697265596
316,1422,20,2,127,1,0.5253,0.613819073486328,0.08851907348632804
306,1376,6,0,29,0,0.5101,0.6139381469726559,0.10383814697265592
316,1419,20,0,125,0,0.5251,0.614019073486328,0.08891907348632799
321,1541,33,2,209,7,0.5653214189884331,0.6161214189884331,0.050799999999999956
358,1681,13,5,78,10,0.6066190734863279,0.6166190734863279,0.010000000000000009
260,1197,32,2,206,7,0.44161907348632806,0.6171666403050988,0.17554756681877076
341,1615,15,3,89,6,0.586819073486328,0.617219073486328,0.030399999999999983
338,1603,19,6,119,6,0.5848572204589839,0.6174953674316399,0.03263814697265599
323,1485,19,1,122,7,0.5455,0.61769536743164,0.07219536743164001
264,1301,8,6,46,7,0.4804999999999999,0.6182848028225363,0.13778480282253636
324,1696,39,0,236,9,0.6134286102294921,0.6184286102294921,0.0050000000000000044
324,1697,39,3,239,10,0.6134286102294921,0.6184286102294921,0.0050000000000000044
322,1668,39,6,226,5,0.603228610229492,0.618628610229492,0.01539999999999997
318,1630,39,3,215,2,0.5930476837158203,0.6188476837158202,0.025799999999999934
319,1631,39,6,218,3,0.5930476837158203,0.6188476837158202,0.025799999999999934
339,1616,30,2,187,6,0.586819073486328,0.619457220458984,0.03263814697265599
328,1513,13,3,76,7,0.556619073486328,0.619657220458984,0.06303814697265597
317,1693,31,7,203,9,0.6111381915407279,0.6211381915407279,0.010000000000000009
332,1522,14,4,83,7,0.5605,0.6213,0.060799999999999965
269,1432,4,2,12,6,0.5283453674316403,0.6215864017769701,0.09324103434532982
330,1627,10,2,55,6,0.591819073486328,0.622219073486328,0.030399999999999983
329,1628,23,1,140,6,0.5920921990307046,0.6224921990307046,0.030399999999999983
358,1677,12,6,72,9,0.6054999999999999,0.6228618530273439,0.017361853027343943
333,1599,14,3,82,6,0.583019073486328,0.623419073486328,0.04039999999999999
263,1280,8,6,46,7,0.47339851616753453,0.62350434951443,0.15010583334689548
324,1684,39,7,227,6,0.6082286102294922,0.6236286102294921,0.01539999999999997
325,1469,30,1,186,1,0.5403,0.623738146972656,0.08343814697265595
322,1647,39,4,216,2,0.598028610229492,0.623828610229492,0.025799999999999934
325,1466,30,0,185,0,0.5401,0.6239381469726559,0.0838381469726559
262,1281,8,6,46,7,0.4738333333333333,0.6240753396176929,0.15024200628435963
282,1372,4,4,14,7,0.508,0.6241977075368255,0.11619770753682546
307,1383,22,1,137,1,0.511428610229492,0.6248858306884761,0.1134572204589841
308,1384,22,1,137,1,0.511428610229492,0.6248858306884761,0.1134572204589841
281,1704,5,2,26,9,0.6151365034445826,0.6251365034445826,0.010000000000000009
300,1443,11,2,64,7,0.5321666666666666,0.6253107548183859,0.09314408815171937
315,1683,12,6,72,9,0.608138146972656,0.6255,0.017361853027343943
363,1707,29,7,182,9,0.6154999999999999,0.6255,0.010000000000000009
348,1709,20,7,132,9,0.6157595367431639,0.6257595367431639,0.010000000000000009
353,1710,5,3,27,9,0.6158999999999999,0.6258999999999999,0.010000000000000009
307,1377,23,0,139,0,0.5101,0.6262144409179682,0.11611444091796819
308,1378,25,0,151,0,0.5101,0.6262144409179682,0.11611444091796819
350,1711,26,4,163,9,0.6162552967901872,0.6262552967901872,0.010000000000000009
363,1713,30,2,195,10,0.6166190734863279,0.626619073486328,0.010000000000000009
285,1291,11,1,63,1,0.4764190734863281,0.6273138658311629,0.15089479234483477
321,1452,28,1,170,1,0.5353,0.6274404924747611,0.09214049247476108
321,1449,28,0,169,0,0.5351,0.6276404924747611,0.09254049247476104
323,1451,19,4,117,1,0.5353,0.62789536743164,0.09259536743163999
323,1448,19,0,113,0,0.5351,0.62809536743164,0.09299536743163994
260,1162,29,2,177,1,0.43029999999999996,0.6284857137914268,0.19818571379142685
285,1284,10,0,53,0,0.4751,0.6286329393174909,0.15353293931749085
260,1160,29,0,175,0,0.4301,0.6286857137914268,0.1985857137914268
293,1489,31,4,200,7,0.5463276440359383,0.6287038646530492,0.08237622061711092
309,1396,28,2,171,1,0.5153,0.628738146972656,0.11343814697265597
220,1185,32,2,206,7,0.4389808631896972,0.6287502113248468,0.18976934813514956
324,1665,39,1,221,4,0.6030286102294922,0.6288286102294921,0.025799999999999934
309,1392,28,0,169,0,0.5151,0.6289381469726559,0.11383814697265593
343,1715,6,4,33,9,0.6192572204589841,0.6292572204589841,0.010000000000000009
256,1716,31,6,202,9,0.6193565821157441,0.6293565821157441,0.010000000000000009
339,1584,30,7,192,7,0.576619073486328,0.629657220458984,0.053038146972655964
338,1559,19,0,121,7,0.5705,0.6298907348632798,0.05939073486327984
198,868,32,1,205,1,0.3303,0.6301222573702945,0.2998222573702945
198,866,32,0,204,0,0.3301,0.6303222573702945,0.30022225737029445
368,1725,25,5,156,9,0.6204999999999999,0.6305,0.010000000000000009
328,1482,12,2,68,1,0.5453,0.630976293945312,0.08567629394531195
328,1479,12,0,66,0,0.5451,0.6311762939453119,0.08607629394531191
368,1728,19,3,124,10,0.6216190734863279,0.631619073486328,0.010000000000000009
347,1714,24,4,150,9,0.617019073486328,0.631793642171224,0.014774568684896017
330,1595,10,6,59,7,0.581619073486328,0.632419073486328,0.050799999999999956
329,1596,23,3,142,7,0.5818921990307047,0.6326921990307046,0.050799999999999956
358,1639,12,4,70,6,0.5952999999999999,0.6330618530273439,0.03776185302734392
358,1638,12,0,66,0,0.5951,0.6332618530273438,0.03816185302734387
299,1732,9,5,52,9,0.623302714846632,0.633302714846632,0.010000000000000009
333,1567,14,5,84,7,0.572819073486328,0.633619073486328,0.060799999999999965
310,1734,9,3,50,9,0.6239804239816774,0.6339804239816774,0.010000000000000009
312,1735,33,3,210,9,0.6248411787356115,0.6348411787356115,0.010000000000000009
294,1527,2,2,2,7,0.5619919849122021,0.6350301318848581,0.07303814697265598
348,1678,20,3,128,6,0.6055595367431639,0.6359595367431639,0.030399999999999983
353,1679,5,4,20,6,0.6056999999999999,0.6360999999999999,0.030399999999999983
331,1742,2,4,4,9,0.626276007995605,0.636276007995605,0.010000000000000009
229,1247,32,2,206,7,0.46214540354410805,0.6368155998042297,0.1746701962601217
315,1644,13,2,75,6,0.596819073486328,0.6368190734863279,0.039999999999999925
352,1744,5,4,28,9,0.6270190734863279,0.6370190734863279,0.010000000000000009
340,1730,24,4,150,9,0.622244504801432,0.637019073486328,0.014774568684896017
350,1661,27,2,167,6,0.6018190734863279,0.6375743702765152,0.035755296790187296
363,1675,29,6,181,6,0.6053,0.6379381469726559,0.03263814697265599
363,1672,29,0,175,0,0.6051,0.6381381469726559,0.033038146972655946
336,1756,39,4,240,10,0.6334286102294922,0.6384286102294922,0.0050000000000000044
336,1755,39,1,237,9,0.6334286102294922,0.6384286102294922,0.0050000000000000044
256,1686,31,2,198,6,0.6091565821157441,0.6395565821157441,0.030399999999999983
338,1521,19,1,114,1,0.5603,0.6400907348632798,0.07979073486327981
338,1519,19,0,113,0,0.5601,0.6402907348632798,0.08019073486327977
343,1682,7,3,37,6,0.6079381469726561,0.6405762939453121,0.03263814697265599
360,1752,5,2,26,9,0.6308999999999999,0.6408999999999999,0.010000000000000009
339,1540,29,3,178,1,0.5653,0.640976293945312,0.07567629394531195
339,1539,29,0,175,0,0.5651,0.641176293945312,0.0760762939453119
317,1658,31,3,199,6,0.6009381915407279,0.6413381915407279,0.04039999999999999
332,1496,14,1,80,1,0.5503,0.6415,0.09119999999999995
332,1494,14,0,79,0,0.5501,0.6416999999999999,0.0915999999999999
355,1754,15,5,91,9,0.6320190734863279,0.6420190734863279,0.010000000000000009
368,1691,25,2,153,6,0.6103,0.6429381469726559,0.03263814697265599
347,1680,19,7,120,6,0.6057,0.643112715657552,0.037412715657552
368,1689,25,0,151,0,0.6101,0.6431381469726559,0.033038146972655946
336,1745,39,0,228,6,0.6282286102294922,0.6436286102294921,0.01539999999999997
263,1179,8,1,41,1,0.4364190734863281,0.64370434951443,0.20728527602810193
330,1497,17,1,101,1,0.5503,0.643738146972656,0.09343814697265596
333,1512,14,2,81,1,0.556419073486328,0.6438190734863279,0.08739999999999992
330,1495,17,0,100,0,0.5501,0.643938146972656,0.09383814697265591
329,1483,21,1,134,1,0.5453,0.6440112725170326,0.0987112725170326
310,1698,9,2,49,6,0.6137804239816774,0.6441804239816774,0.030399999999999983
329,1480,21,0,133,0,0.5451,0.6442112725170326,0.09911127251703256
263,1172,3,0,5,0,0.4351,0.645023423000758,0.209923423000758
312,1699,33,1,208,6,0.6146411787356115,0.6450411787356115,0.030399999999999983
333,1508,10,0,53,0,0.5551,0.6451381469726559,0.09003814697265589
341,1583,15,4,90,7,0.576619073486328,0.645319073486328,0.06869999999999998
348,1640,20,4,129,7,0.5953595367431639,0.6461595367431638,0.050799999999999956
353,1641,5,6,22,7,0.5954999999999999,0.6462999999999999,0.050799999999999956
297,1338,24,0,146,0,0.4951,0.6467667572021483,0.15166675720214828
340,1695,24,2,148,6,0.612044504801432,0.647219073486328,0.03517456868489599
298,1337,11,0,62,0,0.4951,0.6475762939453122,0.15247629394531226
331,1700,8,3,43,6,0.614956934509277,0.647595081481933,0.03263814697265599
350,1625,27,3,168,7,0.5916190734863279,0.6477743702765152,0.05615529679018727
352,1708,7,4,38,6,0.6156999999999999,0.6483381469726559,0.03263814697265599
351,1771,12,6,72,9,0.638448089740894,0.648448089740894,0.010000000000000009
264,1192,8,2,42,1,0.44029999999999997,0.6484848028225363,0.20818480282253632
264,1189,8,0,40,0,0.4401,0.6486848028225363,0.20858480282253627
336,1731,39,2,222,4,0.6230286102294922,0.6488286102294921,0.025799999999999934
300,1354,11,1,63,1,0.5003,0.6490176877339674,0.14871768773396743
300,1351,11,0,62,0,0.5001,0.6492176877339674,0.14911768773396739
342,1773,31,7,203,9,0.6397596781682354,0.6497596781682354,0.010000000000000009
292,1476,4,2,12,6,0.5431999999999999,0.6501625902991833,0.10696259029918342
327,1778,6,3,32,9,0.6404401242540139,0.6504401242540139,0.010000000000000009
360,1726,5,5,21,6,0.6206999999999999,0.6510999999999999,0.030399999999999983
317,1592,31,5,201,7,0.5807381915407279,0.6515381915407279,0.07079999999999997
302,1352,26,0,159,0,0.5001,0.6517572204589841,0.1516572204589841
262,1176,8,2,42,1,0.43529999999999996,0.652345160685974,0.21704516068597407
262,1174,8,0,40,0,0.4351,0.652545160685974,0.21744516068597403
269,1374,2,3,3,7,0.5082956250791196,0.6529054752632981,0.1446098501841785
347,1610,19,1,122,7,0.5855,0.653312715657552,0.06781271565755198
346,1795,39,5,233,8,0.648428610229492,0.6534286102294921,0.0050000000000000044
276,1488,4,2,12,6,0.5459762939453121,0.6546046606116829,0.10862836666637077
355,1729,15,3,89,6,0.6218190734863279,0.6547190734863279,0.03289999999999993
348,1590,20,1,126,1,0.5802999999999999,0.6563595367431638,0.0760595367431639
353,1607,5,2,18,1,0.5852999999999999,0.6564999999999999,0.07119999999999993
348,1588,20,0,125,0,0.5801,0.6565595367431638,0.07645953674316386
353,1604,5,0,16,0,0.5851,0.6566999999999998,0.07159999999999989
305,1365,9,0,47,0,0.5051,0.656757220458984,0.151657220458984
340,1662,24,3,149,7,0.601844504801432,0.657419073486328,0.055574568684895964
383,1793,13,4,77,8,0.647738146972656,0.657738146972656,0.010000000000000009
315,1542,11,2,64,7,0.5655,0.6581381469726559,0.09263814697265593
275,1796,29,0,183,9,0.6484526394436027,0.6584526394436027,0.010000000000000009
346,1783,39,4,224,5,0.6432286102294921,0.658628610229492,0.01539999999999997
351,1746,12,5,71,6,0.628248089740894,0.658648089740894,0.030399999999999983
350,1591,29,4,179,1,0.5802999999999999,0.6590934437628432,0.07879344376284325
369,1797,25,6,157,9,0.6492144409179679,0.6592144409179679,0.010000000000000009
350,1589,29,0,175,0,0.5801,0.6592934437628432,0.07919344376284321
334,1798,2,4,4,9,0.6495060283881288,0.6595060283881288,0.010000000000000009
342,1717,31,3,199,6,0.6195596781682354,0.6599596781682354,0.04039999999999999
343,1626,7,5,39,7,0.591619073486328,0.6607762939453121,0.06915722045898409
360,1692,5,7,23,7,0.6104999999999999,0.6612999999999999,0.050799999999999956
286,1288,31,1,197,1,0.4753,0.661581666421523,0.18628166642152305
327,1747,8,4,44,6,0.6291210507676859,0.6617591977403419,0.03263814697265599
286,1286,31,0,196,0,0.4751,0.661781666421523,0.186681666421523
347,1578,19,2,115,1,0.5753,0.663512715657552,0.08821271565755195
347,1577,19,0,113,0,0.5751000000000001,0.663712715657552,0.08861271565755191
346,1768,39,7,219,3,0.6380286102294921,0.663828610229492,0.025799999999999934
352,1642,7,5,39,7,0.5954999999999999,0.664657220458984,0.06915722045898409
341,1544,15,2,88,1,0.566419073486328,0.665519073486328,0.09909999999999997
376,1814,20,6,131,9,0.6558999999999999,0.6658999999999999,0.010000000000000009
276,1437,2,2,2,7,0.5302820718824557,0.6659237340980109,0.13564166221555518
281,1515,4,2,12,6,0.557434478702117,0.6666110859059047,0.10917660720378763
341,1537,13,0,73,0,0.5651,0.666838146972656,0.10173814697265593
207,910,32,1,205,1,0.3464667572021483,0.6669484927831993,0.32048173558105103
208,911,32,1,205,1,0.3464667572021483,0.6669484927831993,0.32048173558105103
242,1334,32,2,206,7,0.4944970593770345,0.6670020760344355,0.17250501665740103
283,1817,29,1,184,9,0.6573976704860728,0.6673976704860728,0.010000000000000009
388,1818,30,1,194,8,0.65774768371582,0.66774768371582,0.010000000000000009
310,1598,2,3,3,7,0.5824613504953494,0.667968156733103,0.08550680623775353
370,1823,26,4,163,9,0.6581381469726559,0.6681381469726559,0.010000000000000009
375,1822,26,5,164,9,0.6581381469726559,0.6681381469726559,0.010000000000000009
207,905,33,0,207,0,0.3451,0.6682771030126914,0.32317710301269137
208,904,26,0,159,0,0.3451,0.6683381469726559,0.3232381469726559
354,1842,39,5,241,10,0.663428610229492,0.668428610229492,0.0050000000000000044
354,1841,39,2,238,9,0.663428610229492,0.668428610229492,0.0050000000000000044
275,1770,29,5,180,6,0.6382526394436027,0.6686526394436026,0.030399999999999983
383,1763,17,2,102,5,0.636419073486328,0.669057220458984,0.03263814697265599
342,1629,31,4,200,7,0.592738146972656,0.6701596781682354,0.07742153119557937
383,1757,10,0,53,0,0.6351,0.670376293945312,0.035276293945311954
369,1767,19,6,119,6,0.6378953674316399,0.6705335144042959,0.03263814697265599
334,1769,8,5,45,6,0.6381869549018008,0.6708251018744568,0.03263814697265599
372,1831,14,6,85,9,0.6608999999999999,0.6708999999999999,0.010000000000000009
360,1657,5,1,17,1,0.6003,0.6714999999999999,0.07119999999999993
360,1654,5,0,16,0,0.6001,0.6716999999999999,0.07159999999999989
367,1835,5,3,27,9,0.6620190734863279,0.672019073486328,0.010000000000000009
362,1836,15,5,91,9,0.6624190734863279,0.6724190734863279,0.010000000000000009
314,1404,7,0,34,0,0.5201,0.6725667572021481,0.15246675720214808
299,1543,4,2,12,6,0.5657,0.6727357444574418,0.1070357444574418
357,1852,39,6,234,8,0.6684476837158202,0.6734476837158202,0.0050000000000000044
359,1853,39,0,236,9,0.6684476837158202,0.6734476837158202,0.0050000000000000044
359,1854,39,3,239,10,0.6684476837158202,0.6734476837158202,0.0050000000000000044
354,1824,39,1,229,6,0.658228610229492,0.6736286102294919,0.01539999999999997
352,1608,7,1,35,1,0.5852999999999999,0.674857220458984,0.08955722045898407
355,1660,15,4,90,7,0.6016190734863279,0.6749190734863278,0.07329999999999992
352,1605,7,0,34,0,0.5851,0.675057220458984,0.08995722045898402
292,1446,4,3,13,7,0.5329999999999999,0.675293885448775,0.14229388544877508
376,1789,20,3,128,6,0.6456999999999999,0.6760999999999999,0.030399999999999983
351,1646,11,2,64,7,0.5977381469726559,0.6765284305431214,0.07879028357046547
283,1792,29,6,181,6,0.6471976704860728,0.6775976704860728,0.030399999999999983
281,1457,2,3,3,7,0.536115405215789,0.6779491580626678,0.1418337528468787
315,1421,11,1,63,1,0.5253,0.6783381469726559,0.15303814697265594
370,1794,26,1,160,6,0.647938146972656,0.6783381469726559,0.030399999999999983
315,1418,11,0,62,0,0.5251,0.6785381469726559,0.1534381469726559
357,1838,39,5,225,5,0.6632476837158202,0.6786476837158202,0.01539999999999997
359,1839,39,7,227,6,0.6632476837158202,0.6786476837158202,0.01539999999999997
354,1808,39,3,223,4,0.653028610229492,0.6788286102294919,0.025799999999999934
388,1790,27,1,166,5,0.646428610229492,0.679066757202148,0.03263814697265599
375,1791,30,3,188,6,0.646819073486328,0.6794572204589839,0.03263814697265599
388,1787,33,0,207,0,0.6451,0.680385830688476,0.035285830688476016
369,1741,19,0,121,7,0.6255,0.6807335144042959,0.055233514404295914
318,1435,28,0,169,0,0.5301,0.6817953674316404,0.15169536743164036
319,1436,30,0,185,0,0.5301,0.6817953674316404,0.15169536743164036
362,1799,15,3,89,6,0.649719073486328,0.6826190734863279,0.03289999999999993
385,1864,16,6,98,9,0.673138146972656,0.683138146972656,0.010000000000000009
367,1806,5,4,20,6,0.651819073486328,0.6837381469726559,0.03191907348632794
357,1820,39,0,220,3,0.6580476837158202,0.6838476837158202,0.025799999999999934
359,1821,39,1,221,4,0.6580476837158202,0.6838476837158202,0.025799999999999934
293,1318,31,1,197,1,0.48641907348632807,0.6839309634755817,0.19751188998925362
282,1269,4,1,11,1,0.4703,0.6843977075368255,0.2140977075368255
282,1265,4,0,10,0,0.4701,0.6845977075368255,0.21449770753682545
355,1624,15,1,87,1,0.5914190734863279,0.6851190734863278,0.0936999999999999
293,1312,26,0,159,0,0.4851,0.6852500369619097,0.2001500369619097
376,1762,20,5,130,7,0.6355,0.6862999999999999,0.050799999999999956
355,1622,13,0,73,0,0.5901,0.6864381469726558,0.09633814697265586
322,1450,29,0,175,0,0.5351,0.686757220458984,0.151657220458984
387,1874,33,4,211,9,0.677019073486328,0.687019073486328,0.010000000000000009
351,1613,12,3,69,1,0.5864190734863279,0.6878475040294494,0.10142843054312145
256,1429,32,2,206,7,0.5273333333333332,0.688471406239099,0.16113807290576576
370,1765,26,3,162,7,0.637738146972656,0.6885381469726559,0.050799999999999956
344,1876,6,4,33,9,0.6785712568461374,0.6885712568461374,0.010000000000000009
351,1606,10,0,53,0,0.5851,0.6891665775157774,0.10406657751577741
375,1764,30,0,193,7,0.636619073486328,0.6896572204589839,0.053038146972655964
356,1878,2,4,4,9,0.6798830085313579,0.6898830085313579,0.010000000000000009
369,1706,19,3,116,1,0.6153,0.6909335144042958,0.07563351440429589
372,1804,14,3,82,6,0.6507,0.6910999999999999,0.04039999999999999
369,1702,19,0,113,0,0.6151,0.6911335144042958,0.07603351440429584
342,1562,28,2,171,1,0.571419073486328,0.6914787516545634,0.12005967816823537
324,1464,16,0,92,0,0.5401,0.6917572204589841,0.1516572204589841
342,1556,33,0,207,0,0.5701,0.6927978251408914,0.12269782514089134
362,1727,15,4,90,7,0.6216190734863279,0.6928190734863279,0.07119999999999993
312,1445,32,2,206,7,0.5328179299532007,0.6929137699410349,0.16009583998783428
299,1484,4,4,14,7,0.5455,0.6929357444574418,0.1474357444574418
367,1782,5,0,24,7,0.641619073486328,0.6939381469726559,0.052319073486327916
349,1899,6,3,32,9,0.6856876133815895,0.6956876133815895,0.010000000000000009
376,1739,20,2,127,1,0.6253,0.6964999999999999,0.07119999999999993
376,1736,20,0,125,0,0.6251,0.6966999999999999,0.07159999999999989
387,1850,33,1,208,6,0.666819073486328,0.697219073486328,0.030399999999999983
385,1837,16,3,95,6,0.662938146972656,0.6987381469726559,0.03579999999999994
317,1423,31,1,197,1,0.5253,0.699489209245138,0.17418920924513803
317,1420,31,0,196,0,0.5251,0.699689209245138,0.174589209245138
408,1913,5,4,28,9,0.6905,0.7005,0.010000000000000009
390,1916,14,6,85,9,0.6909,0.7009,0.010000000000000009
356,1855,8,3,43,6,0.6685639350450299,0.7012020820176859,0.03263814697265599
386,1918,16,7,99,9,0.6914862367135499,0.7014862367135499,0.010000000000000009
408,1919,4,5,15,10,0.691619073486328,0.701619073486328,0.010000000000000009
397,1920,5,2,26,9,0.6924190734863279,0.7024190734863279,0.010000000000000009
362,1659,15,2,88,1,0.601419073486328,0.7030190734863279,0.10159999999999991
340,1545,22,1,137,1,0.566419073486328,0.703457220458984,0.13703814697265593
396,1923,33,3,210,9,0.694266757202148,0.704266757202148,0.010000000000000009
362,1655,13,0,73,0,0.6001,0.7043381469726558,0.10423814697265588
374,1925,31,6,202,9,0.6946770988225325,0.7046770988225325,0.010000000000000009
340,1538,25,0,151,0,0.5651,0.7047762939453119,0.1396762939453119
343,1558,9,1,48,1,0.5703,0.7065550128173819,0.13625501281738184
343,1555,9,0,47,0,0.5701,0.7067550128173818,0.1366550128173818
400,1936,26,5,164,9,0.697019073486328,0.707019073486328,0.010000000000000009
372,1779,14,4,83,7,0.6405,0.7070999999999998,0.06659999999999988
387,1816,33,2,209,7,0.656619073486328,0.7074190734863279,0.050799999999999956
412,1938,13,4,77,8,0.6977572204589838,0.7077572204589838,0.010000000000000009
331,1529,8,6,46,7,0.562738146972656,0.7082853302612296,0.14554718328857363
378,1952,39,7,235,8,0.703428610229492,0.708428610229492,0.0050000000000000044
385,1807,16,5,97,7,0.652738146972656,0.7089381469726559,0.05619999999999992
384,1940,25,7,158,9,0.6998048136393226,0.7098048136393226,0.010000000000000009
275,1524,32,2,206,7,0.5609188910960278,0.7108569512050522,0.14993806010902444
377,1949,31,7,203,9,0.7009270988225325,0.7109270988225325,0.010000000000000009
390,1861,14,3,82,6,0.6707,0.7111,0.04039999999999999
386,1886,16,2,94,6,0.6812862367135499,0.7116862367135499,0.030399999999999983
336,1520,22,0,136,0,0.5601,0.7117572204589842,0.1516572204589841
397,1885,5,4,20,6,0.6807,0.7126190734863279,0.03191907348632794
399,1953,16,6,98,9,0.7035381469726559,0.7135381469726559,0.010000000000000009
378,1939,39,6,226,5,0.698228610229492,0.713628610229492,0.01539999999999997
395,1948,24,4,150,9,0.7009000000000002,0.7142333333333338,0.013333333333333641
365,1956,9,4,51,9,0.7048297520228791,0.7148297520228791,0.010000000000000009
396,1889,27,2,167,6,0.68294768371582,0.715585830688476,0.03263814697265599
220,966,32,1,205,1,0.36529999999999996,0.7160896238272101,0.35078962382721013
220,963,32,0,204,0,0.3651,0.7162896238272101,0.3511896238272101
419,1963,5,1,25,8,0.706619073486328,0.716619073486328,0.010000000000000009
400,1903,26,1,160,6,0.686819073486328,0.717219073486328,0.030399999999999983
283,1580,32,2,206,7,0.5756596540034788,0.7172210739139939,0.14156141991051507
371,1966,2,4,4,9,0.7076579925537105,0.7176579925537105,0.010000000000000009
393,1968,28,4,173,9,0.7081317891438799,0.7181317891438799,0.010000000000000009
387,1788,28,1,170,1,0.6453,0.7187381469726559,0.07343814697265594
378,1921,39,6,218,3,0.693028610229492,0.718828610229492,0.025799999999999934
387,1785,28,0,169,0,0.6451,0.7189381469726559,0.0738381469726559
412,1901,17,2,102,5,0.6864381469726558,0.7190762939453118,0.03263814697265599
370,1712,28,3,172,1,0.616419073486328,0.7198572204589839,0.10343814697265596
344,1784,4,2,12,6,0.6436546661376953,0.7198903303324654,0.07623566419477013
384,1906,25,1,152,6,0.6896048136393226,0.7200048136393226,0.030399999999999983
385,1780,12,1,67,1,0.641419073486328,0.7202572204589839,0.0788381469726559
412,1893,13,0,73,0,0.6851,0.7203953674316398,0.035295367431639746
382,1965,24,4,150,9,0.7075666666666666,0.7209000000000002,0.013333333333333641
370,1703,33,0,207,0,0.6151,0.7211762939453119,0.10607629394531193
385,1774,10,0,53,0,0.6401,0.7215762939453119,0.08147629394531186
410,1979,23,5,144,9,0.712019073486328,0.722019073486328,0.010000000000000009
294,1329,2,1,1,1,0.4914190734863281,0.722157109300517,0.23073803581418895
421,1981,30,1,194,8,0.712738146972656,0.722738146972656,0.010000000000000009
312,1410,28,3,172,1,0.5214988564668727,0.7227969116210933,0.2012980551542206
397,1860,5,6,22,7,0.6705,0.7228190734863279,0.052319073486327916
408,1882,5,5,21,6,0.6803,0.722938146972656,0.042638146972656
229,1010,32,1,205,1,0.38029999999999997,0.7229551141630068,0.34265511416300687
408,1879,5,0,16,0,0.6801,0.723138146972656,0.043038146972655955
229,1005,32,0,204,0,0.3801,0.7231551141630068,0.3430551141630068
374,1891,31,2,198,6,0.6844770988225325,0.7234110671028603,0.0389339682803278
389,1997,39,5,233,8,0.7184381469726562,0.7234381469726562,0.0050000000000000044
294,1322,3,0,5,0,0.4901,0.72354389074707,0.23344389074707006
399,1905,16,3,95,6,0.687938146972656,0.7237381469726559,0.03579999999999994
312,1405,26,0,159,0,0.5201,0.7241159851074213,0.20401598510742125
349,1819,4,2,12,6,0.6580428881835935,0.7246345680227668,0.06659167983917336
392,1984,23,6,145,9,0.7146679153442379,0.7246679153442379,0.010000000000000009
377,1915,31,3,199,6,0.6907270988225325,0.7250926525363867,0.03436555371385419
327,1574,8,6,46,7,0.5741676198323564,0.7252142449205174,0.15104662508816102
396,1863,27,3,168,7,0.67274768371582,0.725785830688476,0.053038146972655964
365,1922,7,3,37,6,0.6935106785365511,0.7261488255092071,0.03263814697265599
346,1576,17,0,100,0,0.5751000000000001,0.726757220458984,0.151657220458984
419,1933,5,3,19,5,0.696419073486328,0.726819073486328,0.030399999999999983
361,1993,9,5,52,9,0.7169503686359195,0.7269503686359196,0.010000000000000009
372,1722,14,1,80,1,0.6203,0.7272999999999998,0.10699999999999987
400,1872,26,2,161,7,0.676619073486328,0.727419073486328,0.050799999999999956
372,1719,14,0,79,0,0.6201,0.7274999999999998,0.10739999999999983
419,1926,7,0,34,0,0.6951,0.728138146972656,0.033038146972655946
398,1995,29,7,182,9,0.718150862630208,0.728150862630208,0.010000000000000009
391,2012,39,4,240,10,0.723428610229492,0.728428610229492,0.0050000000000000044
391,2011,39,1,237,9,0.723428610229492,0.728428610229492,0.0050000000000000044
389,1983,39,4,224,5,0.7132381469726562,0.7286381469726562,0.01539999999999997
371,1932,8,4,44,6,0.6963389190673825,0.7289770660400385,0.03263814697265599
393,1935,30,4,189,6,0.6968127156575519,0.7294508626302079,0.03263814697265599
384,1877,25,4,155,7,0.6794048136393226,0.7302048136393225,0.050799999999999956
375,1743,30,1,186,1,0.626419073486328,0.7312751358032219,0.10485606231689393
390,1830,14,5,84,7,0.6605,0.7313,0.07079999999999997
428,2004,29,0,183,9,0.7216190734863279,0.7316190734863279,0.010000000000000009
414,2007,18,5,111,9,0.722019073486328,0.732019073486328,0.010000000000000009
292,1313,4,1,11,1,0.48529999999999995,0.7323134269561401,0.24701342695614015
292,1310,4,0,10,0,0.4851,0.7325134269561401,0.2474134269561401
366,2008,5,3,27,9,0.722526480054098,0.732526480054098,0.010000000000000009
375,1738,33,0,207,0,0.6251,0.7325942092895499,0.10749420928954989
428,2009,30,2,195,10,0.7227381469726559,0.7327381469726559,0.010000000000000009
386,1840,11,2,64,7,0.6634058959113225,0.7330053101998779,0.06959941428855543
397,1828,5,2,18,1,0.6603,0.7330190734863279,0.07271907348632789
397,1825,5,0,16,0,0.6601,0.7332190734863279,0.07311907348632785
410,1947,19,7,120,6,0.7007,0.733338146972656,0.03263814697265599
391,1996,39,0,228,6,0.718228610229492,0.733628610229492,0.01539999999999997
389,1967,39,7,219,3,0.7080381469726562,0.7338381469726561,0.025799999999999934
399,1875,16,4,96,7,0.677738146972656,0.7339381469726559,0.05619999999999992
421,1950,27,1,166,5,0.701419073486328,0.7341159851074213,0.03269691162109323
334,1609,8,6,46,7,0.5855,0.7342229980387359,0.1487229980387359
395,1890,24,2,148,6,0.6840333333333334,0.7344333333333338,0.050400000000000444
349,1766,4,4,14,7,0.6378428881835935,0.7348345680227668,0.09699167983917334
392,1955,23,1,140,6,0.7044679153442379,0.7348679153442379,0.030399999999999983
379,2016,31,6,202,9,0.7250770988225325,0.7350770988225325,0.010000000000000009
377,1884,31,4,200,7,0.6805270988225325,0.7352926525363866,0.054765553713854165
421,1943,31,0,196,0,0.7001000000000001,0.7354926525363866,0.03539265253638657
396,1832,29,1,176,1,0.6614286102294921,0.737104904174804,0.07567629394531195
382,1904,24,2,148,6,0.6873666666666666,0.737766666666667,0.050400000000000444
361,1898,4,2,12,6,0.6856312951495915,0.7382694421222475,0.05263814697265601
396,1826,27,0,165,0,0.6601,0.738423977661132,0.07832397766113197
400,1847,29,2,177,1,0.6653,0.7387381469726559,0.07343814697265594
391,1982,39,2,222,4,0.713028610229492,0.738828610229492,0.025799999999999934
400,1845,29,0,175,0,0.6651,0.7389381469726559,0.0738381469726559
405,2027,14,6,85,9,0.7274999999999998,0.7390999999999996,0.011599999999999833
398,1964,30,5,190,6,0.70683178914388,0.739469936116536,0.03263814697265599
393,1902,30,6,191,7,0.6866127156575519,0.7396508626302079,0.053038146972655964
344,1733,4,3,13,7,0.6234546661376953,0.7400903303324654,0.11663566419477012
394,2035,31,7,203,9,0.7313270988225324,0.7413270988225324,0.010000000000000009
354,1620,7,0,34,0,0.5901,0.741757220458984,0.151657220458984
269,1203,2,1,1,1,0.4453,0.7422668706012621,0.2969668706012621
269,1200,2,0,0,0,0.4451,0.742466870601262,0.29736687060126205
366,1951,5,5,21,6,0.702326480054098,0.742726480054098,0.04039999999999999
422,2039,17,3,103,9,0.7331381469726559,0.7431381469726559,0.010000000000000009
409,2040,26,4,163,9,0.733138146972656,0.743138146972656,0.010000000000000009
414,1975,19,6,119,6,0.7107,0.743338146972656,0.03263814697265599
374,1865,31,5,201,7,0.6742770988225325,0.7436110671028603,0.06933396828032778
428,1976,29,5,180,6,0.7114190734863279,0.7440572204589839,0.03263814697265599
392,1924,23,2,141,7,0.6942679153442379,0.7450679153442379,0.050799999999999956
399,1849,12,2,68,1,0.666419073486328,0.7452572204589839,0.0788381469726559
379,1962,31,2,198,6,0.7063431305422047,0.7452770988225325,0.0389339682803278
428,1971,28,0,169,0,0.7101,0.7453762939453119,0.035276293945311954
373,2050,5,4,28,9,0.7364027308959957,0.7464027308959957,0.010000000000000009
380,2051,9,3,50,9,0.7364027308959957,0.7464027308959957,0.010000000000000009
399,1844,10,0,53,0,0.6651,0.7465762939453119,0.08147629394531186
357,1636,4,0,10,0,0.5951,0.7467953674316403,0.15169536743164036
359,1637,9,0,47,0,0.5951,0.7467953674316403,0.15169536743164036
242,1075,32,1,205,1,0.4014190734863281,0.7468200281064197,0.34540095462009157
365,1888,2,2,2,7,0.6821916050502231,0.7474678989955351,0.06527629394531198
406,2049,14,6,85,9,0.7359,0.7474999999999998,0.011599999999999833
407,2054,26,5,164,9,0.738138146972656,0.748138146972656,0.010000000000000009
242,1069,33,0,207,0,0.4001,0.7481391015927477,0.34803910159274765
404,2064,39,6,234,8,0.743428610229492,0.748428610229492,0.0050000000000000044
361,1829,4,3,13,7,0.6604999999999999,0.7492798862273564,0.08877988622735655
398,1934,30,7,192,7,0.69663178914388,0.749669936116536,0.053038146972655964
364,2062,28,5,174,9,0.741098695646604,0.751098695646604,0.010000000000000009
299,1340,4,1,11,1,0.49529999999999996,0.7511055787401582,0.2558055787401582
299,1336,4,0,10,0,0.4951,0.7513055787401581,0.25620557874015815
390,1803,14,2,81,1,0.6503,0.7515,0.10119999999999996
394,1994,31,3,199,6,0.7171615451086782,0.7515270988225324,0.03436555371385419
390,1801,14,0,79,0,0.6501,0.7516999999999999,0.10159999999999991
415,2063,12,6,72,9,0.742019073486328,0.752019073486328,0.010000000000000009
367,1690,9,1,48,1,0.6103,0.7524996671142571,0.14219966711425713
367,1688,9,0,47,0,0.6101,0.7526996671142571,0.1425996671142571
386,1777,11,1,63,1,0.6403,0.7532053101998779,0.11290531019987793
409,2010,26,1,160,6,0.722938146972656,0.753338146972656,0.030399999999999983
386,1775,11,0,62,0,0.6401,0.7534053101998779,0.11330531019987788
410,1914,19,1,122,7,0.6905,0.753538146972656,0.06303814697265597
404,2055,39,5,225,5,0.738228610229492,0.753628610229492,0.01539999999999997
403,2066,3,3,8,9,0.74394389074707,0.75394389074707,0.010000000000000009
366,1917,2,3,3,7,0.69100740656777,0.754045553540426,0.06303814697265597
422,2006,13,1,74,6,0.7218190734863279,0.7544572204589839,0.03263814697265599
276,1238,2,1,1,1,0.4603,0.7552851294359748,0.2949851294359748
379,1900,31,5,201,7,0.6861431305422047,0.7554770988225324,0.06933396828032778
276,1235,2,0,0,0,0.4601,0.7554851294359748,0.2953851294359748
402,2075,3,4,9,9,0.7467953674316403,0.7567953674316403,0.010000000000000009
310,1395,2,1,1,1,0.5153,0.7573274277047776,0.2420274277047776
310,1391,2,0,0,0,0.5151,0.7575274277047775,0.24242742770477754
356,1724,8,6,46,7,0.6204999999999999,0.757644043155988,0.13714404315598805
380,2015,8,3,43,6,0.7250741206665037,0.7577313411254878,0.032657220458984115
373,2014,8,5,45,6,0.7250741206665037,0.7577313411254878,0.032657220458984115
404,2038,39,0,220,3,0.7330286102294921,0.758828610229492,0.025799999999999934
405,1977,14,3,82,6,0.7114999999999999,0.7592999999999996,0.04779999999999973
407,2026,30,2,187,6,0.726819073486328,0.759457220458984,0.03263814697265599
415,2037,12,4,70,6,0.731819073486328,0.762219073486328,0.030399999999999983
406,1990,14,3,82,6,0.7157,0.7634999999999997,0.04779999999999973
414,1946,19,0,121,7,0.7005,0.763538146972656,0.06303814697265597
409,1980,26,3,162,7,0.712738146972656,0.763538146972656,0.050799999999999956
427,2087,16,7,99,9,0.7539595367431638,0.7639595367431639,0.010000000000000009
334,1510,8,1,41,1,0.5553,0.7639844970581039,0.20868449705810388
403,2042,3,1,6,6,0.73374389074707,0.76414389074707,0.030399999999999983
334,1507,8,0,40,0,0.5551,0.7641844970581039,0.20908449705810384
256,1146,32,1,205,1,0.42529999999999996,0.7656056920355002,0.34030569203550026
256,1143,32,0,204,0,0.4251,0.7658056920355002,0.3407056920355002
281,1254,2,1,1,1,0.4653,0.7660608038681468,0.3007608038681468
422,1978,13,3,76,7,0.7116190734863279,0.7662032694498692,0.05458419596354125
281,1251,2,0,0,0,0.4651,0.7662608038681468,0.30116080386814675
429,2097,24,4,150,9,0.7570190734863279,0.7670190734863279,0.010000000000000009
327,1481,6,1,30,1,0.5453,0.767305916725439,0.222005916725439
327,1478,6,0,29,0,0.5451,0.767505916725439,0.22240591672543897
401,2098,3,3,8,9,0.7578044866296832,0.7678044866296833,0.010000000000000009
402,2048,7,4,38,6,0.735412964233398,0.7681144409179683,0.03270147668457035
373,1954,2,2,2,7,0.7036944444444444,0.7690504146118158,0.06535597016737138
407,1992,30,0,193,7,0.716619073486328,0.769657220458984,0.053038146972655964
331,1498,9,1,48,1,0.551419073486328,0.7701529086588527,0.21873383517252465
331,1493,3,0,5,0,0.5501,0.7714719821451806,0.2213719821451806
364,2028,27,2,167,6,0.729779622160276,0.7717338304599131,0.04195420829963703
433,2110,18,6,112,9,0.7620190734863279,0.7720190734863279,0.010000000000000009
418,2126,39,7,235,8,0.7684286102294922,0.7734286102294922,0.0050000000000000044
405,1930,14,4,83,7,0.6955,0.7734999999999993,0.07799999999999929
415,1974,11,2,64,7,0.7105,0.773538146972656,0.06303814697265597
406,1931,14,5,84,7,0.6955,0.7736999999999997,0.07819999999999971
410,1883,19,4,117,1,0.6803,0.773738146972656,0.09343814697265596
410,1880,19,0,113,0,0.6801,0.773938146972656,0.09383814697265591
427,2065,16,2,94,6,0.7437595367431639,0.7741595367431638,0.030399999999999983
403,2013,3,2,7,7,0.72354389074707,0.77434389074707,0.050799999999999956
409,1887,28,3,172,1,0.681419073486328,0.774857220458984,0.09343814697265596
395,1848,24,3,149,7,0.6655,0.7749408130900083,0.1094408130900083
377,1740,31,1,197,1,0.6253,0.7754926525363867,0.1501926525363867
377,1737,31,0,196,0,0.6251,0.7756926525363866,0.15059265253638665
409,1881,33,0,207,0,0.6801,0.776176293945312,0.09607629394531192
442,2124,15,5,91,9,0.7670190734863279,0.7770190734863279,0.010000000000000009
356,1623,8,2,42,1,0.5902999999999999,0.7779313411254878,0.18763134112548785
356,1621,8,0,40,0,0.5901,0.7781313411254878,0.1880313411254878
371,1772,8,6,46,7,0.6391190734863279,0.7781636907406431,0.13904461725431516
424,2139,39,4,232,7,0.773228610229492,0.778228610229492,0.0050000000000000044
402,2020,7,5,39,7,0.725212964233398,0.7783144409179683,0.053101476684570326
429,2072,19,7,120,6,0.7456999999999999,0.7783381469726559,0.03263814697265599
418,2112,39,6,226,5,0.7632286102294922,0.7786286102294921,0.01539999999999997
401,2073,8,4,44,6,0.7464854131433553,0.7791235601160112,0.03263814697265599
374,1723,31,1,197,1,0.6203,0.7817314634612419,0.16143146346124193
378,1749,10,0,53,0,0.6301,0.781757220458984,0.151657220458984
374,1720,31,0,196,0,0.6201,0.7819314634612419,0.1618314634612419
275,1227,32,1,205,1,0.4553,0.7823948507599651,0.3270948507599651
275,1224,32,0,204,0,0.4551,0.782594850759965,0.32749485075996504
394,1873,32,2,206,7,0.676619073486328,0.7828461723088604,0.10622709882253245
446,2138,33,4,211,9,0.7731381469726559,0.7831381469726559,0.010000000000000009
433,2082,19,6,119,6,0.7506999999999999,0.7833381469726559,0.03263814697265599
424,2154,39,5,233,8,0.778428610229492,0.783428610229492,0.0050000000000000044
381,2141,33,3,210,9,0.77373684261926,0.78373684261926,0.010000000000000009
414,1912,19,1,114,1,0.6903,0.783738146972656,0.09343814697265596
418,2099,39,6,218,3,0.7580286102294922,0.7838286102294921,0.025799999999999934
382,1851,24,3,149,7,0.6671666666666666,0.7838289757080096,0.116662309041343
406,1870,14,2,81,1,0.6753,0.7838999999999997,0.1085999999999997
414,1909,19,0,113,0,0.6901,0.783938146972656,0.09383814697265591
406,1867,14,0,79,0,0.6751,0.7840999999999997,0.10899999999999965
431,2150,31,6,202,9,0.7758999999999999,0.7858999999999999,0.010000000000000009
384,1781,22,1,137,1,0.641419073486328,0.7861602630615228,0.14474118957519477
283,1270,32,1,205,1,0.4703,0.7864018426011892,0.3161018426011892
283,1267,32,0,204,0,0.4701,0.7866018426011891,0.31650184260118913
427,2041,16,5,97,7,0.7335595367431639,0.7870999999999997,0.05354046325683581
415,1911,11,1,63,1,0.6903,0.787176293945312,0.09687629394531194
442,2096,15,3,89,6,0.7568190734863279,0.7872190734863279,0.030399999999999983
415,1908,11,0,62,0,0.6901,0.787376293945312,0.0972762939453119
384,1776,25,0,151,0,0.6401,0.7874793365478507,0.14737933654785074
379,1753,31,1,197,1,0.631419073486328,0.787664479321078,0.15624540583475
424,2140,39,4,224,5,0.773228610229492,0.7886286102294919,0.01539999999999997
379,1750,33,0,207,0,0.6301,0.788983552807406,0.15888355280740596
452,2164,16,6,98,9,0.7820190734863279,0.7920190734863279,0.010000000000000009
405,1869,14,1,80,1,0.6753,0.7936999999999993,0.11839999999999928
424,2125,39,5,217,2,0.768028610229492,0.7938286102294919,0.025799999999999934
405,1866,14,0,79,0,0.6751,0.7938999999999993,0.11879999999999924
394,1813,28,2,171,1,0.6553,0.7941652457951884,0.13886524579518844
394,1811,28,0,169,0,0.6551,0.7943652457951884,0.1392652457951884
446,2109,30,3,188,6,0.7618190734863279,0.7944572204589839,0.03263814697265599
381,2086,27,2,167,6,0.753101707805951,0.795055916105588,0.04195420829963703
420,2173,3,4,9,9,0.7854603931476606,0.7954603931476606,0.010000000000000009
431,2121,31,2,198,6,0.7656999999999999,0.7960999999999999,0.030399999999999983
437,2176,11,3,65,9,0.7861762939453119,0.7961762939453119,0.010000000000000009
423,2178,3,3,8,9,0.7866185425269389,0.7966185425269389,0.010000000000000009
389,1786,29,0,175,0,0.6451,0.7967667572021482,0.15166675720214817
442,2074,15,4,90,7,0.7466190734863279,0.7974190734863279,0.050799999999999956
465,2181,13,4,77,8,0.787738146972656,0.797738146972656,0.010000000000000009
448,2183,14,6,85,9,0.7898999999999996,0.7998999999999996,0.010000000000000009
349,1594,4,1,11,1,0.5814190734863279,0.8000298054755435,0.21861073198921555
380,1834,8,6,46,7,0.661619073486328,0.8009346601293246,0.1393155866429966
349,1587,3,0,5,0,0.5801,0.8013488789618715,0.2212488789618715
391,1800,13,0,73,0,0.6501,0.801757220458984,0.151657220458984
452,2135,16,3,95,6,0.771819073486328,0.8022190734863279,0.030399999999999983
456,2193,26,4,163,9,0.7931381469726559,0.803138146972656,0.010000000000000009
393,1815,30,1,186,1,0.656419073486328,0.8045894941541878,0.1481704206678598
364,1937,32,2,206,7,0.6973694547673327,0.8051949834502857,0.10782552868295303
392,1805,22,1,137,1,0.651419073486328,0.805445315958658,0.15402624247233
393,1810,26,0,159,0,0.6551,0.8059085676405158,0.15080856764051576
344,1557,4,1,11,1,0.5703,0.806223462298213,0.23592346229821293
431,2095,31,4,200,7,0.7555,0.8062999999999999,0.050799999999999956
344,1554,4,0,10,0,0.5701,0.8064234622982129,0.23632346229821288
392,1802,23,0,139,0,0.6501,0.806764389444986,0.15666438944498595
447,2210,25,5,156,9,0.797019073486328,0.807019073486328,0.010000000000000009
437,2142,13,2,75,6,0.7748572204589839,0.8074953674316399,0.03263814697265599
422,1945,17,1,101,1,0.7003,0.8075223429361972,0.10722234293619715
429,2024,19,1,122,7,0.7254999999999999,0.8075572204589838,0.08205722045898389
442,2052,15,1,87,1,0.736419073486328,0.8076190734863279,0.07119999999999993
422,1942,17,0,100,0,0.7001000000000001,0.8077223429361972,0.1076223429361971
423,2148,8,5,45,6,0.7752994690406109,0.8079376160132669,0.03263814697265599
425,2211,9,4,51,9,0.7989164024827737,0.8089164024827737,0.010000000000000009
442,2045,13,0,73,0,0.7351,0.8089381469726559,0.0738381469726559
465,2152,17,2,102,5,0.776419073486328,0.809057220458984,0.03263814697265599
465,2145,10,0,53,0,0.7751,0.810376293945312,0.035276293945311954
365,1674,2,1,1,1,0.6053,0.8113288130643244,0.2060288130643244
365,1671,2,0,0,0,0.6051,0.8115288130643243,0.20642881306432437
476,2222,5,1,25,8,0.801619073486328,0.811619073486328,0.010000000000000009
433,2034,19,0,121,7,0.7304999999999999,0.8119976837158198,0.08149768371581989
452,2107,16,4,96,7,0.761619073486328,0.8124190734863279,0.050799999999999956
450,2194,24,4,150,9,0.79369768371582,0.813136532816568,0.019438849100748
416,2226,9,5,52,9,0.8033250704707385,0.8133250704707385,0.010000000000000009
456,2166,26,1,160,6,0.782938146972656,0.8133381469726559,0.030399999999999983
411,2199,24,4,150,9,0.794258834615072,0.81369768371582,0.019438849100748
448,2155,14,3,82,6,0.7796999999999996,0.8144999999999992,0.03479999999999961
398,1833,30,1,186,1,0.6614286102294921,0.8146085676405159,0.15317995741102386
446,2084,30,6,191,7,0.751619073486328,0.8146572204589839,0.06303814697265597
445,2228,16,7,99,9,0.8047595367431638,0.8147595367431638,0.010000000000000009
361,1656,4,1,11,1,0.6003,0.815413018193104,0.21511301819310402
366,1694,2,1,1,1,0.611419073486328,0.8154398471548812,0.2040207736685532
361,1653,4,0,10,0,0.6001,0.815613018193104,0.21551301819310398
398,1827,27,0,165,0,0.6601,0.815985830688476,0.15588583068847595
438,2236,3,4,9,9,0.8066584038040717,0.8166584038040717,0.010000000000000009
366,1687,3,0,5,0,0.6101,0.8168584038040717,0.20675840380407173
437,2111,13,3,76,7,0.7631111714680986,0.8176953674316398,0.05458419596354125
431,1989,31,1,197,1,0.7152999999999999,0.8176999999999998,0.10239999999999982
431,1986,31,0,196,0,0.7151,0.8178999999999997,0.10279999999999978
436,2239,33,4,211,9,0.8083284172058102,0.8183284172058102,0.010000000000000009
413,2240,9,3,50,9,0.8096276138108761,0.8196276138108761,0.010000000000000009
401,1897,8,6,46,7,0.6855,0.819706440775593,0.13420644077559296
447,2174,19,6,119,6,0.7857,0.8213762939453119,0.03567629394531191
395,1812,24,1,147,1,0.6553,0.8215612196350124,0.1662612196350124
404,1858,15,0,86,0,0.6701,0.821757220458984,0.151657220458984
395,1809,24,0,146,0,0.6551,0.8217612196350124,0.16666121963501235
476,2190,5,3,19,5,0.791419073486328,0.821819073486328,0.030399999999999983
470,2252,10,7,60,9,0.812019073486328,0.822019073486328,0.010000000000000009
476,2185,6,0,29,0,0.7901,0.823138146972656,0.033038146972655946
427,1973,17,1,101,1,0.7102999999999999,0.823194890848795,0.11289489084879512
427,1970,17,0,100,0,0.7101,0.823394890848795,0.11329489084879507
449,2268,39,6,234,8,0.818428610229492,0.823428610229492,0.0050000000000000044
456,2137,26,2,161,7,0.772738146972656,0.8235381469726559,0.050799999999999956
452,2080,12,3,69,1,0.7503,0.8237381469726559,0.07343814697265594
452,2078,12,0,66,0,0.7501,0.8239381469726559,0.0738381469726559
373,1721,2,1,1,1,0.6203,0.8247686744377055,0.20446867443770556
445,2200,16,2,94,6,0.7945595367431638,0.8249595367431638,0.030399999999999983
373,1718,2,0,0,0,0.6201,0.8249686744377055,0.2048686744377055
439,2263,33,3,210,9,0.8153284172058102,0.8253284172058102,0.010000000000000009
469,2264,16,6,98,9,0.815457220458984,0.825457220458984,0.010000000000000009
446,2061,29,3,178,1,0.7403,0.825985830688476,0.08568583068847602
446,2058,29,0,175,0,0.7401,0.826185830688476,0.08608583068847597
438,2208,3,1,6,6,0.7964584038040717,0.8268584038040717,0.030399999999999983
371,1705,6,1,30,1,0.6153,0.8270741463404566,0.21177414634045666
371,1701,6,0,29,0,0.6151,0.8272741463404566,0.21217414634045662
429,1988,19,2,115,1,0.7152999999999999,0.8277572204589838,0.11245722045898388
429,1985,19,0,113,0,0.7151,0.8279572204589838,0.11285722045898383
381,2005,32,2,206,7,0.721782634319623,0.8285799880565085,0.10679735373688548
449,2254,39,5,225,5,0.813228610229492,0.828628610229492,0.01539999999999997
420,2127,4,2,12,6,0.7700399864419941,0.8287721520974282,0.05873216565543404
433,2001,19,3,116,1,0.7202999999999999,0.8290953674316396,0.10879536743163964
433,1998,19,0,113,0,0.7201,0.8292953674316396,0.1091953674316396
441,2269,6,4,33,9,0.8195838915095327,0.8295838915095327,0.010000000000000009
436,2209,30,4,189,6,0.7970093437194822,0.8296474906921382,0.03263814697265599
471,2273,14,6,85,9,0.8202999999999996,0.8302999999999996,0.010000000000000009
475,2276,5,2,26,9,0.8209,0.8309,0.010000000000000009
474,2277,18,5,111,9,0.8209,0.8309,0.010000000000000009
407,1871,30,1,186,1,0.676419073486328,0.8314575655110671,0.15503849202473907
462,2282,20,7,132,9,0.822019073486328,0.832019073486328,0.010000000000000009
470,2224,10,3,56,6,0.801819073486328,0.832219073486328,0.030399999999999983
407,1868,27,0,165,0,0.6751,0.8327766389973951,0.15767663899739504
416,2177,9,2,49,6,0.7862763421408073,0.8335250704707385,0.04724872832993121
449,2237,39,7,219,3,0.808028610229492,0.833828610229492,0.025799999999999934
448,2119,14,4,83,7,0.7655,0.8338999999999984,0.06839999999999846
450,2165,19,7,120,6,0.782378610229492,0.834455606302896,0.05207699607340399
426,2283,6,3,32,9,0.8245470056385386,0.8345470056385386,0.010000000000000009
456,2106,29,4,179,1,0.761419073486328,0.8348572204589839,0.07343814697265594
445,2163,16,5,97,7,0.781619073486328,0.8351595367431638,0.05354046325683581
440,2289,33,4,211,9,0.8253284172058102,0.8353284172058102,0.010000000000000009
469,2232,16,3,95,6,0.805257220458984,0.8356572204589839,0.030399999999999983
456,2103,33,0,207,0,0.7601,0.8361762939453119,0.0760762939453119
439,2227,30,5,190,6,0.8040093437194822,0.8366474906921382,0.03263814697265599
413,2182,9,2,49,6,0.7894276138108761,0.8366763421408073,0.04724872832993121
459,2295,18,6,112,9,0.8296572204589839,0.8396572204589839,0.010000000000000009
437,2025,17,1,101,1,0.726419073486328,0.8404079242282436,0.11398885074191567
441,2238,8,3,43,6,0.8082648180232047,0.8409029649958607,0.03263814697265599
423,2023,8,6,46,7,0.7254999999999999,0.8410298222038484,0.11552982220384844
458,2302,20,6,131,9,0.8310381469726559,0.8410381469726559,0.010000000000000009
475,2248,5,4,20,6,0.8107,0.8411,0.030399999999999983
474,2249,18,2,108,6,0.8107,0.8411,0.030399999999999983
430,2303,29,1,184,9,0.8311162123103744,0.8411162123103744,0.010000000000000009
437,2017,10,0,53,0,0.7251,0.8417269977145716,0.11662699771457163
481,2304,31,7,203,9,0.832019073486328,0.842019073486328,0.010000000000000009
401,1846,8,1,41,1,0.6653,0.8422096611633895,0.17690966116338946
462,2251,20,3,128,6,0.811819073486328,0.842219073486328,0.030399999999999983
401,1843,8,0,40,0,0.6651,0.8424096611633894,0.17730966116338942
470,2191,10,4,57,7,0.791619073486328,0.8424190734863279,0.050799999999999956
493,2307,30,1,194,8,0.8327766389973951,0.8427766389973951,0.010000000000000009
417,2309,24,4,150,9,0.8336485168823246,0.8436485168823246,0.010000000000000009
425,2151,4,2,12,6,0.7759386532226556,0.8438084798920081,0.06786982666935248
403,1859,9,1,48,1,0.6703,0.8456629642333979,0.17536296423339792
403,1857,9,0,47,0,0.6701,0.8458629642333979,0.17576296423339788
471,2235,14,3,82,6,0.8057,0.8461,0.04039999999999999
447,2120,19,0,121,7,0.7655,0.8461655990600578,0.08066559906005788
440,2255,30,2,187,6,0.8140093437194822,0.8466474906921382,0.03263814697265599
436,2180,30,7,192,7,0.7868093437194822,0.8467358716837559,0.05992652796427367
382,1760,22,1,137,1,0.6353,0.8467419820266009,0.21144198202660092
418,1928,24,0,146,0,0.6951,0.8467572204589842,0.1516572204589841
439,2195,30,0,193,7,0.7938093437194822,0.8468474906921382,0.053038146972655964
382,1758,22,0,136,0,0.6351,0.8469419820266009,0.21184198202660087
435,2320,31,6,202,9,0.8369684909524961,0.8469684909524962,0.010000000000000009
469,2197,11,2,64,7,0.793938146972656,0.8469762939453119,0.053038146972655964
438,2147,2,3,3,7,0.7751393303177437,0.8481774772903997,0.07303814697265598
445,2059,17,1,101,1,0.7403,0.8484432672288676,0.10814326722886769
445,2056,17,0,100,0,0.7401,0.8486432672288676,0.10854326722886765
402,1862,9,1,48,1,0.671419073486328,0.8490662929513109,0.17764721946498285
402,1856,3,0,5,0,0.6701,0.8503853664376388,0.18028536643763882
459,2259,19,6,119,6,0.8153,0.8509762939453119,0.03567629394531191
475,2219,5,7,23,7,0.8005,0.8513,0.050799999999999956
430,2278,29,6,181,6,0.8209162123103744,0.8513162123103744,0.030399999999999983
481,2281,31,3,199,6,0.821819073486328,0.852219073486328,0.030399999999999983
458,2242,19,7,120,6,0.8097190734863279,0.8523572204589839,0.042638146972656
462,2223,20,4,129,7,0.801619073486328,0.852419073486328,0.050799999999999956
413,2134,2,3,3,7,0.7716239353211459,0.8530864464587675,0.0814625111376216
470,2160,12,1,67,1,0.7803,0.8537381469726559,0.07343814697265594
470,2158,12,0,66,0,0.7801,0.8539381469726559,0.0738381469726559
493,2280,27,1,166,5,0.821419073486328,0.8540957124837231,0.032676638997395036
448,2070,14,1,80,1,0.7453,0.8540999999999984,0.10879999999999845
448,2067,14,0,79,0,0.7451,0.8542999999999984,0.10919999999999841
416,2143,2,2,2,7,0.7749572686544793,0.8548441439570665,0.0798868753025872
380,1751,6,1,30,1,0.6303,0.8550494246723953,0.22474942467239534
380,1748,6,0,29,0,0.6301,0.8552494246723953,0.2251494246723953
493,2272,29,0,175,0,0.8201,0.855414785970051,0.035314785970051
453,2343,3,3,8,9,0.8459747126817487,0.8559747126817487,0.010000000000000009
454,2344,2,4,4,9,0.8459980367984743,0.8559980367984743,0.010000000000000009
447,2071,19,4,117,1,0.7453,0.8563655990600578,0.11106559906005786
447,2068,19,0,113,0,0.7451,0.8565655990600578,0.11146559906005782
424,1959,31,0,196,0,0.7051,0.856757220458984,0.151657220458984
440,2196,30,6,191,7,0.7938093437194822,0.8569358716837558,0.06312652796427365
489,2346,31,7,203,9,0.8471684909524961,0.8571684909524961,0.010000000000000009
469,2159,11,1,63,1,0.7803,0.8571762939453119,0.07687629394531192
469,2157,11,0,62,0,0.7801,0.8573762939453119,0.07727629394531188
435,2291,27,2,167,6,0.8256494174661682,0.8582875644388241,0.03263814697265599
411,2167,24,2,148,6,0.784058834615072,0.8583598210693693,0.07430098645429728
468,2367,39,7,235,8,0.8534286102294921,0.8584286102294921,0.0050000000000000044
506,2356,19,2,123,8,0.8504999999999999,0.8604999999999999,0.010000000000000009
477,2357,14,6,85,9,0.8506999999999996,0.8606999999999996,0.010000000000000009
492,2359,5,3,27,9,0.8509,0.8609,0.010000000000000009
423,1960,8,2,42,1,0.7052999999999999,0.8612298222038484,0.15592982220384843
474,2220,18,4,110,7,0.8005,0.8613,0.060799999999999965
423,1957,8,0,40,0,0.7051,0.8614298222038483,0.1563298222038484
475,2187,5,1,17,1,0.7903,0.8614999999999999,0.07119999999999993
475,2184,5,0,16,0,0.7901,0.8616999999999999,0.07159999999999989
457,2364,5,4,28,9,0.8531136317491314,0.8631136317491314,0.010000000000000009
473,2384,39,5,233,8,0.858428610229492,0.863428610229492,0.0050000000000000044
468,2348,39,6,226,5,0.8482286102294921,0.8636286102294921,0.01539999999999997
481,2250,31,5,201,7,0.811619073486328,0.864338146972656,0.05271907348632798
420,2100,4,4,14,7,0.7598399864419941,0.8647565116344615,0.10491652519246741
471,2207,14,5,84,7,0.7955,0.8659809265136719,0.07048092651367188
453,2318,3,1,6,6,0.8357747126817487,0.8661747126817487,0.030399999999999983
364,1676,32,1,205,1,0.6053,0.8667376878061714,0.2614376878061715
434,2360,24,4,150,9,0.8515076789154061,0.8667687007690101,0.015261021853604007
364,1673,32,0,204,0,0.6051,0.8669376878061714,0.26183768780617145
443,2381,2,4,4,9,0.8573620753402698,0.8673620753402698,0.010000000000000009
454,2310,8,4,44,6,0.8346789633121463,0.8673620753402698,0.03268311202812346
489,2319,31,2,198,6,0.8369684909524961,0.8673684909524961,0.030399999999999983
473,2366,39,4,224,5,0.853228610229492,0.868628610229492,0.01539999999999997
468,2335,39,0,220,3,0.8430286102294922,0.8688286102294921,0.025799999999999934
506,2327,19,5,118,5,0.8402999999999999,0.8706999999999999,0.030399999999999983
506,2324,19,0,113,0,0.8401,0.8708999999999999,0.03079999999999994
500,2391,16,7,99,9,0.8609,0.8709,0.010000000000000009
459,2179,19,0,121,7,0.786619073486328,0.8711762939453119,0.08455722045898395
463,2393,33,3,210,9,0.861419073486328,0.871419073486328,0.010000000000000009
432,2376,24,4,150,9,0.8562466570618021,0.8715076789154061,0.015261021853604007
441,2113,8,6,46,7,0.7650614990193679,0.8726048565291226,0.10754335750975463
450,2108,19,1,122,7,0.761619073486328,0.8726811162923163,0.1110620428059883
457,2334,5,4,20,6,0.8429136317491314,0.8733136317491313,0.030399999999999983
426,2192,4,2,12,6,0.7926213016750754,0.8734723130776179,0.08085101140254247
473,2347,39,6,218,3,0.848028610229492,0.873828610229492,0.025799999999999934
477,2311,14,3,82,6,0.8348999999999992,0.8752999999999992,0.04039999999999999
481,2218,29,1,176,1,0.8003,0.875657220458984,0.07535722045898396
481,2215,29,0,175,0,0.8001,0.875857220458984,0.07575722045898392
490,2407,18,5,111,9,0.8659,0.8759,0.010000000000000009
453,2290,3,2,7,7,0.8255747126817488,0.8763747126817487,0.050799999999999956
489,2293,31,4,200,7,0.8266999999999999,0.8775684909524961,0.05086849095249624
492,2332,5,5,21,6,0.8407,0.8775852354569292,0.03688523545692923
483,2426,39,2,230,7,0.873228610229492,0.8782286102294921,0.0050000000000000044
491,2412,20,7,132,9,0.8685060623168938,0.8785060623168938,0.010000000000000009
500,2358,16,2,94,6,0.8507,0.8811,0.030399999999999983
459,2123,19,2,115,1,0.766419073486328,0.8813762939453119,0.11495722045898393
485,2421,23,4,143,9,0.872019073486328,0.882019073486328,0.010000000000000009
459,2116,23,0,139,0,0.7651,0.8826953674316399,0.1175953674316399
463,2350,30,3,188,6,0.8500474906921381,0.882738146972656,0.032690656280517816
504,2425,26,5,164,9,0.8731381469726559,0.8831381469726559,0.010000000000000009
483,2445,39,6,234,8,0.878428610229492,0.883428610229492,0.0050000000000000044
457,2306,5,6,22,7,0.8327136317491314,0.8835136317491313,0.050799999999999956
425,2122,4,3,13,7,0.7657386532226557,0.8839030112101689,0.11816435798751324
477,2265,14,4,83,7,0.8155,0.8854999999999992,0.06999999999999917
430,2175,32,2,206,7,0.7859755923338979,0.8855788107370126,0.0996032184031147
490,2375,18,3,109,6,0.8557,0.8861,0.030399999999999983
471,2172,14,2,81,1,0.7853,0.8861809265136719,0.10088092651367186
471,2169,14,0,79,0,0.7851,0.8863809265136718,0.10128092651367182
455,2439,6,4,33,9,0.8764433013576121,0.8864433013576121,0.010000000000000009
508,2441,10,0,61,9,0.8770190734863279,0.8870190734863279,0.010000000000000009
461,2442,23,5,144,9,0.8772727185058589,0.8872727185058589,0.010000000000000009
458,2161,19,1,122,7,0.7805,0.887588194417317,0.10708819441731698
488,2464,39,5,241,10,0.8834286102294922,0.8884286102294922,0.0050000000000000044
488,2463,39,2,238,9,0.8834286102294922,0.8884286102294922,0.0050000000000000044
483,2427,39,5,225,5,0.873228610229492,0.888628610229492,0.01539999999999997
497,2453,14,6,85,9,0.8810999999999996,0.8910999999999996,0.010000000000000009
482,2454,5,2,26,9,0.8813,0.8913,0.010000000000000009
500,2330,16,4,96,7,0.8405,0.8913,0.050799999999999956
485,2396,23,1,140,6,0.861819073486328,0.892219073486328,0.030399999999999983
435,2189,32,2,206,7,0.7907087974896917,0.8925501628654624,0.10184136537577071
441,2047,8,1,41,1,0.7353,0.8928048565291226,0.1575048565291226
505,2459,31,6,202,9,0.8828190734863279,0.8928190734863279,0.010000000000000009
463,2308,30,7,192,7,0.8329591097005205,0.8929381469726559,0.059979037272135494
441,2044,8,0,40,0,0.7351,0.8930048565291225,0.15790485652912256
509,2462,33,4,211,9,0.8831381469726559,0.8931381469726559,0.010000000000000009
438,2036,6,1,30,1,0.731419073486328,0.8931839069448265,0.16176483345849857
413,1895,2,1,1,1,0.6853,0.8932864464587675,0.20798644645876752
413,1892,2,0,0,0,0.6851,0.8934864464587675,0.20838644645876747
488,2444,39,1,229,6,0.8782286102294922,0.8936286102294921,0.01539999999999997
494,2466,9,4,51,9,0.8838080671629315,0.8938080671629315,0.010000000000000009
483,2411,39,3,215,2,0.8680286102294921,0.893828610229492,0.025799999999999934
504,2395,30,4,189,6,0.8618190734863279,0.8944572204589839,0.03263814697265599
417,2225,24,2,148,6,0.8020067868408208,0.894496728418003,0.09248994157718216
438,2029,3,0,5,0,0.7301,0.8945029804311545,0.16440298043115453
416,1910,2,1,1,1,0.6903,0.8946047195824918,0.20430471958249175
416,1907,2,0,0,0,0.6901,0.8948047195824917,0.2047047195824917
515,2474,15,5,91,9,0.8858999999999999,0.8958999999999999,0.010000000000000009
449,2069,30,0,185,0,0.7451,0.896757220458984,0.151657220458984
508,2410,10,1,54,6,0.8668190734863279,0.8972190734863279,0.030399999999999983
492,2301,5,0,24,7,0.8305,0.8977852354569292,0.06728523545692922
458,2104,19,1,114,1,0.7603,0.8977881944173169,0.13748819441731697
458,2102,19,0,113,0,0.7601,0.8979881944173169,0.13788819441731692
474,2188,18,1,107,1,0.7903,0.8981936421712239,0.10789364217122388
381,1761,32,1,205,1,0.6353,0.8982004405821064,0.2629004405821064
474,2186,18,0,106,0,0.7901,0.8983936421712239,0.10829364217122384
381,1759,32,0,204,0,0.6351,0.8984004405821063,0.26330044058210633
461,2408,19,6,119,6,0.8659536450195309,0.8985917919921869,0.03263814697265599
454,2212,8,6,46,7,0.7990202568314158,0.898822770637483,0.0998025138060672
488,2424,39,3,223,4,0.8730286102294922,0.8988286102294921,0.025799999999999934
444,2478,24,4,150,9,0.8894901919800147,0.8994901919800147,0.010000000000000009
491,2380,19,7,120,6,0.8571869888305658,0.8998251358032218,0.042638146972656
495,2484,6,3,32,9,0.8907194825216596,0.9007194825216596,0.010000000000000009
482,2399,5,5,21,6,0.8646147645430707,0.9015,0.03688523545692923
485,2362,23,3,142,7,0.851619073486328,0.902419073486328,0.050799999999999956
505,2422,31,3,199,6,0.872619073486328,0.9030190734863279,0.030399999999999983
518,2488,26,4,163,9,0.8931381469726559,0.9031381469726559,0.010000000000000009
487,2489,5,3,27,9,0.8932055112662013,0.9032055112662013,0.010000000000000009
426,2136,4,4,14,7,0.7724213016750754,0.9036723130776179,0.13125101140254247
494,2428,9,2,49,6,0.8736080671629315,0.9040080671629315,0.030399999999999983
451,2491,6,4,33,9,0.8945029804311545,0.9045029804311545,0.010000000000000009
504,2361,30,0,193,7,0.8516190734863279,0.9046572204589839,0.053038146972655964
490,2317,18,4,110,7,0.8355,0.9063,0.07079999999999997
520,2501,3,4,9,9,0.8970190734863279,0.9070190734863279,0.010000000000000009
496,2502,20,6,131,9,0.897019073486328,0.907019073486328,0.010000000000000009
508,2378,10,5,58,7,0.8566190734863279,0.9074190734863279,0.050799999999999956
489,2262,31,1,197,1,0.8153,0.9077684909524961,0.0924684909524961
489,2258,31,0,196,0,0.8151,0.9079684909524961,0.09286849095249605
492,2274,5,2,18,1,0.8203,0.9079852354569292,0.08768523545692919
478,2504,31,7,203,9,0.8980365766473989,0.9080365766473989,0.010000000000000009
492,2271,5,0,16,0,0.8201,0.9081852354569292,0.08808523545692915
477,2204,14,1,80,1,0.7953,0.9083999999999988,0.11309999999999876
498,2524,39,7,235,8,0.9034286102294922,0.9084286102294922,0.0050000000000000044
477,2201,14,0,79,0,0.7951,0.9085999999999987,0.11349999999999871
462,2132,21,1,134,1,0.7703,0.9092019616699215,0.13890196166992153
462,2129,21,0,133,0,0.7701,0.9094019616699215,0.13930196166992148
491,2305,19,0,121,7,0.8323976837158198,0.9100251358032218,0.07762745208740196
467,2509,18,6,112,9,0.9001236598103832,0.9101236598103832,0.010000000000000009
497,2409,14,3,82,6,0.8664999999999999,0.9115999999999993,0.04509999999999936
482,2368,5,7,23,7,0.8544147645430707,0.9117,0.05728523545692921
516,2518,14,6,85,9,0.9020190734863279,0.9120190734863279,0.010000000000000009
495,2447,8,5,45,6,0.8794004090353316,0.9120385560079876,0.03263814697265599
434,2241,24,2,148,6,0.8096697980102546,0.9124743062988087,0.10280450828855403
502,2519,5,4,28,9,0.903022702909456,0.913022702909456,0.010000000000000009
511,2520,29,7,182,9,0.9031381469726559,0.9131381469726559,0.010000000000000009
460,2521,24,4,150,9,0.9031943563963823,0.9131943563963824,0.010000000000000009
505,2390,31,5,201,7,0.8604999999999999,0.9132190734863279,0.05271907348632798
518,2460,26,1,160,6,0.8829381469726559,0.9133381469726559,0.030399999999999983
487,2461,5,4,20,6,0.8830055112662013,0.9134055112662013,0.030399999999999983
503,2536,39,0,236,9,0.9084286102294921,0.9134286102294921,0.0050000000000000044
503,2537,39,3,239,10,0.9084286102294921,0.9134286102294921,0.0050000000000000044
498,2505,39,6,226,5,0.8982286102294922,0.9136286102294922,0.01539999999999997
436,2021,30,1,186,1,0.7253,0.9142260565088657,0.18892605650886574
439,2032,30,1,186,1,0.7303,0.9143562786853117,0.1840562786853117
436,2018,30,0,185,0,0.7251,0.9144260565088657,0.1893260565088657
439,2030,30,0,185,0,0.7301,0.9145562786853116,0.18445627868531167
420,1944,4,1,11,1,0.7003,0.9149565116344616,0.21465651163446153
420,1941,4,0,10,0,0.7001000000000001,0.9151565116344615,0.2150565116344615
432,2253,24,2,148,6,0.8123555743774419,0.9153176931866462,0.10296211880920436
494,2397,2,3,3,7,0.8622889936766035,0.9153271406492595,0.053038146972655964
509,2420,27,2,167,6,0.8718190734863279,0.9157762939453119,0.04395722045898398
504,2328,29,2,177,1,0.8402999999999999,0.9159762939453119,0.07567629394531195
515,2437,15,3,89,6,0.8756999999999999,0.9160999999999999,0.04039999999999999
504,2325,29,0,175,0,0.8401,0.9161762939453119,0.0760762939453119
520,2473,7,3,37,6,0.8856999999999999,0.9183381469726559,0.03263814697265599
503,2522,39,7,227,6,0.9032286102294921,0.918628610229492,0.01539999999999997
508,2340,12,2,68,1,0.8452999999999999,0.9187381469726559,0.07343814697265594
461,2294,19,1,122,7,0.8294600028483069,0.9187917919921869,0.08933178914387996
498,2487,39,7,219,3,0.8930286102294922,0.9188286102294921,0.025799999999999934
508,2337,12,0,66,0,0.8451,0.9189381469726559,0.0738381469726559
478,2476,30,5,190,6,0.8867175031610709,0.9193556501337269,0.03263814697265599
500,2299,16,1,93,1,0.8303,0.9196,0.08929999999999993
500,2297,16,0,92,0,0.8301000000000001,0.9198,0.08969999999999989
491,2261,19,3,116,1,0.8153,0.9202251358032217,0.10492513580322171
491,2257,19,0,113,0,0.8151,0.9204251358032217,0.10532513580322167
467,2446,19,7,120,6,0.8788045863240552,0.9214427332967112,0.042638146972656
443,2275,4,2,12,6,0.8208014102436699,0.9220924282137019,0.10129101797003193
507,2565,39,5,233,8,0.9184286102294921,0.9234286102294921,0.0050000000000000044
486,2551,29,0,183,9,0.9135346183855366,0.9235346183855366,0.010000000000000009
518,2423,26,3,162,7,0.872738146972656,0.9235381469726559,0.050799999999999956
487,2398,5,0,24,7,0.8628055112662013,0.9236055112662013,0.060799999999999965
503,2503,39,1,221,4,0.8980286102294921,0.923828610229492,0.025799999999999934
510,2552,18,5,111,9,0.9138603088378906,0.9238603088378906,0.010000000000000009
502,2486,8,3,43,6,0.891703629423128,0.924341776395784,0.03263814697265599
440,2033,30,1,186,1,0.7303,0.9244446596769293,0.1941446596769294
440,2031,30,0,185,0,0.7301,0.9246446596769293,0.19454465967692935
499,2557,28,4,173,9,0.915289172105577,0.925289172105577,0.010000000000000009
519,2559,15,5,91,9,0.9158999999999999,0.9259,0.010000000000000009
543,2561,13,4,77,8,0.916619073486328,0.926619073486328,0.010000000000000009
444,2323,24,2,148,6,0.8386419804443362,0.9270300447686909,0.08838806432435464
453,2093,9,1,48,1,0.7553,0.9276937861680767,0.17239378616807677
453,2090,9,0,47,0,0.7551,0.9278937861680767,0.17279378616807672
512,2578,39,6,234,8,0.923428610229492,0.928428610229492,0.0050000000000000044
507,2550,39,4,224,5,0.9132286102294921,0.9286286102294921,0.01539999999999997
497,2345,14,5,84,7,0.846619073486328,0.9286595367431626,0.08204046325683456
450,2081,21,1,134,1,0.7503,0.9294640044759098,0.17916400447590985
450,2079,21,0,133,0,0.7501,0.9296640044759098,0.1795640044759098
496,2477,20,3,128,6,0.886819073486328,0.9299190734863281,0.04310000000000003
460,2369,24,2,148,6,0.8544705518552989,0.9305327567142473,0.07606220485894843
522,2572,31,6,202,9,0.9208999999999999,0.9309,0.010000000000000009
467,2331,19,1,122,7,0.8405790763346349,0.9316427332967112,0.0910636569620763
468,2156,2,0,0,0,0.7801,0.9317572204589841,0.1516572204589841
501,2575,28,5,174,9,0.9220190734863278,0.9320190734863278,0.010000000000000009
535,2576,16,6,98,9,0.922019073486328,0.932019073486328,0.010000000000000009
495,2342,8,6,46,7,0.8455,0.9322385560079876,0.08673855600798752
516,2457,14,3,82,6,0.8818190734863279,0.9323286102294922,0.050509536743164274
457,2105,9,1,48,1,0.761419073486328,0.9334049214219828,0.17198584793565486
505,2329,31,1,197,1,0.8402999999999999,0.9334190734863279,0.09311907348632797
513,2591,39,4,240,10,0.9284286102294921,0.9334286102294921,0.0050000000000000044
513,2590,39,1,237,9,0.9284286102294921,0.9334286102294921,0.0050000000000000044
505,2326,31,0,196,0,0.8401,0.9336190734863279,0.09351907348632793
512,2564,39,5,225,5,0.918228610229492,0.933628610229492,0.01539999999999997
425,1961,9,1,48,1,0.7052999999999999,0.9336385490986053,0.2283385490986054
486,2523,29,5,180,6,0.9033346183855366,0.9337346183855366,0.030399999999999983
507,2534,39,0,220,3,0.9080286102294921,0.933828610229492,0.025799999999999934
425,1958,9,0,47,0,0.7051,0.9338385490986053,0.22873854909860536
510,2525,18,2,108,6,0.9036603088378906,0.9340603088378906,0.030399999999999983
457,2101,3,0,5,0,0.7601,0.9347239949083108,0.17462399490831082
518,2392,29,3,178,1,0.861419073486328,0.9348572204589839,0.07343814697265594
511,2458,27,2,167,6,0.8818190734863279,0.9348969116210932,0.0530778381347653
519,2498,15,3,89,6,0.8956999999999999,0.9360999999999999,0.04039999999999999
518,2386,27,0,165,0,0.8601,0.9361762939453119,0.0760762939453119
515,2406,15,4,90,7,0.8654999999999999,0.9362999999999999,0.07079999999999997
499,2526,30,2,187,6,0.903970098619249,0.936608245591905,0.03263814697265599
473,2170,14,0,79,0,0.7851,0.936757220458984,0.151657220458984
531,2588,20,7,132,9,0.9278404632568359,0.9378404632568359,0.010000000000000009
543,2532,17,2,102,5,0.9053,0.937938146972656,0.03263814697265599
532,2589,5,2,26,9,0.928138146972656,0.938138146972656,0.010000000000000009
543,2529,17,0,100,0,0.9051,0.938138146972656,0.033038146972655946
502,2382,8,6,46,7,0.8578032203877964,0.9383901662018858,0.08058694581408932
513,2577,39,0,228,6,0.9232286102294921,0.9386286102294921,0.01539999999999997
512,2549,39,6,218,3,0.913028610229492,0.9388286102294919,0.025799999999999934
490,2260,18,1,107,1,0.8153,0.9402333333333333,0.12493333333333323
490,2256,18,0,106,0,0.8151,0.9404333333333332,0.12533333333333319
533,2601,16,7,99,9,0.9309,0.9409,0.010000000000000009
522,2545,31,2,198,6,0.9107,0.9410999999999999,0.030399999999999983
529,2603,14,6,85,9,0.9311999999999997,0.9411999999999997,0.010000000000000009
426,1972,9,1,48,1,0.7102999999999999,0.941546269845585,0.23124626984558505
426,1969,9,0,47,0,0.7101,0.941746269845585,0.231646269845585
466,2604,2,4,4,9,0.9319483959073019,0.941948395907302,0.010000000000000009
535,2547,16,3,95,6,0.911819073486328,0.9422190734863279,0.030399999999999983
495,2287,8,2,42,1,0.8253,0.9424385560079875,0.1171385560079875
495,2284,8,0,40,0,0.8251000000000001,0.9426385560079875,0.11753855600798746
501,2543,30,3,188,6,0.9106999999999998,0.9433381469726558,0.03263814697265599
455,2322,4,2,12,6,0.8374872060541407,0.943484050405567,0.10599684435142631
513,2563,39,2,222,4,0.9180286102294921,0.943828610229492,0.025799999999999934
524,2609,28,4,173,9,0.9344572204589839,0.944457220458984,0.010000000000000009
464,2613,5,3,27,9,0.9352013416693585,0.9452013416693585,0.010000000000000009
494,2279,2,1,1,1,0.821419073486328,0.9455271406492595,0.12410806716293143
478,2363,32,2,206,7,0.8525,0.9456842288285862,0.09318422882858612
509,2379,27,3,168,7,0.8566190734863279,0.9459762939453119,0.08935722045898398
499,2490,30,6,191,7,0.893770098619249,0.946808245591905,0.053038146972655964
494,2270,3,0,5,0,0.8201,0.9468462141355874,0.1267462141355874
527,2636,39,3,231,7,0.9432286102294921,0.9482286102294921,0.0050000000000000044
411,2053,24,3,149,7,0.737978610229492,0.9485598210693692,0.21058121083987724
502,2315,8,1,41,1,0.8352999999999999,0.9485901662018857,0.11329016620188581
523,2620,18,6,112,9,0.9387127156575519,0.9487127156575519,0.010000000000000009
502,2312,8,0,40,0,0.8351,0.9487901662018857,0.11369016620188577
532,2562,7,4,38,6,0.916819073486328,0.949457220458984,0.03263814697265599
485,2233,21,1,134,1,0.8053,0.9496118270996088,0.14431182709960877
520,2435,7,5,39,7,0.8755,0.9497129438711336,0.07421294387113364
485,2229,21,0,133,0,0.8051,0.9498118270996088,0.14471182709960873
454,2092,6,1,30,1,0.7553,0.950141844123811,0.194841844123811
454,2089,6,0,29,0,0.7551,0.950341844123811,0.19524184412381096
533,2571,16,2,94,6,0.9207,0.9511,0.030399999999999983
522,2514,31,4,200,7,0.9005,0.9512999999999999,0.050799999999999956
472,2630,9,5,52,9,0.9420173259016837,0.9520173259016838,0.010000000000000009
443,2221,4,3,13,7,0.8006014102436699,0.9522924282137019,0.15169101797003193
519,2436,15,4,90,7,0.8755,0.9528999999999997,0.0773999999999998
527,2652,39,7,235,8,0.9484286102294921,0.9534286102294921,0.0050000000000000044
501,2512,30,7,192,7,0.9004999999999999,0.9535381469726558,0.053038146972655964
516,2418,11,2,64,7,0.8704999999999999,0.9536476837158202,0.08314768371582026
510,2465,18,4,110,7,0.8834603088378906,0.9542603088378906,0.07079999999999997
534,2639,20,6,131,9,0.944719073486328,0.954719073486328,0.010000000000000009
524,2548,27,2,167,6,0.911819073486328,0.9557762939453119,0.04395722045898398
515,2373,15,2,88,1,0.8553,0.9564999999999999,0.10119999999999996
515,2371,15,0,86,0,0.8551,0.9566999999999999,0.10159999999999991
483,2231,30,0,185,0,0.8051,0.956757220458984,0.151657220458984
463,2133,30,1,186,1,0.771419073486328,0.9568511908281108,0.18543211734178278
509,2341,28,1,170,1,0.8452999999999999,0.9572953674316399,0.11199536743163996
509,2338,28,0,169,0,0.8451,0.9574953674316399,0.11239536743163991
496,2440,20,5,130,7,0.8766190734863281,0.9577857401529948,0.08116666666666672
451,2349,4,2,12,6,0.8493686511044799,0.9580797955682442,0.10871114446376429
531,2533,20,3,128,6,0.9057,0.9581065929321292,0.05240659293212924
463,2130,33,0,207,0,0.7701,0.9581702643144387,0.18807026431443874
527,2637,39,6,226,5,0.9432286102294921,0.9586286102294921,0.01539999999999997
511,2394,27,3,168,7,0.8616190734863279,0.9587233723958328,0.0971042989095049
523,2592,18,3,109,6,0.9285127156575519,0.9589127156575519,0.030399999999999983
482,2216,6,1,30,1,0.8003,0.9604436276138245,0.1601436276138245
482,2213,6,0,29,0,0.8001,0.9606436276138245,0.16054362761382446
533,2542,16,4,96,7,0.9105,0.9612999999999999,0.050799999999999956
522,2417,31,1,197,1,0.8703,0.9614999999999999,0.09119999999999995
522,2415,31,0,196,0,0.8701,0.9616999999999999,0.0915999999999999
488,2244,25,0,151,0,0.8101,0.9617572204589842,0.1516572204589841
536,2662,14,6,85,9,0.9523095367431635,0.9623095367431636,0.010000000000000009
535,2516,16,5,97,7,0.901619073486328,0.9624190734863279,0.060799999999999965
527,2619,39,4,216,2,0.9380286102294921,0.9638286102294921,0.025799999999999934
521,2663,33,3,210,9,0.9539329787176217,0.9639329787176217,0.010000000000000009
538,2664,16,6,98,9,0.954,0.964,0.010000000000000009
455,2266,2,2,2,7,0.8161681325678127,0.964803123891895,0.1486349913240823
567,2672,9,3,50,9,0.9555,0.9655,0.010000000000000009
567,2673,4,5,15,10,0.956619073486328,0.966619073486328,0.010000000000000009
545,2678,15,5,91,9,0.957019073486328,0.967019073486328,0.010000000000000009
556,2679,26,5,164,9,0.957019073486328,0.967019073486328,0.010000000000000009
524,2456,27,3,168,7,0.881619073486328,0.9673498331705723,0.08573075968424437
487,2246,6,1,30,1,0.8103,0.9675869343735454,0.15728693437354535
529,2544,14,3,82,6,0.9107,0.9676769755045573,0.05697697550455738
487,2243,6,0,29,0,0.8101,0.9677869343735453,0.1576869343735453
486,2429,32,2,206,7,0.8738047109757715,0.9696088610693416,0.09580415009357013
497,2292,14,2,81,1,0.826419073486328,0.9697494209289532,0.14333034744262518
520,2403,7,2,36,1,0.8653,0.9699129438711336,0.10461294387113362
511,2355,28,2,171,1,0.8503,0.9700424458821608,0.11974244588216088
520,2400,7,0,34,0,0.8651,0.9701129438711336,0.10501294387113358
430,1991,32,1,205,1,0.7164190734863279,0.9701737032956794,0.2537546298093515
511,2353,28,0,169,0,0.8501,0.9702424458821608,0.12014244588216083
497,2285,10,0,53,0,0.8251000000000001,0.9710684944152812,0.14596849441528115
430,1987,33,0,207,0,0.7151,0.9714927767820074,0.25639277678200745
542,2691,5,4,28,9,0.962019073486328,0.972019073486328,0.010000000000000009
571,2692,13,4,77,8,0.962738146972656,0.972738146972656,0.010000000000000009
519,2404,15,1,87,1,0.8653,0.9730999999999997,0.10779999999999978
480,2693,24,4,150,9,0.9632508708491763,0.9732508708491763,0.010000000000000009
519,2401,15,0,86,0,0.8651,0.9732999999999997,0.10819999999999974
538,2638,16,3,95,6,0.9438,0.9742,0.030399999999999983
534,2574,20,3,128,6,0.921819073486328,0.9749852031616213,0.05316612967529333
521,2633,30,4,189,6,0.9426139052312937,0.9752520522039497,0.03263814697265599
562,2703,5,2,26,9,0.967019073486328,0.977019073486328,0.010000000000000009
556,2650,26,1,160,6,0.946819073486328,0.977219073486328,0.030399999999999983
567,2644,9,2,49,6,0.9453,0.977938146972656,0.03263814697265599
435,2022,32,1,205,1,0.7253,0.9780164744401855,0.2527164744401855
567,2642,9,0,47,0,0.9451,0.978138146972656,0.033038146972655946
435,2019,32,0,204,0,0.7251,0.9782164744401854,0.2531164744401855
451,2267,4,4,14,7,0.8172812566999419,0.9782797955682442,0.1609985388683023
524,2416,29,4,179,1,0.8703,0.9786689066569003,0.10836890665690035
524,2414,29,0,175,0,0.8701,0.9788689066569003,0.10876890665690031
523,2535,18,4,110,7,0.9083127156575519,0.9789920979817704,0.07067938232421855
461,2118,22,1,137,1,0.7653,0.9801108654785149,0.2148108654785149
461,2115,22,0,136,0,0.7651,0.9803108654785149,0.21521086547851487
417,2076,24,3,149,7,0.747978610229492,0.9809125393850074,0.23293392915551547
498,2296,7,0,34,0,0.8301000000000001,0.9817572204589842,0.1516572204589841
558,2716,10,7,60,9,0.972019073486328,0.982019073486328,0.010000000000000009
547,2733,39,4,232,7,0.9782522700398754,0.9832522700398754,0.0050000000000000044
535,2483,17,1,101,1,0.8903,0.9837381469726559,0.09343814697265596
535,2480,17,0,100,0,0.8901,0.9839381469726559,0.09383814697265591
532,2500,7,5,39,7,0.896619073486328,0.9840218439205858,0.08740277043425781
571,2658,17,2,102,5,0.951419073486328,0.984057220458984,0.03263814697265599
538,2579,16,5,97,7,0.9236,0.9843999999999999,0.060799999999999965
510,2354,18,1,107,1,0.8503,0.9844603088378906,0.13416030883789065
533,2471,16,1,93,1,0.8853,0.9845999999999999,0.09929999999999994
537,2704,2,4,4,9,0.968138146972656,0.9846014970468343,0.016463350074178318
510,2352,18,0,106,0,0.8501,0.9846603088378906,0.1345603088378906
533,2469,16,0,92,0,0.8851,0.9847999999999999,0.0996999999999999
455,2091,2,1,1,1,0.7553,0.985003123891895,0.22970312389189507
455,2088,2,0,0,0,0.7551,0.985203123891895,0.23010312389189502
571,2654,14,0,79,0,0.9501000000000001,0.985376293945312,0.035276293945311954
521,2606,30,0,193,7,0.9324139052312937,0.9854520522039497,0.053038146972655964
466,2430,4,2,12,6,0.875001076413716,0.9858667447096662,0.11086566829595013
579,2728,19,2,123,8,0.9766190734863279,0.9866190734863279,0.010000000000000009
516,2388,11,1,63,1,0.8603,0.9866969116210936,0.12639691162109368
503,2313,28,0,169,0,0.8351,0.9867572204589841,0.1516572204589841
516,2385,11,0,62,0,0.8601,0.9868969116210936,0.12679691162109363
562,2675,5,4,20,6,0.956819073486328,0.987219073486328,0.030399999999999983
528,2729,3,3,8,9,0.9772648471210122,0.9872648471210123,0.010000000000000009
556,2618,26,2,161,7,0.936619073486328,0.987419073486328,0.050799999999999956
525,2730,20,7,132,9,0.9778667270236543,0.9878667270236543,0.010000000000000009
544,2715,2,4,4,9,0.9716747968984777,0.988138146972656,0.016463350074178318
464,2443,4,2,12,6,0.8776034330233613,0.98815009960445,0.11054666658108869
547,2750,39,5,233,8,0.9834522700398753,0.9884522700398753,0.0050000000000000044
542,2661,5,5,21,6,0.951819073486328,0.9887381469726559,0.03691907348632795
514,2739,29,1,184,9,0.9794036207355323,0.9894036207355323,0.010000000000000009
467,2153,22,1,137,1,0.776419073486328,0.9908199832322852,0.21440090974595716
472,2467,4,2,12,6,0.8844194172556865,0.9908370299651235,0.10641761270943695
467,2146,25,0,151,0,0.7751,0.9921390567186131,0.21703905671861312
558,2690,10,2,55,6,0.961819073486328,0.992219073486328,0.030399999999999983
479,2726,24,4,150,9,0.9755563507128667,0.9925024981532314,0.01694614744036471
549,2764,39,6,234,8,0.9884286102294921,0.9934286102294921,0.0050000000000000044
547,2734,39,4,224,5,0.9782522700398754,0.9936522700398753,0.01539999999999997
545,2649,15,3,89,6,0.946819073486328,0.995078610229492,0.04825953674316397
517,2759,33,4,211,9,0.9855489849048524,0.9955489849048524,0.010000000000000009
484,2735,24,4,150,9,0.978610203272502,0.9955563507128667,0.01694614744036471
531,2497,20,4,129,7,0.8955,0.9959087905761722,0.10040879057617225
537,2676,8,4,44,6,0.956819073486328,0.9959205705331623,0.0391014970468343
553,2760,15,5,91,9,0.9866999999999999,0.9966999999999999,0.010000000000000009
507,2339,33,0,207,0,0.8451,0.9967572204589841,0.1516572204589841
579,2701,19,5,118,5,0.9664190734863279,0.9968190734863279,0.030399999999999983
434,2085,24,3,149,7,0.7530872843424479,0.9968926086123903,0.2438053242699424
562,2647,5,6,22,7,0.946619073486328,0.997419073486328,0.050799999999999956
569,2763,4,5,15,10,0.9875586555126532,0.9975586555126532,0.010000000000000009
579,2696,24,0,146,0,0.9651,0.9981381469726559,0.033038146972655946
549,2749,39,5,225,5,0.9832286102294922,0.9986286102294921,0.01539999999999997
569,2765,6,3,32,9,0.9886777289989812,0.9986777289989812,0.010000000000000009
528,2700,7,4,38,6,0.9659457736346843,0.9986777289989812,0.03273195536429696
556,2584,29,1,176,1,0.9253,0.998738146972656,0.07343814697265594
547,2718,39,5,217,2,0.9730522700398754,0.9988522700398753,0.025799999999999934
556,2582,29,0,175,0,0.9251,0.9989381469726559,0.0738381469726559
432,2094,24,3,149,7,0.7553254313151039,0.9991041317473751,0.24377870043227123
496,2288,21,1,134,1,0.8253,0.999141356065538,0.17384135606553797
496,2286,21,0,133,0,0.8251000000000001,0.999341356065538,0.17424135606553792
544,2688,7,3,37,6,0.9603557234121497,0.999457220458984,0.0391014970468343
555,2767,18,5,111,9,0.9895127156575518,0.9995127156575518,0.010000000000000009
514,2705,29,6,181,6,0.9692036207355323,0.9996036207355323,0.030399999999999983
542,2600,2,2,2,7,0.9305,1.000057220458984,0.06955722045898394
512,2351,7,0,34,0,0.8501,1.001757220458984,0.151657220458984
411,1896,22,1,137,1,0.6853,1.0020980417473904,0.31679804174739035
411,1894,22,0,136,0,0.6851,1.0022980417473903,0.3171980417473903
574,2777,5,3,27,9,0.992419073486328,1.0024190734863279,0.009999999999999898
558,2660,10,6,59,7,0.951619073486328,1.0024190734863279,0.050799999999999845
529,2513,14,4,83,7,0.9005,1.0032962761773003,0.10279627617730036
480,2632,24,2,148,6,0.9422724749448483,1.0034508708491763,0.06117839590432794
523,2419,18,1,107,1,0.871419073486328,1.0037722524007158,0.1323531789143878
549,2732,39,7,219,3,0.9780286102294922,1.003828610229492,0.025799999999999823
532,2475,7,1,35,1,0.886419073486328,1.0042218439205857,0.11780277043425769
548,2779,31,7,203,9,0.9942396298975862,1.0042396298975862,0.010000000000000009
523,2413,25,0,151,0,0.8701,1.0050913258870438,0.13499132588704377
536,2605,14,3,82,6,0.9319999999999993,1.0051725590176046,0.07317255901760533
532,2468,3,0,5,0,0.8851,1.0055409174069136,0.12044091740691365
517,2724,33,1,208,6,0.9753489849048524,1.0057489849048524,0.030399999999999983
513,2370,2,0,0,0,0.8551,1.006757220458984,0.1516572204589841
444,2162,24,3,149,7,0.7805,1.006912366135405,0.22641236613540494
464,2333,4,4,14,7,0.8416190734863279,1.0072001992089,0.165581125722572
562,2616,5,1,17,1,0.936419073486328,1.007619073486328,0.07119999999999993
499,2300,30,1,186,1,0.8303,1.0077842623550168,0.1774842623550168
499,2298,30,0,185,0,0.8301000000000001,1.0079842623550168,0.17788426235501675
460,2198,24,3,149,7,0.7941190734863279,1.0088583172162695,0.21473924372994158
562,2610,3,0,5,0,0.9351,1.008938146972656,0.0738381469726559
560,2792,15,5,91,9,0.9995595367431639,1.0095595367431638,0.009999999999999898
555,2738,18,2,108,6,0.9793127156575518,1.0097127156575518,0.030399999999999983
541,2778,14,6,85,9,0.9940193574693452,1.0097792349921302,0.01575987752278496
466,2321,4,3,13,7,0.8371820287946685,1.0113501170644992,0.17416808826983066
537,2648,8,6,46,7,0.946619073486328,1.0117411410663246,0.06512206757999661
443,2046,4,1,11,1,0.7353,1.0124924282137018,0.2771924282137018
574,2727,5,5,21,6,0.9757,1.0126190734863278,0.036919073486327836
443,2043,4,0,10,0,0.7351,1.0126924282137018,0.2775924282137018
501,2316,30,1,186,1,0.8352999999999999,1.0131164333286986,0.17781643332869868
501,2314,30,0,185,0,0.8351,1.0133164333286986,0.17821643332869863
558,2599,17,1,101,1,0.9303,1.0137381469726559,0.08343814697265584
558,2596,17,0,100,0,0.9301,1.0139381469726558,0.08383814697265579
540,2791,14,6,85,9,0.9982594799465602,1.0140193574693452,0.01575987752278507
538,2496,16,1,93,1,0.8953,1.0142499999999999,0.11894999999999989
538,2493,16,0,92,0,0.8951,1.0144499999999999,0.11934999999999985
534,2517,20,5,130,7,0.901619073486328,1.0151852031616213,0.11356612967529334
548,2748,30,5,190,6,0.9829205564112582,1.0155587033839142,0.03263814697265599
479,2645,24,2,148,6,0.9463743015660785,1.0162852890518796,0.06991098748580116
472,2336,4,3,13,7,0.8443248859375257,1.0163204023199566,0.17199551638243082
484,2651,24,2,148,6,0.948410203272502,1.0173032399050914,0.06889303663258939
526,2803,29,7,182,9,1.0076979811980804,1.0176979811980804,0.010000000000000009
417,1929,22,1,137,1,0.6953,1.0184864756444916,0.32318647564449154
417,1927,22,0,136,0,0.6951,1.0186864756444916,0.3235864756444915
557,2806,31,6,202,9,1.0089141637357677,1.0189141637357677,0.010000000000000009
542,2510,2,1,1,1,0.9003,1.020257220458984,0.11995722045898394
545,2586,11,2,64,7,0.9255,1.0204219116210933,0.09492191162109331
542,2506,2,0,0,0,0.9001,1.020457220458984,0.1203572204589839
555,2682,18,4,110,7,0.9592333333333333,1.0215013471815317,0.06226801384819847
578,2811,5,4,28,9,1.012019073486328,1.022019073486328,0.010000000000000009
574,2698,5,7,23,7,0.9655,1.0228190734863278,0.05731907348632781
553,2689,15,3,89,6,0.9614999999999999,1.022861080932617,0.06136108093261716
546,2812,14,6,85,9,1.0145706971062554,1.0245706971062554,0.010000000000000009
568,2817,5,2,26,9,1.0159787616128513,1.0259787616128513,0.010000000000000009
530,2816,20,6,131,9,1.0157742448815907,1.0260362789798971,0.010262034098306394
527,2431,15,0,86,0,0.8751,1.026757220458984,0.1516572204589841
526,2789,29,5,180,6,0.9974979811980805,1.0278979811980804,0.03039999999999987
569,2643,4,2,12,6,0.9453,1.0280429094551868,0.08274290945518681
591,2821,10,0,61,9,1.0181381469726558,1.0281381469726558,0.010000000000000009
569,2641,4,0,10,0,0.9451,1.0282429094551868,0.08314290945518676
557,2790,30,2,187,6,0.9975950902494398,1.0302332372220957,0.03263814697265588
478,2206,32,1,205,1,0.7953,1.0303321408561577,0.23503214085615765
575,2824,2,4,4,9,1.0203683779708965,1.0303683779708965,0.010000000000000009
478,2203,32,0,204,0,0.7951,1.0305321408561576,0.2354321408561576
578,2795,5,4,20,6,1.001819073486328,1.032219073486328,0.030399999999999983
574,2669,5,2,18,1,0.9553,1.0330190734863278,0.07771907348632778
595,2828,28,5,174,9,1.023138146972656,1.033138146972656,0.010000000000000009
574,2666,5,0,16,0,0.9551000000000001,1.0332190734863278,0.07811907348632774
554,2829,20,7,132,9,1.02332183806193,1.03332183806193,0.010000000000000009
521,2405,30,1,186,1,0.8653,1.034095889782375,0.16879588978237514
560,2714,15,3,89,6,0.9714999999999999,1.0341267181396483,0.06262671813964837
451,2083,4,1,11,1,0.751419073486328,1.0341485676758204,0.28272949418949245
521,2402,30,0,185,0,0.8651,1.034295889782375,0.1691958897823751
451,2077,3,0,5,0,0.7501,1.0354676411621484,0.2853676411621484
585,2834,16,7,99,9,1.02555,1.03555,0.010000000000000009
548,2717,30,6,191,7,0.9727205564112582,1.0357587033839142,0.06303814697265597
552,2833,20,6,131,9,1.0255122107832844,1.0357742448815908,0.010262034098306394
531,2472,20,1,126,1,0.8853,1.0361087905761721,0.15080879057617214
531,2470,20,0,125,0,0.8851,1.036308790576172,0.1512087905761721
568,2797,7,3,37,6,1.0046596881265233,1.0372978350991793,0.03263814697265599
596,2838,5,3,27,9,1.0276396440194902,1.0376396440194902,0.010000000000000009
599,2840,26,4,163,9,1.0281381469726558,1.0381381469726558,0.010000000000000009
580,2847,39,2,230,7,1.0332286102294919,1.0382286102294918,0.004999999999999893
576,2850,39,7,235,8,1.0334286102294918,1.0384286102294917,0.004999999999999893
464,2131,9,1,48,1,0.7703,1.038519272695228,0.26821927269522794
464,2128,9,0,47,0,0.7701,1.038719272695228,0.2686192726952279
528,2602,7,5,39,7,0.9310900502225345,1.0388777289989812,0.10778767877644668
525,2681,20,3,128,6,0.9579082039062492,1.0389694312422686,0.08106122733601939
591,2802,13,1,74,6,1.0068190734863278,1.0394572204589838,0.03263814697265599
544,2585,7,5,39,7,0.9255,1.0394623475939833,0.11396234759398327
557,2762,30,7,192,7,0.9873950902494398,1.0404332372220957,0.05303814697265585
570,2844,15,5,91,9,1.0311389190673825,1.0411389190673825,0.010000000000000009
555,2583,18,1,107,1,0.9253,1.0417013471815317,0.11640134718153172
555,2580,18,0,106,0,0.9251,1.0419013471815317,0.11680134718153168
578,2775,5,0,24,7,0.9916190734863279,1.042419073486328,0.050799999999999956
537,2495,6,1,30,1,0.8953,1.0430602145526526,0.14776021455265265
553,2628,15,4,90,7,0.9405,1.043061080932617,0.10256108093261707
537,2492,6,0,29,0,0.8951,1.0432602145526526,0.1481602145526526
551,2849,14,6,85,9,1.03333447994656,1.04333447994656,0.010000000000000009
580,2861,39,5,233,8,1.0384286102294917,1.0434286102294916,0.004999999999999893
529,2452,14,1,80,1,0.8803,1.0434962761773003,0.16319627617730037
576,2841,39,6,226,5,1.028228610229492,1.0436286102294916,0.015399999999999636
529,2449,14,0,79,0,0.8801,1.0436962761773003,0.16359627617730033
595,2810,27,2,167,6,1.011819073486328,1.044457220458984,0.03263814697265599
536,2553,14,5,84,7,0.914940463256836,1.0453725590176046,0.13043209576076864
534,2485,20,2,127,1,0.891419073486328,1.0453852031616213,0.15396612967529333
592,2855,16,6,98,9,1.03555,1.04555,0.010000000000000009
534,2481,23,0,139,0,0.8901,1.0467042766479493,0.1566042766479493
584,2858,20,7,132,9,1.0369064181857635,1.0469064181857635,0.010000000000000009
594,2859,3,4,9,9,1.037019073486328,1.0470190734863278,0.009999999999999787
486,2247,32,1,205,1,0.8103,1.048200610071352,0.23790061007135188
587,2868,39,3,231,7,1.0432286102294919,1.0482286102294918,0.004999999999999893
486,2245,32,0,204,0,0.8101,1.0484006100713519,0.23830061007135184
580,2848,39,4,224,5,1.0332286102294919,1.0486286102294915,0.015399999999999636
560,2656,15,4,90,7,0.9505,1.0486938995361326,0.09819389953613256
576,2827,39,0,220,3,1.023028610229492,1.0488286102294915,0.02579999999999938
596,2818,8,5,45,6,1.0163205705331622,1.0489587175058182,0.03263814697265599
599,2820,30,3,188,6,1.0168190734863278,1.0494572204589838,0.03263814697265599
591,2788,13,3,76,7,0.9966190734863279,1.0496572204589838,0.05303814697265585
480,2365,24,3,149,7,0.8532102032725021,1.0500340327009483,0.19682382942844623
460,2117,21,1,134,1,0.7653,1.0501773907025975,0.28487739070259754
597,2862,18,6,112,9,1.0403127156575518,1.0503127156575518,0.010000000000000009
460,2114,21,0,133,0,0.7651,1.0503773907025975,0.2852773907025975
545,2531,11,1,63,1,0.9053,1.0506219116210933,0.1453219116210933
545,2528,11,0,62,0,0.9051,1.0508219116210933,0.14572191162109327
570,2798,15,3,89,6,1.0049778381347654,1.0513389190673825,0.04636108093261715
582,2864,3,3,8,9,1.042019073486328,1.052019073486328,0.010000000000000009
559,2865,9,4,51,9,1.042191928620226,1.052191928620226,0.010000000000000009
572,2867,29,0,183,9,1.043179025753364,1.053179025753364,0.010000000000000009
589,2874,39,4,232,7,1.048228610229492,1.0532286102294919,0.004999999999999893
553,2569,15,2,88,1,0.9203,1.053261080932617,0.13296108093261705
587,2876,39,6,234,8,1.0484286102294917,1.0534286102294916,0.004999999999999893
553,2566,15,0,86,0,0.9201,1.053461080932617,0.133361080932617
580,2839,39,3,215,2,1.028028610229492,1.0538286102294914,0.02579999999999938
550,2870,24,4,150,9,1.0439227663270487,1.0539227663270487,0.010000000000000009
595,2794,27,3,168,7,1.001619073486328,1.054657220458984,0.053038146972655964
592,2830,16,3,95,6,1.02535,1.05575,0.030399999999999983
585,2814,16,2,94,6,1.01535,1.05575,0.04039999999999999
588,2871,23,6,145,9,1.0457873446994355,1.0557873446994355,0.010000000000000009
466,2149,4,1,11,1,0.7753,1.0561954486733238,0.28089544867332383
466,2144,4,0,10,0,0.7751,1.0563954486733238,0.2812954486733238
593,2873,3,4,9,9,1.0470190734863278,1.0570190734863278,0.010000000000000009
584,2836,19,6,119,6,1.0255873446994355,1.0582254916720915,0.03263814697265599
514,2608,32,2,206,7,0.9337604565067616,1.0583684149140722,0.12460795840731054
568,2702,7,5,39,7,0.966619073486328,1.058382654914081,0.09176358142775287
589,2879,39,7,235,8,1.0534286102294919,1.0584286102294918,0.004999999999999893
587,2869,39,5,225,5,1.0432286102294919,1.0586286102294915,0.015399999999999636
560,2598,15,1,87,1,0.9303,1.0588938995361326,0.12859389953613254
472,2171,4,1,11,1,0.7853,1.059083388711678,0.27378338871167796
560,2595,15,0,86,0,0.9301,1.0590938995361325,0.1289938995361325
596,2793,8,6,46,7,1.0005,1.0591587175058181,0.05865871750581819
472,2168,4,0,10,0,0.7851,1.059283388711678,0.2741833887116779
599,2801,30,0,193,7,1.0066190734863278,1.0596572204589838,0.053038146972655964
544,2530,7,2,36,1,0.9053,1.0596623475939833,0.15436234759398326
544,2527,7,0,34,0,0.9051,1.0598623475939832,0.15476234759398322
597,2842,18,3,109,6,1.0301127156575518,1.0605127156575518,0.030399999999999983
591,2757,12,1,67,1,0.9853,1.0609762939453118,0.07567629394531183
528,2451,6,1,30,1,0.8803,1.0611512731744237,0.18085127317442373
591,2754,12,0,66,0,0.9851,1.0611762939453118,0.07607629394531179
528,2448,6,0,29,0,0.8801,1.0613512731744237,0.1812512731744237
479,2377,24,3,149,7,0.8564005128667922,1.0613920955920693,0.20499158272527707
575,2786,4,2,12,6,0.9955,1.0616874514572245,0.06618745145722449
547,2539,22,0,136,0,0.9101,1.0617808802693673,0.15168088026936732
484,2383,24,3,149,7,0.8582102032725021,1.0621555587319782,0.20394535545947612
561,2877,9,5,52,9,1.052393716353171,1.062393716353171,0.010000000000000009
539,2878,33,3,210,9,1.0530002218069947,1.0630002218069947,0.010000000000000009
582,2843,7,4,38,6,1.0307,1.063338146972656,0.03263814697265599
589,2875,39,6,226,5,1.048228610229492,1.0636286102294916,0.015399999999999636
578,2686,9,1,48,1,0.9602999999999999,1.063738146972656,0.10343814697265596
587,2860,39,4,216,2,1.038028610229492,1.0638286102294914,0.02579999999999938
586,2880,16,7,99,9,1.0538925292968746,1.0638925292968746,0.010000000000000009
578,2683,9,0,47,0,0.9601,1.0639381469726559,0.10383814697265592
550,2852,24,2,148,6,1.0337227663270487,1.0641227663270487,0.030399999999999983
572,2846,30,4,189,6,1.031859952267036,1.064498099239692,0.03263814697265599
541,2665,14,3,82,6,0.954274999999999,1.0649984752725619,0.11072347527256288
517,2621,32,2,206,7,0.9394747422210474,1.0657428519172565,0.12626810969620905
583,2881,33,4,211,9,1.0557796174288476,1.0657796174288476,0.010000000000000009
585,2799,16,4,96,7,1.00515,1.06595,0.060799999999999965
592,2813,16,5,97,7,1.01515,1.06595,0.050799999999999956
548,2546,30,1,186,1,0.911419073486328,1.0659587033839142,0.15453962989758618
595,2773,28,1,170,1,0.9903,1.065976293945312,0.07567629394531195
588,2857,23,1,140,6,1.0355873446994355,1.0659873446994355,0.030399999999999983
595,2770,28,0,169,0,0.9901,1.0661762939453119,0.0760762939453119
549,2556,28,0,169,0,0.9151,1.0667572204589841,0.1516572204589841
434,2002,24,1,147,1,0.7202999999999999,1.0670926086123902,0.34679260861239025
594,2826,3,1,6,6,1.021819073486328,1.0672190734863278,0.045399999999999885
548,2540,26,0,159,0,0.9101,1.0672777768702422,0.15717777687024215
434,2000,24,0,146,0,0.7201,1.0672926086123902,0.3471926086123902
563,2882,20,6,131,9,1.0582137695177545,1.0682137695177545,0.010000000000000009
584,2815,19,0,121,7,1.0153873446994355,1.0684254916720914,0.053038146972655964
568,2646,7,1,35,1,0.946419073486328,1.0685826549140809,0.12216358142775285
589,2866,39,5,217,2,1.0430286102294921,1.0688286102294915,0.02579999999999938
432,2003,24,1,147,1,0.7214190734863279,1.0689881998709487,0.3475691263846208
557,2587,30,1,186,1,0.926419073486328,1.0690750592760352,0.14265598578970717
596,2772,8,2,42,1,0.9903,1.0693587175058181,0.07905871750581817
596,2769,8,0,40,0,0.9901,1.069558717505818,0.07945871750581812
568,2640,3,0,5,0,0.9451,1.0699017284004089,0.12480172840040882
432,1999,23,0,139,0,0.7201,1.0703072733572767,0.35020727335727675
557,2581,27,0,165,0,0.9251,1.0703941327623632,0.14529413276236314
597,2822,18,4,110,7,1.018324084133572,1.0707127156575518,0.05238863152397988
599,2785,29,2,177,1,0.9953,1.0709762939453118,0.07567629394531183
599,2782,29,0,175,0,0.9951,1.0711762939453118,0.07607629394531179
540,2677,14,3,82,6,0.956819073486328,1.0713586589883846,0.11453958550205656
593,2837,3,1,6,6,1.0268190734863278,1.0722190734863277,0.045399999999999885
570,2751,11,2,64,7,0.9836587646484374,1.0726579925537105,0.08899922790527315
575,2752,2,3,3,7,0.9841190734863281,1.0730065249435525,0.08888745145722443
582,2774,7,5,39,7,0.9904999999999999,1.073538146972656,0.08303814697265599
586,2851,16,2,94,6,1.0336925292968746,1.0740925292968746,0.04039999999999999
444,2060,24,1,147,1,0.7403,1.0745655101481129,0.3342655101481129
572,2809,30,6,191,7,1.011659952267036,1.074698099239692,0.06303814697265597
444,2057,24,0,146,0,0.7401,1.0747655101481128,0.33466551014811285
565,2883,20,7,132,9,1.0656115718737114,1.0756115718737114,0.010000000000000009
588,2831,23,2,141,7,1.0253873446994355,1.0761873446994354,0.050799999999999956
559,2805,4,2,12,6,1.0085500996044499,1.076236485223444,0.0676863856189942
594,2807,2,2,2,7,1.0105,1.0785381469726558,0.06803814697265587
530,2725,20,3,128,6,0.9753508626302079,1.078890165228351,0.10353930259814303
525,2607,20,4,129,7,0.9327181849283848,1.0791694312422686,0.14645124631388384
561,2823,4,2,12,6,1.0187518873373949,1.0799746375314714,0.061222750194076525
597,2783,18,1,107,1,0.9953,1.0809127156575518,0.0856127156575518
597,2780,18,0,106,0,0.9951,1.0811127156575517,0.08601271565755175
593,2819,3,2,7,7,1.0166190734863279,1.0824190734863277,0.06579999999999986
479,2205,22,1,137,1,0.7953,1.0827111690783973,0.28741116907839726
479,2202,22,0,136,0,0.7951,1.0829111690783972,0.2878111690783972
539,2853,33,1,208,6,1.0341899196179212,1.0832002218069947,0.04901030218907354
546,2712,14,3,82,6,0.9707,1.0835521269621662,0.11285212696216618
582,2709,7,2,36,1,0.9702999999999999,1.083738146972656,0.11343814697265597
582,2706,7,0,34,0,0.9701,1.083938146972656,0.11383814697265593
550,2736,24,3,149,7,0.9788333333333333,1.0843227663270487,0.10548943299371538
575,2670,9,1,48,1,0.9553,1.0843255984298805,0.12902559842988048
575,2667,9,0,47,0,0.9551000000000001,1.0845255984298805,0.12942559842988044
583,2856,33,1,208,6,1.0355796174288476,1.0845899196179212,0.04901030218907354
572,2659,30,1,186,1,0.951419073486328,1.084898099239692,0.1334790257533639
554,2731,20,3,128,6,0.9778667270236543,1.0849614644633783,0.10709473743972397
586,2804,11,2,64,7,1.0083492279052733,1.0854116027832026,0.07706237487792933
536,2482,14,2,81,1,0.8903,1.0855725590176046,0.19527255901760465
536,2479,14,0,79,0,0.8901,1.0857725590176046,0.1956725590176046
585,2723,16,1,93,1,0.9753,1.08615,0.11085
592,2758,16,1,93,1,0.9853,1.08615,0.10085
572,2655,33,0,207,0,0.9501000000000001,1.08621717272602,0.13611717272601986
585,2720,16,0,92,0,0.9751,1.08635,0.11124999999999996
592,2755,16,0,92,0,0.9851,1.08635,0.10124999999999995
559,2766,4,4,14,7,0.9895,1.086436485223444,0.096936485223444
573,2886,24,4,150,9,1.0765539387794325,1.0865539387794325,0.010000000000000009
552,2737,20,3,128,6,0.9789619133843315,1.086596402343152,0.10763448895882055
526,2680,32,2,206,7,0.9575976708869722,1.0872837360793186,0.12968606519234638
594,2771,2,1,1,1,0.9903,1.0887381469726558,0.09843814697265585
594,2768,2,0,0,0,0.9901,1.0889381469726558,0.0988381469726558
564,2887,14,6,85,9,1.079769300672742,1.09014777327926,0.010378472606517919
561,2787,4,3,13,7,0.9955,1.0901746375314714,0.09467463753147132
570,2657,11,1,63,1,0.951419073486328,1.0928579925537105,0.14143891906738248
593,2756,6,1,30,1,0.9853,1.0937381469726557,0.10843814697265575
593,2753,6,0,29,0,0.9851,1.0939381469726557,0.1088381469726557
570,2653,10,0,53,0,0.9501000000000001,1.0941770660400385,0.14407706604003845
573,2884,24,2,148,6,1.0663539387794325,1.0967539387794325,0.030399999999999983
551,2761,14,3,82,6,0.986819073486328,1.0970010990397123,0.1101820255533843
480,2217,24,1,147,1,0.8003,1.0992064624712805,0.2989064624712805
586,2722,11,1,63,1,0.9753,1.0992347976684564,0.1239347976684565
480,2214,24,0,146,0,0.8001,1.0994064624712805,0.29930646247128045
586,2719,11,0,62,0,0.9751,1.0994347976684564,0.12433479766845645
584,2710,21,1,134,1,0.9702999999999999,1.0997445651584195,0.1294445651584195
584,2707,21,0,133,0,0.9701,1.0999445651584194,0.12984456515841947
590,2889,14,6,85,9,1.0893908280662241,1.1008098001861566,0.01141897211993248
540,2617,14,5,84,7,0.936619073486328,1.1015586589883846,0.16493958550205656
484,2234,24,1,147,1,0.8053,1.1044014021988648,0.29910140219886483
484,2230,24,0,146,0,0.8051,1.1046014021988648,0.2995014021988648
588,2744,21,1,134,1,0.9803,1.1049191338433155,0.12461913384331558
588,2742,21,0,133,0,0.9801,1.1051191338433155,0.12501913384331553
541,2593,14,4,83,7,0.9295499999999993,1.1051984752725619,0.17564847527256255
563,2796,20,3,128,6,1.003302197644043,1.1057605984887826,0.10245840084473956
525,2438,21,1,134,1,0.876419073486328,1.1059131626909264,0.22949408920459846
559,2597,4,1,11,1,0.9303,1.106636485223444,0.17633648522344403
559,2594,4,0,10,0,0.9301,1.106836485223444,0.17673648522344398
573,2832,24,3,149,7,1.0255,1.1069539387794325,0.08145393877943241
566,2890,28,4,173,9,1.0969543779912496,1.1069543779912496,0.010000000000000009
525,2432,25,0,151,0,0.8751,1.1072322361772544,0.23213223617725443
561,2614,4,1,11,1,0.9353,1.1085055613774577,0.17320556137745768
561,2611,4,0,10,0,0.9351,1.1087055613774577,0.17360556137745764
565,2808,20,3,128,6,1.0107,1.108712281306251,0.09801228130625117
530,2634,20,4,129,7,0.9427381469726559,1.1091099817318304,0.1663718347591745
581,2892,14,6,85,9,1.0987288011593275,1.109769300672742,0.01104049951341457
576,2684,27,0,165,0,0.9601,1.1117572204589836,0.15165722045898367
550,2558,24,1,147,1,0.9153,1.113596260975026,0.19829626097502606
550,2555,24,0,146,0,0.9151,1.113796260975026,0.19869626097502602
554,2631,20,5,130,7,0.942178610229492,1.1151614644633783,0.17298285423388626
552,2635,20,5,130,7,0.943,1.116251423049894,0.17325142304989416
580,2694,2,0,0,0,0.9651,1.1167572204589835,0.15165722045898355
566,2888,27,2,167,6,1.0855622489098185,1.1182734514775776,0.03271120256775917
577,2893,33,3,210,9,1.1082734514775776,1.1182734514775776,0.010000000000000009
514,2374,32,1,205,1,0.8553,1.1185684149140722,0.26326841491407227
551,2674,14,5,84,7,0.956619073486328,1.118653619022603,0.16203454553627505
514,2372,32,0,204,0,0.8551,1.1187684149140722,0.2636684149140722
598,2894,20,6,131,9,1.1088750906816807,1.1188750906816807,0.010000000000000009
546,2627,14,4,83,7,0.9405,1.1191137140397651,0.17861371403976511
573,2671,24,1,147,1,0.9553,1.1203750998772293,0.16507509987722924
530,2455,22,1,137,1,0.881419073486328,1.1204290552181584,0.2390099817318304
573,2668,24,0,146,0,0.9551000000000001,1.1205750998772293,0.1654750998772292
530,2450,25,0,151,0,0.8801,1.1217481287044864,0.24164812870448638
564,2825,14,3,82,6,1.0207878708168312,1.122011104719373,0.10122323390254184
565,2711,20,5,130,7,0.9705,1.1236233827042605,0.1531233827042605
517,2389,32,1,205,1,0.8603,1.1247137790833923,0.26441377908339236
517,2387,32,0,204,0,0.8601,1.1249137790833923,0.2648137790833923
539,2746,32,2,206,7,0.981885385061051,1.125072183450522,0.1431867983894709
583,2747,32,2,206,7,0.9828118502683354,1.1259060021370777,0.1430941518687423
587,2721,28,0,169,0,0.9751,1.1267572204589835,0.15165722045898355
563,2699,20,4,129,7,0.9655,1.1270103929031319,0.16151039290313185
590,2845,14,3,82,6,1.031819073486328,1.128010235030562,0.09619116154423413
598,2885,20,3,128,6,1.0756999999999999,1.1290750906816807,0.05337509068168078
577,2891,30,5,190,6,1.0969543779912496,1.1295925249639056,0.03263814697265599
581,2872,14,3,82,6,1.0465898841857906,1.1309967351927572,0.08440685100696665
589,2740,12,0,66,0,0.9801,1.1317572204589836,0.15165722045898367
540,2515,14,2,81,1,0.901419073486328,1.1317586589883846,0.23033958550205658
540,2507,13,0,73,0,0.9001,1.1330777324747126,0.23297773247471254
554,2573,20,2,127,1,0.921419073486328,1.1353614644633783,0.21394239097705026
541,2511,14,1,80,1,0.9003,1.1353984752725619,0.2350984752725619
541,2508,14,0,79,0,0.9001,1.1355984752725619,0.23549847527256185
554,2568,25,0,151,0,0.9201,1.1366805379497062,0.21658053794970622
583,2713,28,3,172,1,0.9714927767820074,1.1372250756234057,0.16573229884139828
590,2776,14,5,84,7,0.9916190734863279,1.138210235030562,0.14659116154423413
583,2708,27,0,165,0,0.9701,1.1385441491097337,0.1684441491097337
526,2434,32,1,205,1,0.8753,1.139074368524767,0.2637743685247671
526,2433,32,0,204,0,0.8751,1.139274368524767,0.26417436852476706
598,2854,20,4,129,7,1.0354999999999999,1.1392750906816806,0.10377509068168078
565,2625,20,2,127,1,0.9403,1.1395924235838193,0.19929242358381927
565,2623,20,0,125,0,0.9401,1.1397924235838193,0.19969242358381922
564,2745,14,4,83,7,0.981619073486328,1.142211104719373,0.160592031233045
566,2835,32,2,206,7,1.0255683818974144,1.142610293769399,0.11704191187198454
551,2560,14,2,81,1,0.916419073486328,1.1431552990111968,0.22673622552486883
551,2554,13,0,73,0,0.9151,1.1444743724975248,0.2293743724975248
546,2541,14,1,80,1,0.9103,1.144675301117364,0.23437530111736404
546,2538,14,0,79,0,0.9101,1.144875301117364,0.234775301117364
552,2570,20,1,126,1,0.9203,1.1464514230498941,0.2261514230498941
552,2567,20,0,125,0,0.9201,1.146651423049894,0.22655142304989406
581,2800,14,4,83,7,1.0063898841857906,1.1467039199560651,0.14031403577027457
577,2863,32,2,206,7,1.0417444073228128,1.1467609461098163,0.10501653878700346
590,2743,12,3,69,1,0.9803,1.14952930851689,0.1692293085168901
590,2741,12,0,66,0,0.9801,1.14972930851689,0.16962930851689006
564,2629,14,1,80,1,0.941419073486328,1.1535432029183685,0.2121241294320405
563,2615,20,1,126,1,0.9353,1.1536240696187192,0.2183240696187192
563,2612,20,0,125,0,0.9351,1.1538240696187192,0.21872406961871915
564,2622,13,0,73,0,0.9401,1.1548622764046965,0.21476227640469647
581,2697,14,2,81,1,0.9652999999999999,1.1569039199560651,0.19160391995606518
581,2695,14,0,79,0,0.9651,1.157103919956065,0.19200391995606514
598,2784,20,1,126,1,0.9953,1.1577123022115687,0.16241230221156877
598,2781,20,0,125,0,0.9951,1.1579123022115687,0.16281230221156873
539,2499,32,1,205,1,0.896419073486328,1.1587227297190832,0.2623036562327552
539,2494,27,0,165,0,0.8951,1.1600418032054112,0.26494180320541116
566,2626,32,1,205,1,0.9403,1.1681144390859604,0.22781443908596033
566,2624,32,0,204,0,0.9401,1.1683144390859603,0.22821443908596029
577,2687,32,1,205,1,0.9602999999999999,1.1694979898660995,0.2091979898660996
577,2685,32,0,204,0,0.9601,1.1696979898660995,0.20959798986609957
