11,42,13,5,78,10,EXECUTION,0.025499999999999995,0.010000000000000002
11,42,13,5,78,10,WAIT_SEND,0.0355,0.0
11,46,17,3,103,9,EXECUTION,0.02661907348632812,0.009999999999999998
11,46,17,3,103,9,WAIT_SEND,0.03661907348632812,0.0
2,59,2,4,4,9,EXECUTION,0.032019073486328126,0.010000000000000002
2,59,2,4,4,9,WAIT_SEND,0.04201907348632813,0.0
1,60,28,4,173,9,EXECUTION,0.03316675720214845,0.010000000000000002
1,60,28,4,173,9,WAIT_SEND,0.04316675720214845,0.0
0,61,33,3,210,9,EXECUTION,0.03316675720214845,0.010000000000000002
0,61,33,3,210,9,WAIT_SEND,0.04316675720214845,0.0
15,67,4,5,15,10,EXECUTION,0.035500000000000004,0.010000000000000002
15,67,4,5,15,10,WAIT_SEND,0.045500000000000006,0.0
3,69,16,6,98,9,EXECUTION,0.03590000000000001,0.010000000000000002
3,69,16,6,98,9,WAIT_SEND,0.04590000000000001,0.0
15,70,5,2,26,9,EXECUTION,0.03661907348632813,0.010000000000000002
15,70,5,2,26,9,WAIT_SEND,0.046619073486328134,0.0
11,22,13,1,74,6,EXECUTION,0.015299999999999998,0.009999999999999998
11,22,13,1,74,6,WAIT_SEND,0.025299999999999996,0.0
11,22,13,1,74,6,WAIT_SEND,0.025299999999999996,0.0
11,22,13,1,74,6,WAIT_RECV,0.0357,2.0000000000000573E-4
11,22,13,1,74,6,WAIT_RECV,0.03793814697265625,0.0013190734863281345
11,22,13,1,74,6,EXECUTION,0.03793814697265625,0.010000000000000002
11,22,13,1,74,6,WAIT_SEND,0.047938146972656255,0.0
11,19,13,0,73,0,WAIT_SEND,0.015099999999999999,0.0
11,19,13,0,73,0,WAIT_RECV,0.04813814697265626,2.0000000000000573E-4
19,77,31,6,202,9,EXECUTION,0.0405,0.010000000000000002
19,77,31,6,202,9,WAIT_SEND,0.0505,0.0
8,79,5,3,27,9,EXECUTION,0.040900000000000006,0.010000000000000002
8,79,5,3,27,9,WAIT_SEND,0.05090000000000001,0.0
19,81,30,2,195,10,EXECUTION,0.04161907348632813,0.010000000000000002
19,81,30,2,195,10,WAIT_SEND,0.05161907348632813,0.0
7,84,24,4,150,9,EXECUTION,0.042019073486328135,0.010000000000000002
7,84,24,4,150,9,WAIT_SEND,0.052019073486328136,0.0
6,85,31,7,203,9,EXECUTION,0.042019073486328135,0.010000000000000002
6,85,31,7,203,9,WAIT_SEND,0.052019073486328136,0.0
20,86,13,4,77,8,EXECUTION,0.04273814697265626,0.010000000000000002
20,86,13,4,77,8,WAIT_SEND,0.05273814697265626,0.0
2,32,8,3,43,6,EXECUTION,0.020699999999999996,0.010000000000000002
2,32,8,3,43,6,WAIT_SEND,0.030699999999999998,0.0
2,32,8,3,43,6,WAIT_RECV,0.04333814697265626,0.0013190734863281345
2,32,8,3,43,6,EXECUTION,0.04333814697265626,0.010000000000000002
2,32,8,3,43,6,WAIT_SEND,0.053338146972656264,0.0
1,36,30,2,187,6,EXECUTION,0.02183814697265625,0.010000000000000002
1,36,30,2,187,6,WAIT_SEND,0.03183814697265625,0.0
1,36,30,2,187,6,WAIT_RECV,0.04449536743164065,0.001328610229492197
1,36,30,2,187,6,EXECUTION,0.04449536743164065,0.010000000000000002
1,36,30,2,187,6,WAIT_SEND,0.05449536743164065,0.0
0,37,30,3,188,6,EXECUTION,0.02183814697265625,0.010000000000000002
0,37,30,3,188,6,WAIT_SEND,0.03183814697265625,0.0
0,37,30,3,188,6,WAIT_RECV,0.04449536743164065,0.001328610229492197
0,37,30,3,188,6,EXECUTION,0.04449536743164065,0.010000000000000002
0,37,30,3,188,6,WAIT_SEND,0.05449536743164065,0.0
9,95,15,5,91,9,EXECUTION,0.04590000000000001,0.010000000000000002
9,95,15,5,91,9,WAIT_SEND,0.05590000000000001,0.0
3,44,16,2,94,6,EXECUTION,0.0257,0.010000000000000002
3,44,16,2,94,6,WAIT_SEND,0.0357,0.0
3,44,16,2,94,6,WAIT_RECV,0.046100000000000016,2.0000000000000573E-4
3,44,16,2,94,6,EXECUTION,0.046100000000000016,0.010000000000000002
3,44,16,2,94,6,WAIT_SEND,0.05610000000000002,0.0
15,41,4,2,12,6,EXECUTION,0.0253,0.009999999999999998
15,41,4,2,12,6,WAIT_SEND,0.0353,0.0
15,41,4,2,12,6,WAIT_SEND,0.0353,0.0
15,41,4,2,12,6,WAIT_RECV,0.04570000000000001,2.0000000000000573E-4
15,41,4,2,12,6,WAIT_RECV,0.04793814697265627,0.0013190734863281345
15,41,4,2,12,6,EXECUTION,0.04793814697265627,0.010000000000000002
15,41,4,2,12,6,WAIT_SEND,0.05793814697265627,0.0
15,38,4,0,10,0,WAIT_SEND,0.0251,0.0
15,38,4,0,10,0,WAIT_RECV,0.05813814697265628,2.0000000000000573E-4
14,104,18,5,111,9,EXECUTION,0.050900000000000015,0.010000000000000002
14,104,18,5,111,9,WAIT_SEND,0.06090000000000002,0.0
8,53,5,4,20,6,EXECUTION,0.030699999999999998,0.010000000000000002
8,53,5,4,20,6,WAIT_SEND,0.0407,0.0
8,53,5,4,20,6,WAIT_RECV,0.05110000000000001,2.0000000000000573E-4
8,53,5,4,20,6,EXECUTION,0.05110000000000001,0.010000000000000002
8,53,5,4,20,6,WAIT_SEND,0.061100000000000015,0.0
7,57,24,2,148,6,EXECUTION,0.03181907348632813,0.010000000000000002
7,57,24,2,148,6,WAIT_SEND,0.04181907348632813,0.0
7,57,24,2,148,6,WAIT_RECV,0.05221907348632814,2.0000000000000573E-4
7,57,24,2,148,6,EXECUTION,0.05221907348632814,0.010000000000000002
7,57,24,2,148,6,WAIT_SEND,0.062219073486328144,0.0
6,58,31,3,199,6,EXECUTION,0.03181907348632813,0.010000000000000002
6,58,31,3,199,6,WAIT_SEND,0.04181907348632813,0.0
6,58,31,3,199,6,WAIT_RECV,0.05221907348632814,2.0000000000000573E-4
6,58,31,3,199,6,EXECUTION,0.05221907348632814,0.010000000000000002
6,58,31,3,199,6,WAIT_SEND,0.062219073486328144,0.0
26,106,30,1,194,8,EXECUTION,0.052738146972656275,0.009999999999999995
26,106,30,1,194,8,WAIT_SEND,0.06273814697265627,0.0
19,51,31,2,198,6,EXECUTION,0.030299999999999997,0.009999999999999998
19,51,31,2,198,6,WAIT_SEND,0.040299999999999996,0.0
19,51,31,2,198,6,WAIT_SEND,0.040299999999999996,0.0
19,51,31,2,198,6,WAIT_RECV,0.05070000000000001,2.0000000000000573E-4
19,51,31,2,198,6,WAIT_RECV,0.052938146972656266,0.0013190734863281345
19,51,31,2,198,6,EXECUTION,0.052938146972656266,0.009999999999999995
19,51,31,2,198,6,WAIT_SEND,0.06293814697265626,0.0
10,107,29,7,182,9,EXECUTION,0.05313814697265627,0.009999999999999995
10,107,29,7,182,9,WAIT_SEND,0.06313814697265627,0.0
19,49,31,0,196,0,WAIT_SEND,0.0301,0.0
19,49,31,0,196,0,WAIT_RECV,0.06313814697265627,2.0000000000000573E-4
20,54,17,2,102,5,EXECUTION,0.03141907348632812,0.010000000000000002
20,54,17,2,102,5,WAIT_SEND,0.041419073486328124,0.0
20,54,17,2,102,5,WAIT_RECV,0.054057220458984395,0.0013190734863281345
20,54,17,2,102,5,EXECUTION,0.054057220458984395,0.009999999999999995
20,54,17,2,102,5,WAIT_SEND,0.06405722045898439,0.0
12,108,29,0,183,9,EXECUTION,0.0542572204589844,0.009999999999999995
12,108,29,0,183,9,WAIT_SEND,0.0642572204589844,0.0
1,18,30,7,192,7,EXECUTION,0.01163814697265625,0.010000000000000002
1,18,30,7,192,7,WAIT_SEND,0.02163814697265625,0.0
1,18,30,7,192,7,WAIT_RECV,0.054695367431640655,2.0000000000000573E-4
1,18,30,7,192,7,EXECUTION,0.054695367431640655,0.010000000000000002
1,18,30,7,192,7,WAIT_SEND,0.06469536743164066,0.0
20,48,15,0,86,0,WAIT_SEND,0.0301,0.0
20,48,15,0,86,0,WAIT_RECV,0.06537629394531252,0.0013190734863281345
3,24,16,4,96,7,EXECUTION,0.0155,0.010000000000000002
3,24,16,4,96,7,WAIT_SEND,0.025500000000000002,0.0
3,24,16,4,96,7,WAIT_RECV,0.056300000000000024,2.0000000000000573E-4
3,24,16,4,96,7,EXECUTION,0.056300000000000024,0.010000000000000002
3,24,16,4,96,7,WAIT_SEND,0.06630000000000003,0.0
2,16,8,6,46,7,EXECUTION,0.010499999999999999,0.009999999999999998
2,16,8,6,46,7,WAIT_SEND,0.020499999999999997,0.0
2,16,8,6,46,7,WAIT_RECV,0.05353814697265627,2.0000000000000573E-4
2,16,8,6,46,7,EXECUTION,0.05353814697265627,0.016919073486328123
2,16,8,6,46,7,WAIT_SEND,0.0704572204589844,0.0
14,78,18,2,108,6,EXECUTION,0.04070000000000001,0.010000000000000002
14,78,18,2,108,6,WAIT_SEND,0.05070000000000001,0.0
14,78,18,2,108,6,WAIT_RECV,0.06110000000000002,2.0000000000000573E-4
14,78,18,2,108,6,EXECUTION,0.06110000000000002,0.010000000000000002
14,78,18,2,108,6,WAIT_SEND,0.07110000000000002,0.0
8,31,5,6,22,7,EXECUTION,0.020499999999999997,0.010000000000000002
8,31,5,6,22,7,WAIT_SEND,0.0305,0.0
8,31,5,6,22,7,WAIT_RECV,0.06130000000000002,2.0000000000000573E-4
8,31,5,6,22,7,EXECUTION,0.06130000000000002,0.009999999999999995
8,31,5,6,22,7,WAIT_SEND,0.07130000000000002,0.0
9,68,15,3,89,6,EXECUTION,0.0357,0.010000000000000002
9,68,15,3,89,6,WAIT_SEND,0.045700000000000005,0.0
9,68,15,3,89,6,WAIT_RECV,0.05610000000000002,2.0000000000000573E-4
9,68,15,3,89,6,EXECUTION,0.05610000000000002,0.015400000000000018
9,68,15,3,89,6,WAIT_SEND,0.07150000000000004,0.0
6,35,31,4,200,7,EXECUTION,0.021619073486328123,0.009999999999999998
6,35,31,4,200,7,WAIT_SEND,0.03161907348632812,0.0
6,35,31,4,200,7,WAIT_RECV,0.06241907348632815,2.0000000000000573E-4
6,35,31,4,200,7,EXECUTION,0.06241907348632815,0.009999999999999995
6,35,31,4,200,7,WAIT_SEND,0.07241907348632814,0.0
26,80,27,1,166,5,EXECUTION,0.04141907348632814,0.010000000000000002
26,80,27,1,166,5,WAIT_SEND,0.05141907348632814,0.0
26,80,27,1,166,5,WAIT_RECV,0.0640572204589844,0.0013190734863281345
26,80,27,1,166,5,EXECUTION,0.0640572204589844,0.009999999999999995
26,80,27,1,166,5,WAIT_SEND,0.0740572204589844,0.0
10,83,30,4,189,6,EXECUTION,0.041819073486328136,0.010000000000000002
10,83,30,4,189,6,WAIT_SEND,0.05181907348632814,0.0
10,83,30,4,189,6,WAIT_RECV,0.0644572204589844,0.0013190734863281345
10,83,30,4,189,6,EXECUTION,0.0644572204589844,0.009999999999999995
10,83,30,4,189,6,WAIT_SEND,0.0744572204589844,0.0
0,17,30,6,191,7,EXECUTION,0.01163814697265625,0.010000000000000002
0,17,30,6,191,7,WAIT_SEND,0.02163814697265625,0.0
0,17,30,6,191,7,WAIT_RECV,0.054695367431640655,2.0000000000000573E-4
0,17,30,6,191,7,EXECUTION,0.054695367431640655,0.019999999999999997
0,17,30,6,191,7,WAIT_SEND,0.07469536743164065,0.0
26,73,26,0,159,0,WAIT_SEND,0.040100000000000004,0.0
26,73,26,0,159,0,WAIT_RECV,0.07537629394531253,0.0013190734863281345
12,87,27,2,167,6,EXECUTION,0.042938146972656265,0.010000000000000002
12,87,27,2,167,6,WAIT_SEND,0.052938146972656266,0.0
12,87,27,2,167,6,WAIT_RECV,0.06557629394531253,0.0013190734863281345
12,87,27,2,167,6,EXECUTION,0.06557629394531253,0.009999999999999995
12,87,27,2,167,6,WAIT_SEND,0.07557629394531253,0.0
1,5,29,2,177,1,EXECUTION,3.0000000000000003E-4,0.01
1,5,29,2,177,1,WAIT_SEND,0.0103,0.0
1,5,29,2,177,1,WAIT_RECV,0.06601444091796879,0.0013190734863281345
1,5,29,2,177,1,EXECUTION,0.06601444091796879,0.009999999999999995
1,5,29,2,177,1,WAIT_SEND,0.07601444091796879,0.0
1,2,29,0,175,0,WAIT_SEND,1.0E-4,0.0
1,2,29,0,175,0,WAIT_RECV,0.07621444091796879,2.0000000000000573E-4
22,138,10,7,60,9,EXECUTION,0.06701907348632816,0.009999999999999995
22,138,10,7,60,9,WAIT_SEND,0.07701907348632815,0.0
2,3,8,1,41,1,EXECUTION,3.0000000000000003E-4,0.01
2,3,8,1,41,1,WAIT_SEND,0.0103,0.0
2,3,8,1,41,1,WAIT_RECV,0.0706572204589844,2.0000000000000573E-4
2,3,8,1,41,1,EXECUTION,0.0706572204589844,0.009999999999999995
2,3,8,1,41,1,WAIT_SEND,0.0806572204589844,0.0
2,0,8,0,40,0,WAIT_SEND,1.0E-4,0.0
2,0,8,0,40,0,WAIT_RECV,0.0808572204589844,2.0000000000000573E-4
8,13,5,1,17,1,EXECUTION,0.010299999999999998,0.01
8,13,5,1,17,1,WAIT_SEND,0.0203,0.0
8,13,5,1,17,1,WAIT_RECV,0.07150000000000002,2.0000000000000573E-4
8,13,5,1,17,1,EXECUTION,0.07150000000000002,0.009999999999999995
8,13,5,1,17,1,WAIT_SEND,0.08150000000000002,0.0
8,10,5,0,16,0,WAIT_SEND,0.0101,0.0
8,10,5,0,16,0,WAIT_RECV,0.08170000000000002,2.0000000000000573E-4
25,150,14,6,85,9,EXECUTION,0.07201907348632816,0.009999999999999995
25,150,14,6,85,9,WAIT_SEND,0.08201907348632816,0.0
24,151,18,6,112,9,EXECUTION,0.07201907348632816,0.009999999999999995
24,151,18,6,112,9,WAIT_SEND,0.08201907348632816,0.0
7,34,24,3,149,7,EXECUTION,0.021619073486328123,0.009999999999999998
7,34,24,3,149,7,WAIT_SEND,0.03161907348632812,0.0
7,34,24,3,149,7,WAIT_RECV,0.06241907348632815,2.0000000000000573E-4
7,34,24,3,149,7,EXECUTION,0.06241907348632815,0.020000000000000004
7,34,24,3,149,7,WAIT_SEND,0.08241907348632815,0.0
13,152,26,4,163,9,EXECUTION,0.07313814697265626,0.009999999999999995
13,152,26,4,163,9,WAIT_SEND,0.08313814697265626,0.0
4,166,39,5,233,8,EXECUTION,0.07843814697265628,0.0050000000000000044
4,166,39,5,233,8,WAIT_SEND,0.08343814697265628,0.0
5,167,39,0,236,9,EXECUTION,0.07843814697265628,0.0050000000000000044
5,167,39,0,236,9,WAIT_SEND,0.08343814697265628,0.0
5,168,39,3,239,10,EXECUTION,0.07843814697265628,0.0050000000000000044
5,168,39,3,239,10,WAIT_SEND,0.08343814697265628,0.0
6,15,29,3,178,1,EXECUTION,0.010299999999999998,0.01
6,15,29,3,178,1,WAIT_SEND,0.0203,0.0
6,15,29,3,178,1,WAIT_RECV,0.07373814697265628,0.0013190734863281345
6,15,29,3,178,1,EXECUTION,0.07373814697265628,0.009999999999999995
6,15,29,3,178,1,WAIT_SEND,0.08373814697265627,0.0
6,12,29,0,175,0,WAIT_SEND,0.0101,0.0
6,12,29,0,175,0,WAIT_RECV,0.08393814697265628,2.0000000000000573E-4
10,55,30,0,193,7,EXECUTION,0.03161907348632813,0.010000000000000002
10,55,30,0,193,7,WAIT_SEND,0.04161907348632813,0.0
10,55,30,0,193,7,WAIT_RECV,0.0746572204589844,2.0000000000000573E-4
10,55,30,0,193,7,EXECUTION,0.0746572204589844,0.009999999999999995
10,55,30,0,193,7,WAIT_SEND,0.0846572204589844,0.0
18,163,15,5,91,9,EXECUTION,0.07630000000000002,0.009999999999999995
18,163,15,5,91,9,WAIT_SEND,0.08630000000000002,0.0
22,116,10,1,54,6,EXECUTION,0.056819073486328156,0.009999999999999995
22,116,10,1,54,6,WAIT_SEND,0.06681907348632815,0.0
22,116,10,1,54,6,WAIT_RECV,0.07721907348632816,2.0000000000000573E-4
22,116,10,1,54,6,EXECUTION,0.07721907348632816,0.009999999999999995
22,116,10,1,54,6,WAIT_SEND,0.08721907348632815,0.0
4,153,39,4,224,5,EXECUTION,0.07323814697265627,0.0050000000000000044
4,153,39,4,224,5,WAIT_SEND,0.07823814697265627,0.0
4,153,39,4,224,5,WAIT_RECV,0.08363814697265629,2.0000000000000573E-4
4,153,39,4,224,5,EXECUTION,0.08363814697265629,0.0050000000000000044
4,153,39,4,224,5,WAIT_SEND,0.08863814697265629,0.0
5,154,39,7,227,6,EXECUTION,0.07323814697265627,0.0050000000000000044
5,154,39,7,227,6,WAIT_SEND,0.07823814697265627,0.0
5,154,39,7,227,6,WAIT_SEND,0.07823814697265627,0.0
5,154,39,7,227,6,WAIT_RECV,0.08363814697265629,2.0000000000000573E-4
5,154,39,7,227,6,WAIT_RECV,0.08363814697265629,2.0000000000000573E-4
5,154,39,7,227,6,EXECUTION,0.08363814697265629,0.0050000000000000044
5,154,39,7,227,6,WAIT_SEND,0.08863814697265629,0.0
16,176,26,5,164,9,EXECUTION,0.08093583068847658,0.009999999999999995
16,176,26,5,164,9,WAIT_SEND,0.09093583068847658,0.0
31,181,23,4,143,9,EXECUTION,0.08201907348632816,0.009999999999999995
31,181,23,4,143,9,WAIT_SEND,0.09201907348632815,0.0
25,129,14,3,82,6,EXECUTION,0.061819073486328154,0.010000000000000002
25,129,14,3,82,6,WAIT_SEND,0.07181907348632816,0.0
25,129,14,3,82,6,WAIT_RECV,0.08221907348632816,2.0000000000000573E-4
25,129,14,3,82,6,EXECUTION,0.08221907348632816,0.009999999999999995
25,129,14,3,82,6,WAIT_SEND,0.09221907348632816,0.0
24,123,19,6,119,6,EXECUTION,0.060700000000000025,0.010000000000000002
24,123,19,6,119,6,WAIT_SEND,0.07070000000000003,0.0
24,123,19,6,119,6,WAIT_RECV,0.08333814697265629,0.0013190734863281345
24,123,19,6,119,6,EXECUTION,0.08333814697265629,0.009999999999999995
24,123,19,6,119,6,WAIT_SEND,0.09333814697265629,0.0
7,14,22,1,137,1,EXECUTION,0.010299999999999998,0.01
7,14,22,1,137,1,WAIT_SEND,0.0203,0.0
7,14,22,1,137,1,WAIT_RECV,0.08373814697265629,0.0013190734863281345
7,14,22,1,137,1,EXECUTION,0.08373814697265629,0.009999999999999995
7,14,22,1,137,1,WAIT_SEND,0.09373814697265628,0.0
4,139,39,6,218,3,EXECUTION,0.06803814697265625,0.0050000000000000044
4,139,39,6,218,3,WAIT_SEND,0.07303814697265626,0.0
4,139,39,6,218,3,WAIT_RECV,0.0888381469726563,2.0000000000000573E-4
4,139,39,6,218,3,EXECUTION,0.0888381469726563,0.0050000000000000044
4,139,39,6,218,3,WAIT_SEND,0.0938381469726563,0.0
5,140,39,1,221,4,EXECUTION,0.06803814697265625,0.0050000000000000044
5,140,39,1,221,4,WAIT_SEND,0.07303814697265626,0.0
5,140,39,1,221,4,WAIT_RECV,0.0888381469726563,2.0000000000000573E-4
5,140,39,1,221,4,EXECUTION,0.0888381469726563,0.0050000000000000044
5,140,39,1,221,4,WAIT_SEND,0.0938381469726563,0.0
7,11,22,0,136,0,WAIT_SEND,0.0101,0.0
7,11,22,0,136,0,WAIT_RECV,0.09393814697265629,2.0000000000000573E-4
13,128,30,5,190,6,EXECUTION,0.06181907348632813,0.009999999999999995
13,128,30,5,190,6,WAIT_SEND,0.07181907348632813,0.0
13,128,30,5,190,6,WAIT_RECV,0.08445722045898439,0.0013190734863281345
13,128,30,5,190,6,EXECUTION,0.08445722045898439,0.009999999999999995
13,128,30,5,190,6,WAIT_SEND,0.09445722045898439,0.0
29,183,2,4,4,9,EXECUTION,0.08505722045898441,0.009999999999999995
29,183,2,4,4,9,WAIT_SEND,0.0950572204589844,0.0
47,188,9,3,50,9,EXECUTION,0.0855,0.009999999999999995
47,188,9,3,50,9,WAIT_SEND,0.0955,0.0
35,191,20,6,131,9,EXECUTION,0.08590000000000002,0.009999999999999995
35,191,20,6,131,9,WAIT_SEND,0.09590000000000001,0.0
0,4,29,1,176,1,EXECUTION,3.0000000000000003E-4,0.01
0,4,29,1,176,1,WAIT_SEND,0.0103,0.0
0,4,29,1,176,1,WAIT_RECV,0.07601444091796879,0.0013190734863281345
0,4,29,1,176,1,EXECUTION,0.07601444091796879,0.020000000000000004
0,4,29,1,176,1,WAIT_SEND,0.09601444091796879,0.0
0,1,29,0,175,0,WAIT_SEND,1.0E-4,0.0
0,1,29,0,175,0,WAIT_RECV,0.0962144409179688,2.0000000000000573E-4
18,122,15,3,89,6,EXECUTION,0.060700000000000004,0.015400000000000011
18,122,15,3,89,6,WAIT_SEND,0.07610000000000001,0.0
18,122,15,3,89,6,WAIT_RECV,0.08650000000000002,2.0000000000000573E-4
18,122,15,3,89,6,EXECUTION,0.08650000000000002,0.009999999999999995
18,122,15,3,89,6,WAIT_SEND,0.09650000000000002,0.0
47,194,4,5,15,10,EXECUTION,0.08661907348632814,0.009999999999999995
47,194,4,5,15,10,WAIT_SEND,0.09661907348632813,0.0
3,9,16,1,93,1,EXECUTION,0.005300000000000001,0.01
3,9,16,1,93,1,WAIT_SEND,0.015300000000000001,0.0
3,9,16,1,93,1,WAIT_RECV,0.06650000000000003,2.0000000000000573E-4
3,9,16,1,93,1,EXECUTION,0.06650000000000003,0.03169364217122396
3,9,16,1,93,1,WAIT_SEND,0.09819364217122399,0.0
3,6,16,0,92,0,WAIT_SEND,0.0051,0.0
3,6,16,0,92,0,WAIT_RECV,0.098393642171224,2.0000000000000573E-4
23,198,18,5,111,9,EXECUTION,0.08840000000000002,0.009999999999999995
23,198,18,5,111,9,WAIT_SEND,0.09840000000000002,0.0
14,52,18,4,110,7,EXECUTION,0.0305,0.010000000000000002
14,52,18,4,110,7,WAIT_SEND,0.0405,0.0
14,52,18,4,110,7,WAIT_RECV,0.07130000000000003,2.0000000000000573E-4
14,52,18,4,110,7,EXECUTION,0.07130000000000003,0.02721002129448785
14,52,18,4,110,7,WAIT_SEND,0.09851002129448788,0.0
22,94,11,2,64,7,EXECUTION,0.04550000000000002,0.010000000000000002
22,94,11,2,64,7,WAIT_SEND,0.05550000000000002,0.0
22,94,11,2,64,7,WAIT_RECV,0.08853814697265629,0.0013190734863281345
22,94,11,2,64,7,EXECUTION,0.08853814697265629,0.009999999999999995
22,94,11,2,64,7,WAIT_SEND,0.09853814697265628,0.0
27,205,16,7,99,9,EXECUTION,0.09090000000000001,0.009999999999999995
27,205,16,7,99,9,WAIT_SEND,0.1009,0.0
36,209,31,6,202,9,EXECUTION,0.09201907348632814,0.009999999999999995
36,209,31,6,202,9,WAIT_SEND,0.10201907348632813,0.0
32,210,24,4,150,9,EXECUTION,0.09201907348632815,0.009999999999999995
32,210,24,4,150,9,WAIT_SEND,0.10201907348632815,0.0
16,141,30,2,187,6,EXECUTION,0.06961675720214845,0.009999999999999995
16,141,30,2,187,6,WAIT_SEND,0.07961675720214845,0.0
16,141,30,2,187,6,WAIT_RECV,0.09225490417480471,0.0013190734863281345
16,141,30,2,187,6,EXECUTION,0.09225490417480471,0.009999999999999995
16,141,30,2,187,6,WAIT_SEND,0.1022549041748047,0.0
25,105,14,4,83,7,EXECUTION,0.051619073486328146,0.010000000000000002
25,105,14,4,83,7,WAIT_SEND,0.06161907348632815,0.0
25,105,14,4,83,7,WAIT_RECV,0.09241907348632816,2.0000000000000573E-4
25,105,14,4,83,7,EXECUTION,0.09241907348632816,0.009999999999999995
25,105,14,4,83,7,WAIT_SEND,0.10241907348632816,0.0
31,148,19,7,120,6,EXECUTION,0.07070000000000003,0.009999999999999995
31,148,19,7,120,6,WAIT_SEND,0.08070000000000002,0.0
31,148,19,7,120,6,WAIT_RECV,0.09333814697265629,0.0013190734863281345
31,148,19,7,120,6,EXECUTION,0.09333814697265629,0.009999999999999995
31,148,19,7,120,6,WAIT_SEND,0.10333814697265628,0.0
17,228,39,4,240,10,EXECUTION,0.0984286102294922,0.0050000000000000044
17,228,39,4,240,10,WAIT_SEND,0.10342861022949221,0.0
17,227,39,1,237,9,EXECUTION,0.0984286102294922,0.0050000000000000044
17,227,39,1,237,9,WAIT_SEND,0.10342861022949221,0.0
24,103,19,0,121,7,EXECUTION,0.05050000000000002,0.010000000000000002
24,103,19,0,121,7,WAIT_SEND,0.06050000000000002,0.0
24,103,19,0,121,7,WAIT_RECV,0.09353814697265629,2.0000000000000573E-4
24,103,19,0,121,7,EXECUTION,0.09353814697265629,0.009999999999999995
24,103,19,0,121,7,WAIT_SEND,0.10353814697265629,0.0
13,82,30,6,191,7,EXECUTION,0.04161907348632813,0.019999999999999997
13,82,30,6,191,7,WAIT_SEND,0.06161907348632813,0.0
13,82,30,6,191,7,WAIT_RECV,0.09465722045898439,2.0000000000000573E-4
13,82,30,6,191,7,EXECUTION,0.09465722045898439,0.009999999999999995
13,82,30,6,191,7,WAIT_SEND,0.10465722045898439,0.0
29,155,8,4,44,6,EXECUTION,0.07373814697265628,0.009999999999999995
29,155,8,4,44,6,WAIT_SEND,0.08373814697265627,0.0
29,155,8,4,44,6,WAIT_RECV,0.09641907348632814,0.0013618530273437346
29,155,8,4,44,6,EXECUTION,0.09641907348632814,0.009999999999999995
29,155,8,4,44,6,WAIT_SEND,0.10641907348632813,0.0
9,43,15,4,90,7,EXECUTION,0.025499999999999995,0.010000000000000002
9,43,15,4,90,7,WAIT_SEND,0.0355,0.0
9,43,15,4,90,7,WAIT_RECV,0.07170000000000004,2.0000000000000573E-4
9,43,15,4,90,7,EXECUTION,0.07170000000000004,0.035470617675781274
9,43,15,4,90,7,WAIT_SEND,0.10717061767578132,0.0
51,224,13,4,77,8,EXECUTION,0.09773814697265627,0.009999999999999995
51,224,13,4,77,8,WAIT_SEND,0.10773814697265627,0.0
47,159,9,2,49,6,EXECUTION,0.0753,0.009999999999999995
47,159,9,2,49,6,WAIT_SEND,0.0853,0.0
47,159,9,2,49,6,WAIT_SEND,0.0853,0.0
47,159,9,2,49,6,WAIT_RECV,0.09570000000000001,2.0000000000000573E-4
47,159,9,2,49,6,WAIT_RECV,0.09793814697265626,0.0013190734863281345
47,159,9,2,49,6,EXECUTION,0.09793814697265626,0.009999999999999995
47,159,9,2,49,6,WAIT_SEND,0.10793814697265626,0.0
47,156,9,0,47,0,WAIT_SEND,0.0751,0.0
47,156,9,0,47,0,WAIT_RECV,0.10813814697265627,2.0000000000000573E-4
21,238,39,2,230,7,EXECUTION,0.10322861022949222,0.0050000000000000044
21,238,39,2,230,7,WAIT_SEND,0.10822861022949222,0.0
23,165,18,3,109,6,EXECUTION,0.07820000000000002,0.009999999999999995
23,165,18,3,109,6,WAIT_SEND,0.08820000000000001,0.0
23,165,18,3,109,6,WAIT_RECV,0.09860000000000002,2.0000000000000573E-4
23,165,18,3,109,6,EXECUTION,0.09860000000000002,0.009999999999999995
23,165,18,3,109,6,WAIT_SEND,0.10860000000000002,0.0
17,211,39,0,228,6,EXECUTION,0.09322861022949219,0.0050000000000000044
17,211,39,0,228,6,WAIT_SEND,0.0982286102294922,0.0
17,211,39,0,228,6,WAIT_SEND,0.0982286102294922,0.0
17,211,39,0,228,6,WAIT_RECV,0.10362861022949221,2.0000000000000573E-4
17,211,39,0,228,6,WAIT_RECV,0.10362861022949221,2.0000000000000573E-4
17,211,39,0,228,6,EXECUTION,0.10362861022949221,0.0050000000000000044
17,211,39,0,228,6,WAIT_SEND,0.10862861022949222,0.0
12,56,32,2,206,7,EXECUTION,0.03161907348632813,0.010000000000000002
12,56,32,2,206,7,WAIT_SEND,0.04161907348632813,0.0
12,56,32,2,206,7,WAIT_RECV,0.07689536743164066,0.0013190734863281345
12,56,32,2,206,7,EXECUTION,0.07689536743164066,0.03342543131510417
12,56,32,2,206,7,WAIT_SEND,0.11032079874674483,0.0
27,175,16,3,95,6,EXECUTION,0.08070000000000001,0.009999999999999995
27,175,16,3,95,6,WAIT_SEND,0.0907,0.0
27,175,16,3,95,6,WAIT_RECV,0.10110000000000001,2.0000000000000573E-4
27,175,16,3,95,6,EXECUTION,0.10110000000000001,0.009999999999999995
27,175,16,3,95,6,WAIT_SEND,0.1111,0.0
22,65,11,1,63,1,EXECUTION,0.03530000000000001,0.010000000000000002
22,65,11,1,63,1,WAIT_SEND,0.045300000000000014,0.0
22,65,11,1,63,1,WAIT_RECV,0.09873814697265629,2.0000000000000573E-4
22,65,11,1,63,1,EXECUTION,0.09873814697265629,0.013438146972656287
22,65,11,1,63,1,WAIT_SEND,0.11217629394531257,0.0
36,179,31,2,198,6,EXECUTION,0.08181907348632814,0.009999999999999995
36,179,31,2,198,6,WAIT_SEND,0.09181907348632813,0.0
36,179,31,2,198,6,WAIT_RECV,0.10221907348632814,2.0000000000000573E-4
36,179,31,2,198,6,EXECUTION,0.10221907348632814,0.009999999999999995
36,179,31,2,198,6,WAIT_SEND,0.11221907348632813,0.0
32,180,24,2,148,6,EXECUTION,0.08181907348632815,0.009999999999999995
32,180,24,2,148,6,WAIT_SEND,0.09181907348632815,0.0
32,180,24,2,148,6,WAIT_RECV,0.10221907348632815,2.0000000000000573E-4
32,180,24,2,148,6,EXECUTION,0.10221907348632815,0.009999999999999995
32,180,24,2,148,6,WAIT_SEND,0.11221907348632815,0.0
22,62,11,0,62,0,WAIT_SEND,0.035100000000000006,0.0
22,62,11,0,62,0,WAIT_RECV,0.11237629394531258,2.0000000000000573E-4
42,237,26,4,163,9,EXECUTION,0.10313814697265627,0.009999999999999995
42,237,26,4,163,9,WAIT_SEND,0.11313814697265627,0.0
21,252,39,6,234,8,EXECUTION,0.10842861022949223,0.0050000000000000044
21,252,39,6,234,8,WAIT_SEND,0.11342861022949223,0.0
31,121,19,1,122,7,EXECUTION,0.06050000000000002,0.010000000000000002
31,121,19,1,122,7,WAIT_SEND,0.07050000000000002,0.0
31,121,19,1,122,7,WAIT_RECV,0.10353814697265629,2.0000000000000573E-4
31,121,19,1,122,7,EXECUTION,0.10353814697265629,0.009999999999999995
31,121,19,1,122,7,WAIT_SEND,0.11353814697265628,0.0
24,75,19,1,114,1,EXECUTION,0.04030000000000001,0.010000000000000002
24,75,19,1,114,1,WAIT_SEND,0.05030000000000001,0.0
24,75,19,1,114,1,WAIT_RECV,0.10373814697265629,2.0000000000000573E-4
24,75,19,1,114,1,EXECUTION,0.10373814697265629,0.009999999999999995
24,75,19,1,114,1,WAIT_SEND,0.11373814697265629,0.0
17,197,39,2,222,4,EXECUTION,0.08802861022949218,0.0050000000000000044
17,197,39,2,222,4,WAIT_SEND,0.09302861022949219,0.0
17,197,39,2,222,4,WAIT_RECV,0.10882861022949222,2.0000000000000573E-4
17,197,39,2,222,4,EXECUTION,0.10882861022949222,0.0050000000000000044
17,197,39,2,222,4,WAIT_SEND,0.11382861022949223,0.0
24,72,19,0,113,0,WAIT_SEND,0.040100000000000004,0.0
24,72,19,0,113,0,WAIT_RECV,0.11393814697265629,2.0000000000000573E-4
45,245,14,6,85,9,EXECUTION,0.10590000000000001,0.009999999999999995
45,245,14,6,85,9,WAIT_SEND,0.1159,0.0
34,246,16,6,98,9,EXECUTION,0.10590000000000002,0.009999999999999995
34,246,16,6,98,9,WAIT_SEND,0.11590000000000002,0.0
10,25,30,1,186,1,EXECUTION,0.016419073486328123,0.015
10,25,30,1,186,1,WAIT_SEND,0.03141907348632812,0.0
10,25,30,1,186,1,WAIT_RECV,0.0848572204589844,2.0000000000000573E-4
10,25,30,1,186,1,EXECUTION,0.0848572204589844,0.03151907348632814
10,25,30,1,186,1,WAIT_SEND,0.11637629394531254,0.0
57,248,19,2,123,8,EXECUTION,0.10661907348632814,0.009999999999999995
57,248,19,2,123,8,WAIT_SEND,0.11661907348632813,0.0
39,249,9,4,51,9,EXECUTION,0.10701907348632815,0.009999999999999995
39,249,9,4,51,9,WAIT_SEND,0.11701907348632815,0.0
41,250,10,0,61,9,EXECUTION,0.10701907348632815,0.009999999999999995
41,250,10,0,61,9,WAIT_SEND,0.11701907348632815,0.0
28,251,15,5,91,9,EXECUTION,0.10723728434244795,0.009999999999999995
28,251,15,5,91,9,WAIT_SEND,0.11723728434244794,0.0
10,21,33,0,207,0,WAIT_SEND,0.015099999999999999,0.0
10,21,33,0,207,0,WAIT_RECV,0.11769536743164068,0.0013190734863281345
21,239,39,5,225,5,EXECUTION,0.10322861022949222,0.0050000000000000044
21,239,39,5,225,5,WAIT_SEND,0.10822861022949222,0.0
21,239,39,5,225,5,WAIT_RECV,0.11362861022949224,2.0000000000000573E-4
21,239,39,5,225,5,EXECUTION,0.11362861022949224,0.0050000000000000044
21,239,39,5,225,5,WAIT_SEND,0.11862861022949224,0.0
35,162,20,3,128,6,EXECUTION,0.07570000000000002,0.009999999999999995
35,162,20,3,128,6,WAIT_SEND,0.08570000000000001,0.0
35,162,20,3,128,6,WAIT_RECV,0.09610000000000002,2.0000000000000573E-4
35,162,20,3,128,6,EXECUTION,0.09610000000000002,0.022900000000000004
35,162,20,3,128,6,WAIT_SEND,0.11900000000000002,0.0
51,192,17,2,102,5,EXECUTION,0.08641907348632814,0.009999999999999995
51,192,17,2,102,5,WAIT_SEND,0.09641907348632814,0.0
51,192,17,2,102,5,WAIT_RECV,0.1090572204589844,0.0013190734863281345
51,192,17,2,102,5,EXECUTION,0.1090572204589844,0.009999999999999995
51,192,17,2,102,5,WAIT_SEND,0.1190572204589844,0.0
33,253,28,5,174,9,EXECUTION,0.10925722045898441,0.009999999999999995
33,253,28,5,174,9,WAIT_SEND,0.1192572204589844,0.0
51,184,10,0,53,0,WAIT_SEND,0.08510000000000001,0.0
51,184,10,0,53,0,WAIT_RECV,0.12037629394531253,0.0013190734863281345
43,261,20,7,132,9,EXECUTION,0.11110000000000003,0.009999999999999995
43,261,20,7,132,9,WAIT_SEND,0.12110000000000003,0.0
27,147,16,5,97,7,EXECUTION,0.07050000000000001,0.009999999999999995
27,147,16,5,97,7,WAIT_SEND,0.0805,0.0
27,147,16,5,97,7,WAIT_RECV,0.11130000000000001,2.0000000000000573E-4
27,147,16,5,97,7,EXECUTION,0.11130000000000001,0.009999999999999995
27,147,16,5,97,7,WAIT_SEND,0.1213,0.0
12,30,29,4,179,1,EXECUTION,0.0203,0.010000000000000002
12,30,29,4,179,1,WAIT_SEND,0.0303,0.0
12,30,29,4,179,1,WAIT_RECV,0.11163987223307296,0.0013190734863281345
12,30,29,4,179,1,EXECUTION,0.11163987223307296,0.009999999999999995
12,30,29,4,179,1,WAIT_SEND,0.12163987223307296,0.0
12,28,29,0,175,0,WAIT_SEND,0.0201,0.0
12,28,29,0,175,0,WAIT_RECV,0.12183987223307297,2.0000000000000573E-4
36,149,31,5,201,7,EXECUTION,0.07161907348632814,0.009999999999999995
36,149,31,5,201,7,WAIT_SEND,0.08161907348632813,0.0
36,149,31,5,201,7,WAIT_RECV,0.11241907348632814,2.0000000000000573E-4
36,149,31,5,201,7,EXECUTION,0.11241907348632814,0.01079999999999999
36,149,31,5,201,7,WAIT_SEND,0.12321907348632813,0.0
31,101,19,2,115,1,EXECUTION,0.05030000000000001,0.010000000000000002
31,101,19,2,115,1,WAIT_SEND,0.06030000000000001,0.0
31,101,19,2,115,1,WAIT_RECV,0.11373814697265629,2.0000000000000573E-4
31,101,19,2,115,1,EXECUTION,0.11373814697265629,0.009999999999999995
31,101,19,2,115,1,WAIT_SEND,0.12373814697265628,0.0
25,74,17,1,101,1,EXECUTION,0.04030000000000001,0.010000000000000002
25,74,17,1,101,1,WAIT_SEND,0.05030000000000001,0.0
25,74,17,1,101,1,WAIT_RECV,0.10373814697265629,0.0013190734863281345
25,74,17,1,101,1,EXECUTION,0.10373814697265629,0.020000000000000004
25,74,17,1,101,1,WAIT_SEND,0.1237381469726563,0.0
21,226,39,3,215,2,EXECUTION,0.0980286102294922,0.0050000000000000044
21,226,39,3,215,2,WAIT_SEND,0.10302861022949221,0.0
21,226,39,3,215,2,WAIT_SEND,0.10302861022949221,0.0
21,226,39,3,215,2,WAIT_RECV,0.10842861022949223,2.0000000000000573E-4
21,226,39,3,215,2,WAIT_RECV,0.11882861022949225,2.0000000000000573E-4
21,226,39,3,215,2,EXECUTION,0.11882861022949225,0.0050000000000000044
21,226,39,3,215,2,WAIT_SEND,0.12382861022949225,0.0
31,98,19,0,113,0,WAIT_SEND,0.050100000000000006,0.0
31,98,19,0,113,0,WAIT_RECV,0.12393814697265629,2.0000000000000573E-4
25,71,17,0,100,0,WAIT_SEND,0.040100000000000004,0.0
25,71,17,0,100,0,WAIT_RECV,0.1239381469726563,2.0000000000000573E-4
42,208,30,3,188,6,EXECUTION,0.09181907348632815,0.009999999999999995
42,208,30,3,188,6,WAIT_SEND,0.10181907348632814,0.0
42,208,30,3,188,6,WAIT_RECV,0.1144572204589844,0.0013190734863281345
42,208,30,3,188,6,EXECUTION,0.1144572204589844,0.009999999999999995
42,208,30,3,188,6,WAIT_SEND,0.1244572204589844,0.0
45,215,14,3,82,6,EXECUTION,0.09570000000000001,0.009999999999999995
45,215,14,3,82,6,WAIT_SEND,0.1057,0.0
45,215,14,3,82,6,WAIT_RECV,0.11610000000000001,2.0000000000000573E-4
45,215,14,3,82,6,EXECUTION,0.11610000000000001,0.010000000000000009
45,215,14,3,82,6,WAIT_SEND,0.12610000000000002,0.0
34,217,16,2,94,6,EXECUTION,0.09570000000000002,0.009999999999999995
34,217,16,2,94,6,WAIT_SEND,0.10570000000000002,0.0
34,217,16,2,94,6,WAIT_RECV,0.11610000000000002,2.0000000000000573E-4
34,217,16,2,94,6,EXECUTION,0.11610000000000002,0.009999999999999995
34,217,16,2,94,6,WAIT_SEND,0.12610000000000002,0.0
57,219,19,5,118,5,EXECUTION,0.09641907348632814,0.009999999999999995
57,219,19,5,118,5,WAIT_SEND,0.10641907348632813,0.0
57,219,19,5,118,5,WAIT_RECV,0.11681907348632814,2.0000000000000573E-4
57,219,19,5,118,5,EXECUTION,0.11681907348632814,0.010000000000000009
57,219,19,5,118,5,WAIT_SEND,0.12681907348632815,0.0
41,222,10,2,55,6,EXECUTION,0.09681907348632815,0.009999999999999995
41,222,10,2,55,6,WAIT_SEND,0.10681907348632814,0.0
41,222,10,2,55,6,WAIT_RECV,0.11721907348632815,2.0000000000000573E-4
41,222,10,2,55,6,EXECUTION,0.11721907348632815,0.010000000000000009
41,222,10,2,55,6,WAIT_SEND,0.12721907348632816,0.0
9,23,15,1,87,1,EXECUTION,0.015299999999999998,0.009999999999999998
9,23,15,1,87,1,WAIT_SEND,0.025299999999999996,0.0
9,23,15,1,87,1,WAIT_RECV,0.10737061767578132,2.0000000000000573E-4
9,23,15,1,87,1,EXECUTION,0.10737061767578132,0.01999999999999999
9,23,15,1,87,1,WAIT_SEND,0.1273706176757813,0.0
28,223,15,3,89,6,EXECUTION,0.09703728434244795,0.009999999999999995
28,223,15,3,89,6,WAIT_SEND,0.10703728434244794,0.0
28,223,15,3,89,6,WAIT_RECV,0.11743728434244795,2.0000000000000573E-4
28,223,15,3,89,6,EXECUTION,0.11743728434244795,0.009999999999999995
28,223,15,3,89,6,WAIT_SEND,0.12743728434244794,0.0
9,20,15,0,86,0,WAIT_SEND,0.015099999999999999,0.0
9,20,15,0,86,0,WAIT_RECV,0.12763728434244792,2.6666666666660954E-4
57,214,23,0,139,0,WAIT_SEND,0.0951,0.0
57,214,23,0,139,0,WAIT_RECV,0.12813814697265624,0.0013190734863280928
39,216,8,5,45,6,EXECUTION,0.09570000000000002,0.009999999999999995
39,216,8,5,45,6,WAIT_SEND,0.10570000000000002,0.0
39,216,8,5,45,6,WAIT_RECV,0.11833814697265628,0.0013190734863281345
39,216,8,5,45,6,EXECUTION,0.11833814697265628,0.009999999999999995
39,216,8,5,45,6,WAIT_SEND,0.12833814697265628,0.0
33,225,27,2,167,6,EXECUTION,0.09793814697265628,0.009999999999999995
33,225,27,2,167,6,WAIT_SEND,0.10793814697265627,0.0
33,225,27,2,167,6,WAIT_RECV,0.12057629394531254,0.0013190734863281345
33,225,27,2,167,6,EXECUTION,0.12057629394531254,0.009999999999999995
33,225,27,2,167,6,WAIT_SEND,0.13057629394531253,0.0
42,178,30,7,192,7,EXECUTION,0.08161907348632814,0.009999999999999995
42,178,30,7,192,7,WAIT_SEND,0.09161907348632814,0.0
42,178,30,7,192,7,WAIT_RECV,0.1246572204589844,2.0000000000000573E-4
42,178,30,7,192,7,EXECUTION,0.1246572204589844,0.009999999999999995
42,178,30,7,192,7,WAIT_SEND,0.1346572204589844,0.0
29,115,8,6,46,7,EXECUTION,0.05661907348632814,0.01691907348632813
29,115,8,6,46,7,WAIT_SEND,0.07353814697265627,0.0
29,115,8,6,46,7,WAIT_RECV,0.10661907348632814,2.0000000000000573E-4
29,115,8,6,46,7,EXECUTION,0.10661907348632814,0.028059536743164068
29,115,8,6,46,7,WAIT_SEND,0.1346786102294922,0.0
16,96,32,2,206,7,EXECUTION,0.047738146972656256,0.02055953674316406
16,96,32,2,206,7,WAIT_SEND,0.06829768371582032,0.0
16,96,32,2,206,7,WAIT_RECV,0.10357397766113284,0.0013190734863281345
16,96,32,2,206,7,EXECUTION,0.10357397766113284,0.03168670527140301
16,96,32,2,206,7,WAIT_SEND,0.13526068293253585,0.0
35,136,20,4,129,7,EXECUTION,0.06550000000000002,0.009999999999999995
35,136,20,4,129,7,WAIT_SEND,0.07550000000000001,0.0
35,136,20,4,129,7,WAIT_RECV,0.11920000000000003,2.0000000000000573E-4
35,136,20,4,129,7,EXECUTION,0.11920000000000003,0.016287284342447916
35,136,20,4,129,7,WAIT_SEND,0.13548728434244794,0.0
34,190,16,4,96,7,EXECUTION,0.08550000000000002,0.009999999999999995
34,190,16,4,96,7,WAIT_SEND,0.09550000000000002,0.0
34,190,16,4,96,7,WAIT_RECV,0.1263,1.9999999999997797E-4
34,190,16,4,96,7,EXECUTION,0.1263,0.010000000000000009
34,190,16,4,96,7,WAIT_SEND,0.1363,0.0
13,33,30,1,186,1,EXECUTION,0.021419073486328124,0.02
13,33,30,1,186,1,WAIT_SEND,0.041419073486328124,0.0
13,33,30,1,186,1,WAIT_RECV,0.1048572204589844,2.0000000000000573E-4
13,33,30,1,186,1,EXECUTION,0.1048572204589844,0.03151907348632814
13,33,30,1,186,1,WAIT_SEND,0.13637629394531253,0.0
41,195,10,4,57,7,EXECUTION,0.08661907348632815,0.009999999999999995
41,195,10,4,57,7,WAIT_SEND,0.09661907348632814,0.0
41,195,10,4,57,7,WAIT_RECV,0.12741907348632814,1.9999999999997797E-4
41,195,10,4,57,7,EXECUTION,0.12741907348632814,0.010000000000000009
41,195,10,4,57,7,WAIT_SEND,0.13741907348632815,0.0
13,27,26,0,159,0,WAIT_SEND,0.0201,0.0
13,27,26,0,159,0,WAIT_RECV,0.13769536743164063,0.0013190734863280928
32,127,24,3,149,7,EXECUTION,0.06161907348632815,0.019999999999999997
32,127,24,3,149,7,WAIT_SEND,0.08161907348632814,0.0
32,127,24,3,149,7,WAIT_RECV,0.11241907348632815,2.0000000000000573E-4
32,127,24,3,149,7,EXECUTION,0.11241907348632815,0.025400000000000006
32,127,24,3,149,7,WAIT_SEND,0.13781907348632816,0.0
58,295,3,3,8,9,EXECUTION,0.12813814697265624,0.010000000000000009
58,295,3,3,8,9,WAIT_SEND,0.13813814697265625,0.0
40,311,39,3,231,7,EXECUTION,0.13322861022949217,0.0050000000000000044
40,311,39,3,231,7,WAIT_SEND,0.13822861022949218,0.0
18,76,15,4,90,7,EXECUTION,0.0405,0.019999999999999997
18,76,15,4,90,7,WAIT_SEND,0.0605,0.0
18,76,15,4,90,7,WAIT_RECV,0.09670000000000002,2.0000000000000573E-4
18,76,15,4,90,7,EXECUTION,0.09670000000000002,0.04209412353515625
18,76,15,4,90,7,WAIT_SEND,0.13879412353515627,0.0
49,296,31,7,203,9,EXECUTION,0.12978092651367187,0.010000000000000009
49,296,31,7,203,9,WAIT_SEND,0.13978092651367188,0.0
38,305,18,6,112,9,EXECUTION,0.13074996450918694,0.010000000000000009
38,305,18,6,112,9,WAIT_SEND,0.14074996450918695,0.0
56,306,24,4,150,9,EXECUTION,0.1309,0.010000000000000009
56,306,24,4,150,9,WAIT_SEND,0.1409,0.0
14,29,18,1,107,1,EXECUTION,0.0203,0.010000000000000002
14,29,18,1,107,1,WAIT_SEND,0.0303,0.0
14,29,18,1,107,1,WAIT_RECV,0.09871002129448789,2.0000000000000573E-4
14,29,18,1,107,1,EXECUTION,0.09871002129448789,0.043352505323621976
14,29,18,1,107,1,WAIT_SEND,0.14206252661810986,0.0
45,189,14,5,84,7,EXECUTION,0.0855,0.009999999999999995
45,189,14,5,84,7,WAIT_SEND,0.0955,0.0
45,189,14,5,84,7,WAIT_RECV,0.1263,1.9999999999997797E-4
45,189,14,5,84,7,EXECUTION,0.1263,0.01580000000000001
45,189,14,5,84,7,WAIT_SEND,0.1421,0.0
43,204,20,3,128,6,EXECUTION,0.09070000000000002,0.02020000000000001
43,204,20,3,128,6,WAIT_SEND,0.11090000000000003,0.0
43,204,20,3,128,6,WAIT_RECV,0.12130000000000003,2.0000000000000573E-4
43,204,20,3,128,6,EXECUTION,0.12130000000000003,0.02095000000000001
43,204,20,3,128,6,WAIT_SEND,0.14225000000000004,0.0
14,26,18,0,106,0,WAIT_SEND,0.0201,0.0
14,26,18,0,106,0,WAIT_RECV,0.14226252661810984,1.9999999999997797E-4
67,313,20,6,131,9,EXECUTION,0.1334,0.010000000000000009
67,313,20,6,131,9,WAIT_SEND,0.1434,0.0
40,329,39,7,235,8,EXECUTION,0.13842861022949215,0.0050000000000000044
40,329,39,7,235,8,WAIT_SEND,0.14342861022949216,0.0
48,314,29,1,184,9,EXECUTION,0.13351117146809893,0.010000000000000009
48,314,29,1,184,9,WAIT_SEND,0.14351117146809894,0.0
67,317,19,3,124,10,EXECUTION,0.1345190734863281,0.010000000000000009
67,317,19,3,124,10,WAIT_SEND,0.14451907348632811,0.0
35,113,20,1,126,1,EXECUTION,0.05530000000000001,0.010000000000000002
35,113,20,1,126,1,WAIT_SEND,0.06530000000000001,0.0
35,113,20,1,126,1,WAIT_RECV,0.13568728434244792,1.9999999999997797E-4
35,113,20,1,126,1,EXECUTION,0.13568728434244792,0.010000000000000009
35,113,20,1,126,1,WAIT_SEND,0.14568728434244793,0.0
35,110,20,0,125,0,WAIT_SEND,0.0551,0.0
35,110,20,0,125,0,WAIT_RECV,0.1458872843424479,1.9999999999997797E-4
42,146,28,1,170,1,EXECUTION,0.07030000000000002,0.009999999999999995
42,146,28,1,170,1,WAIT_SEND,0.08030000000000001,0.0
42,146,28,1,170,1,WAIT_RECV,0.1359762939453125,0.0013190734863280928
42,146,28,1,170,1,EXECUTION,0.1359762939453125,0.010000000000000009
42,146,28,1,170,1,WAIT_SEND,0.1459762939453125,0.0
30,324,18,5,111,9,EXECUTION,0.13615729144061053,0.010000000000000009
30,324,18,5,111,9,WAIT_SEND,0.14615729144061054,0.0
42,144,28,0,169,0,WAIT_SEND,0.07010000000000001,0.0
42,144,28,0,169,0,WAIT_RECV,0.14617629394531248,1.9999999999997797E-4
16,45,29,1,176,1,EXECUTION,0.026419073486328125,0.019999999999999997
16,45,29,1,176,1,WAIT_SEND,0.04641907348632812,0.0
16,45,29,1,176,1,WAIT_RECV,0.13657975641886394,0.0013190734863280928
16,45,29,1,176,1,EXECUTION,0.13657975641886394,0.010000000000000009
16,45,29,1,176,1,WAIT_SEND,0.14657975641886395,0.0
64,327,14,6,85,9,EXECUTION,0.1370190734863281,0.010000000000000009
64,327,14,6,85,9,WAIT_SEND,0.14701907348632812,0.0
16,40,27,0,165,0,WAIT_SEND,0.0251,0.0
16,40,27,0,165,0,WAIT_RECV,0.14789882990519204,0.0013190734863280928
44,347,39,5,233,8,EXECUTION,0.14342861022949216,0.0050000000000000044
44,347,39,5,233,8,WAIT_SEND,0.14842861022949216,0.0
40,312,39,6,226,5,EXECUTION,0.13322861022949217,0.0050000000000000044
40,312,39,6,226,5,WAIT_SEND,0.13822861022949218,0.0
40,312,39,6,226,5,WAIT_RECV,0.14362861022949214,1.9999999999997797E-4
40,312,39,6,226,5,EXECUTION,0.14362861022949214,0.0050000000000000044
40,312,39,6,226,5,WAIT_SEND,0.14862861022949214,0.0
23,117,18,4,110,7,EXECUTION,0.05800000000000002,0.019999999999999997
23,117,18,4,110,7,WAIT_SEND,0.07800000000000001,0.0
23,117,18,4,110,7,WAIT_RECV,0.10880000000000002,2.0000000000000573E-4
23,117,18,4,110,7,EXECUTION,0.10880000000000002,0.039999999999999994
23,117,18,4,110,7,WAIT_SEND,0.14880000000000002,0.0
58,270,7,3,37,6,EXECUTION,0.11681907348632814,0.010000000000000009
58,270,7,3,37,6,WAIT_SEND,0.12681907348632815,0.0
58,270,7,3,37,6,WAIT_RECV,0.13945722045898434,0.0013190734863280928
58,270,7,3,37,6,EXECUTION,0.13945722045898434,0.010000000000000009
58,270,7,3,37,6,WAIT_SEND,0.14945722045898435,0.0
63,340,12,6,72,9,EXECUTION,0.14045722045898437,0.010000000000000009
63,340,12,6,72,9,WAIT_SEND,0.15045722045898438,0.0
39,161,8,6,46,7,EXECUTION,0.07550000000000001,0.020000000000000004
39,161,8,6,46,7,WAIT_SEND,0.09550000000000002,0.0
39,161,8,6,46,7,WAIT_RECV,0.12853814697265625,1.9999999999997797E-4
39,161,8,6,46,7,EXECUTION,0.12853814697265625,0.022046821085611984
39,161,8,6,46,7,WAIT_SEND,0.15058496805826824,0.0
27,93,16,1,93,1,EXECUTION,0.04530000000000001,0.024999999999999994
27,93,16,1,93,1,WAIT_SEND,0.0703,0.0
27,93,16,1,93,1,WAIT_RECV,0.12150000000000001,2.0000000000000573E-4
27,93,16,1,93,1,EXECUTION,0.12150000000000001,0.030000000000000013
27,93,16,1,93,1,WAIT_SEND,0.15150000000000002,0.0
46,342,31,6,202,9,EXECUTION,0.14161907348632813,0.010000000000000009
46,342,31,6,202,9,WAIT_SEND,0.15161907348632814,0.0
27,90,16,0,92,0,WAIT_SEND,0.0451,0.0
27,90,16,0,92,0,WAIT_RECV,0.1517,1.9999999999997797E-4
45,160,14,1,80,1,EXECUTION,0.0753,0.009999999999999995
45,160,14,1,80,1,WAIT_SEND,0.0853,0.0
45,160,14,1,80,1,WAIT_RECV,0.14229999999999998,1.9999999999997797E-4
45,160,14,1,80,1,EXECUTION,0.14229999999999998,0.010000000000000009
45,160,14,1,80,1,WAIT_SEND,0.1523,0.0
43,174,20,5,130,7,EXECUTION,0.08050000000000002,0.009999999999999995
43,174,20,5,130,7,WAIT_SEND,0.09050000000000001,0.0
43,174,20,5,130,7,WAIT_RECV,0.14245000000000002,1.9999999999997797E-4
43,174,20,5,130,7,EXECUTION,0.14245000000000002,0.010000000000000009
43,174,20,5,130,7,WAIT_SEND,0.15245000000000003,0.0
45,157,14,0,79,0,WAIT_SEND,0.0751,0.0
45,157,14,0,79,0,WAIT_RECV,0.15249999999999997,1.9999999999997797E-4
44,328,39,4,224,5,EXECUTION,0.13822861022949218,0.0050000000000000044
44,328,39,4,224,5,WAIT_SEND,0.14322861022949218,0.0
44,328,39,4,224,5,WAIT_RECV,0.14862861022949214,1.9999999999997797E-4
44,328,39,4,224,5,EXECUTION,0.14862861022949214,0.0050000000000000044
44,328,39,4,224,5,WAIT_SEND,0.15362861022949215,0.0
55,348,16,7,99,9,EXECUTION,0.14371271565755206,0.010000000000000009
55,348,16,7,99,9,WAIT_SEND,0.15371271565755207,0.0
40,294,39,4,216,2,EXECUTION,0.1280286102294922,0.0050000000000000044
40,294,39,4,216,2,WAIT_SEND,0.1330286102294922,0.0
40,294,39,4,216,2,WAIT_SEND,0.1330286102294922,0.0
40,294,39,4,216,2,WAIT_RECV,0.13842861022949215,1.9999999999997797E-4
40,294,39,4,216,2,WAIT_RECV,0.14882861022949212,1.9999999999997797E-4
40,294,39,4,216,2,EXECUTION,0.14882861022949212,0.0050000000000000044
40,294,39,4,216,2,WAIT_SEND,0.15382861022949212,0.0
48,283,30,4,189,6,EXECUTION,0.12219209798177084,0.009999999999999995
48,283,30,4,189,6,WAIT_SEND,0.13219209798177084,0.0
48,283,30,4,189,6,WAIT_RECV,0.14483024495442703,0.0013190734863280928
48,283,30,4,189,6,EXECUTION,0.14483024495442703,0.010000000000000009
48,283,30,4,189,6,WAIT_SEND,0.15483024495442704,0.0
56,280,24,2,148,6,EXECUTION,0.12070000000000002,0.009999999999999995
56,280,24,2,148,6,WAIT_SEND,0.1307,0.0
56,280,24,2,148,6,WAIT_RECV,0.14109999999999998,1.9999999999997797E-4
56,280,24,2,148,6,EXECUTION,0.14109999999999998,0.013880926513671843
56,280,24,2,148,6,WAIT_SEND,0.15498092651367182,0.0
30,292,18,3,109,6,EXECUTION,0.12595729144061055,0.010000000000000009
30,292,18,3,109,6,WAIT_SEND,0.13595729144061056,0.0
30,292,18,3,109,6,WAIT_RECV,0.14635729144061052,1.9999999999997797E-4
30,292,18,3,109,6,EXECUTION,0.14635729144061052,0.010000000000000009
30,292,18,3,109,6,WAIT_SEND,0.15635729144061053,0.0
4,7,17,0,100,0,WAIT_SEND,0.0051,0.0
4,7,17,0,100,0,WAIT_RECV,0.1567762939453125,0.0629381469726562
5,8,27,0,165,0,WAIT_SEND,0.0051,0.0
5,8,27,0,165,0,WAIT_RECV,0.1567762939453125,0.0629381469726562
18,50,15,2,88,1,EXECUTION,0.030299999999999997,0.009999999999999998
18,50,15,2,88,1,WAIT_SEND,0.040299999999999996,0.0
18,50,15,2,88,1,WAIT_RECV,0.13899412353515625,1.9999999999997797E-4
18,50,15,2,88,1,EXECUTION,0.13899412353515625,0.01869412353515626
18,50,15,2,88,1,WAIT_SEND,0.1576882470703125,0.0
18,47,15,0,86,0,WAIT_SEND,0.0301,0.0
18,47,15,0,86,0,WAIT_RECV,0.1578882470703125,1.9999999999997797E-4
33,137,32,2,206,7,EXECUTION,0.06661907348632815,0.03
33,137,32,2,206,7,WAIT_SEND,0.09661907348632814,0.0
33,137,32,2,206,7,WAIT_RECV,0.13189536743164063,0.0013190734863280928
33,137,32,2,206,7,EXECUTION,0.13189536743164063,0.026820804723103858
33,137,32,2,206,7,WAIT_SEND,0.15871617215474448,0.0
44,310,39,7,219,3,EXECUTION,0.1330286102294922,0.0050000000000000044
44,310,39,7,219,3,WAIT_SEND,0.1380286102294922,0.0
44,310,39,7,219,3,WAIT_RECV,0.15382861022949212,1.9999999999997797E-4
44,310,39,7,219,3,EXECUTION,0.15382861022949212,0.0050000000000000044
44,310,39,7,219,3,WAIT_SEND,0.15882861022949213,0.0
29,91,6,1,30,1,EXECUTION,0.04530000000000001,0.010000000000000002
29,91,6,1,30,1,WAIT_SEND,0.05530000000000001,0.0
29,91,6,1,30,1,WAIT_RECV,0.1359976837158203,0.0013190734863280928
29,91,6,1,30,1,EXECUTION,0.1359976837158203,0.022848841857910168
29,91,6,1,30,1,WAIT_SEND,0.15884652557373047,0.0
29,88,6,0,29,0,WAIT_SEND,0.0451,0.0
29,88,6,0,29,0,WAIT_RECV,0.15904652557373045,1.9999999999997797E-4
50,362,15,5,91,9,EXECUTION,0.1491293823242187,0.010000000000000009
50,362,15,5,91,9,WAIT_SEND,0.15912938232421872,0.0
49,272,31,3,199,6,EXECUTION,0.11958092651367189,0.010000000000000009
49,272,31,3,199,6,WAIT_SEND,0.1295809265136719,0.0
49,272,31,3,199,6,WAIT_RECV,0.13998092651367186,1.9999999999997797E-4
49,272,31,3,199,6,EXECUTION,0.13998092651367186,0.01999999999999999
49,272,31,3,199,6,WAIT_SEND,0.15998092651367185,0.0
60,363,9,5,52,9,EXECUTION,0.15007861022949215,0.010000000000000009
60,363,9,5,52,9,WAIT_SEND,0.16007861022949216,0.0
38,279,18,2,108,6,EXECUTION,0.12054996450918695,0.010000000000000009
38,279,18,2,108,6,WAIT_SEND,0.13054996450918696,0.0
38,279,18,2,108,6,WAIT_RECV,0.14094996450918693,1.9999999999997797E-4
38,279,18,2,108,6,EXECUTION,0.14094996450918693,0.01913089102285878
38,279,18,2,108,6,WAIT_SEND,0.1600808555320457,0.0
63,300,12,4,70,6,EXECUTION,0.13025722045898439,0.010000000000000009
63,300,12,4,70,6,WAIT_SEND,0.1402572204589844,0.0
63,300,12,4,70,6,WAIT_RECV,0.15065722045898436,1.9999999999997797E-4
63,300,12,4,70,6,EXECUTION,0.15065722045898436,0.010000000000000009
63,300,12,4,70,6,WAIT_SEND,0.16065722045898437,0.0
28,135,15,4,90,7,EXECUTION,0.06550000000000002,0.031337284342447924
28,135,15,4,90,7,WAIT_SEND,0.09683728434244794,0.0
28,135,15,4,90,7,WAIT_RECV,0.12763728434244792,1.9999999999997797E-4
28,135,15,4,90,7,EXECUTION,0.12763728434244792,0.03320000000000001
28,135,15,4,90,7,WAIT_SEND,0.16083728434244793,0.0
34,112,16,1,93,1,EXECUTION,0.05530000000000001,0.030000000000000006
34,112,16,1,93,1,WAIT_SEND,0.08530000000000001,0.0
34,112,16,1,93,1,WAIT_RECV,0.13649999999999998,1.9999999999997797E-4
34,112,16,1,93,1,EXECUTION,0.13649999999999998,0.025000000000000022
34,112,16,1,93,1,WAIT_SEND,0.1615,0.0
34,109,16,0,92,0,WAIT_SEND,0.0551,0.0
34,109,16,0,92,0,WAIT_RECV,0.16169999999999998,1.9999999999997797E-4
46,308,31,2,198,6,EXECUTION,0.1314190734863281,0.010000000000000009
46,308,31,2,198,6,WAIT_SEND,0.1414190734863281,0.0
46,308,31,2,198,6,WAIT_RECV,0.15181907348632812,1.9999999999997797E-4
46,308,31,2,198,6,EXECUTION,0.15181907348632812,0.009999999999999981
46,308,31,2,198,6,WAIT_SEND,0.1618190734863281,0.0
43,145,20,2,127,1,EXECUTION,0.07030000000000002,0.009999999999999995
43,145,20,2,127,1,WAIT_SEND,0.08030000000000001,0.0
43,145,20,2,127,1,WAIT_RECV,0.15265,1.9999999999997797E-4
43,145,20,2,127,1,EXECUTION,0.15265,0.010000000000000009
43,145,20,2,127,1,WAIT_SEND,0.16265000000000002,0.0
52,372,31,7,203,9,EXECUTION,0.1528190734863281,0.010000000000000009
52,372,31,7,203,9,WAIT_SEND,0.1628190734863281,0.0
43,143,20,0,125,0,WAIT_SEND,0.07010000000000001,0.0
43,143,20,0,125,0,WAIT_RECV,0.16285,1.9999999999997797E-4
55,315,16,3,95,6,EXECUTION,0.13351271565755207,0.010000000000000009
55,315,16,3,95,6,WAIT_SEND,0.14351271565755208,0.0
55,315,16,3,95,6,WAIT_RECV,0.15391271565755205,1.9999999999997797E-4
55,315,16,3,95,6,EXECUTION,0.15391271565755205,0.010000000000000009
55,315,16,3,95,6,WAIT_SEND,0.16391271565755205,0.0
36,126,31,1,197,1,EXECUTION,0.061419073486328135,0.009999999999999995
36,126,31,1,197,1,WAIT_SEND,0.07141907348632813,0.0
36,126,31,1,197,1,WAIT_RECV,0.12341907348632813,2.0000000000000573E-4
36,126,31,1,197,1,EXECUTION,0.12341907348632813,0.04077976837158204
36,126,31,1,197,1,WAIT_SEND,0.16419884185791017,0.0
48,263,30,0,193,7,EXECUTION,0.11199209798177084,0.009999999999999995
48,263,30,0,193,7,WAIT_SEND,0.12199209798177084,0.0
48,263,30,0,193,7,WAIT_RECV,0.15503024495442702,1.9999999999997797E-4
48,263,30,0,193,7,EXECUTION,0.15503024495442702,0.010000000000000009
48,263,30,0,193,7,WAIT_SEND,0.16503024495442703,0.0
36,120,27,0,165,0,WAIT_SEND,0.0601,0.0
36,120,27,0,165,0,WAIT_RECV,0.16551791534423826,0.0013190734863280928
67,258,20,3,128,6,EXECUTION,0.11030000000000001,0.022900000000000004
67,258,20,3,128,6,WAIT_SEND,0.1332,0.0
67,258,20,3,128,6,WAIT_SEND,0.1332,0.0
67,258,20,3,128,6,WAIT_RECV,0.14359999999999998,1.9999999999997797E-4
67,258,20,3,128,6,WAIT_RECV,0.1458872843424479,0.0013682108561197948
67,258,20,3,128,6,EXECUTION,0.1458872843424479,0.01999999999999999
67,258,20,3,128,6,WAIT_SEND,0.1658872843424479,0.0
67,255,20,0,125,0,WAIT_SEND,0.1101,0.0
67,255,20,0,125,0,WAIT_RECV,0.16608728434244788,1.9999999999997797E-4
75,382,5,4,28,9,EXECUTION,0.15701907348632804,0.010000000000000009
75,382,5,4,28,9,WAIT_SEND,0.16701907348632805,0.0
64,293,14,3,82,6,EXECUTION,0.12681907348632812,0.010000000000000009
64,293,14,3,82,6,WAIT_SEND,0.13681907348632813,0.0
64,293,14,3,82,6,WAIT_RECV,0.1472190734863281,1.9999999999997797E-4
64,293,14,3,82,6,EXECUTION,0.1472190734863281,0.01999999999999999
64,293,14,3,82,6,WAIT_SEND,0.16721907348632808,0.0
71,385,17,4,104,9,EXECUTION,0.15813814697265619,0.010000000000000009
71,385,17,4,104,9,WAIT_SEND,0.1681381469726562,0.0
58,247,7,5,39,7,EXECUTION,0.10661907348632814,0.009999999999999995
58,247,7,5,39,7,WAIT_SEND,0.11661907348632813,0.0
58,247,7,5,39,7,WAIT_RECV,0.14965722045898433,1.9999999999997797E-4
58,247,7,5,39,7,EXECUTION,0.14965722045898433,0.01999999999999999
58,247,7,5,39,7,WAIT_SEND,0.16965722045898432,0.0
54,394,20,7,132,9,EXECUTION,0.16055,0.010000000000000009
54,394,20,7,132,9,WAIT_SEND,0.17055,0.0
53,386,15,5,91,9,EXECUTION,0.15919412353515622,0.011455976562500025
53,386,15,5,91,9,WAIT_SEND,0.17065010009765624,0.0
39,133,8,2,42,1,EXECUTION,0.06530000000000001,0.009999999999999995
39,133,8,2,42,1,WAIT_SEND,0.0753,0.0
39,133,8,2,42,1,WAIT_RECV,0.15078496805826822,1.9999999999997797E-4
39,133,8,2,42,1,EXECUTION,0.15078496805826822,0.01999999999999999
39,133,8,2,42,1,WAIT_SEND,0.1707849680582682,0.0
39,130,8,0,40,0,WAIT_SEND,0.0651,0.0
39,130,8,0,40,0,WAIT_RECV,0.17098496805826818,1.9999999999997797E-4
28,92,15,1,87,1,EXECUTION,0.04530000000000001,0.020000000000000004
28,92,15,1,87,1,WAIT_SEND,0.06530000000000001,0.0
28,92,15,1,87,1,WAIT_RECV,0.1610372843424479,1.9999999999997797E-4
28,92,15,1,87,1,EXECUTION,0.1610372843424479,0.010000000000000009
28,92,15,1,87,1,WAIT_SEND,0.17103728434244792,0.0
37,395,18,6,112,9,EXECUTION,0.1611499645091869,0.010000000000000009
37,395,18,6,112,9,WAIT_SEND,0.1711499645091869,0.0
28,89,15,0,86,0,WAIT_SEND,0.0451,0.0
28,89,15,0,86,0,WAIT_RECV,0.1712372843424479,1.9999999999997797E-4
61,396,24,4,150,9,EXECUTION,0.16129999999999994,0.010000000000000009
61,396,24,4,150,9,WAIT_SEND,0.17129999999999995,0.0
60,330,8,3,43,6,EXECUTION,0.13875953674316405,0.010000000000000009
60,330,8,3,43,6,WAIT_SEND,0.14875953674316406,0.0
60,330,8,3,43,6,WAIT_RECV,0.16139768371582025,0.0013190734863280928
60,330,8,3,43,6,EXECUTION,0.16139768371582025,0.010000000000000009
60,330,8,3,43,6,WAIT_SEND,0.17139768371582026,0.0
68,398,31,6,202,9,EXECUTION,0.1618190734863281,0.010000000000000009
68,398,31,6,202,9,WAIT_SEND,0.1718190734863281,0.0
73,401,9,3,50,9,EXECUTION,0.16201907348632805,0.010000000000000009
73,401,9,3,50,9,WAIT_SEND,0.17201907348632806,0.0
52,309,31,3,199,6,EXECUTION,0.13261907348632812,0.01999999999999999
52,309,31,3,199,6,WAIT_SEND,0.1526190734863281,0.0
52,309,31,3,199,6,WAIT_RECV,0.16301907348632808,1.9999999999997797E-4
52,309,31,3,199,6,EXECUTION,0.16301907348632808,0.010000000000000009
52,309,31,3,199,6,WAIT_SEND,0.17301907348632808,0.0
59,421,39,5,241,10,EXECUTION,0.16842861022949215,0.0050000000000000044
59,421,39,5,241,10,WAIT_SEND,0.17342861022949216,0.0
59,420,39,2,238,9,EXECUTION,0.16842861022949215,0.0050000000000000044
59,420,39,2,238,9,WAIT_SEND,0.17342861022949216,0.0
55,285,16,5,97,7,EXECUTION,0.1233127156575521,0.009999999999999995
55,285,16,5,97,7,WAIT_SEND,0.1333127156575521,0.0
55,285,16,5,97,7,WAIT_RECV,0.16411271565755203,1.9999999999997797E-4
55,285,16,5,97,7,EXECUTION,0.16411271565755203,0.010000000000000009
55,285,16,5,97,7,WAIT_SEND,0.17411271565755204,0.0
94,414,13,5,78,10,EXECUTION,0.16661907348632807,0.010000000000000009
94,414,13,5,78,10,WAIT_SEND,0.17661907348632808,0.0
72,415,14,6,85,9,EXECUTION,0.16669999999999993,0.010000000000000009
72,415,14,6,85,9,WAIT_SEND,0.17669999999999994,0.0
17,39,6,0,29,0,WAIT_SEND,0.0251,0.0
17,39,6,0,29,0,WAIT_RECV,0.1767572204589844,0.06292861022949217
81,416,20,6,131,9,EXECUTION,0.16701907348632805,0.010000000000000009
81,416,20,6,131,9,WAIT_SEND,0.17701907348632806,0.0
41,134,17,1,101,1,EXECUTION,0.06530000000000001,0.020000000000000004
41,134,17,1,101,1,WAIT_SEND,0.08530000000000001,0.0
41,134,17,1,101,1,WAIT_RECV,0.13873814697265624,0.0013190734863280928
41,134,17,1,101,1,EXECUTION,0.13873814697265624,0.03843814697265627
41,134,17,1,101,1,WAIT_SEND,0.1771762939453125,0.0
41,132,17,0,100,0,WAIT_SEND,0.0651,0.0
41,132,17,0,100,0,WAIT_RECV,0.17737629394531249,1.9999999999997797E-4
76,419,5,2,26,9,EXECUTION,0.16813814697265614,0.010000000000000009
76,419,5,2,26,9,WAIT_SEND,0.17813814697265615,0.0
59,404,39,1,229,6,EXECUTION,0.16322861022949217,0.0050000000000000044
59,404,39,1,229,6,WAIT_SEND,0.16822861022949218,0.0
59,404,39,1,229,6,WAIT_SEND,0.16822861022949218,0.0
59,404,39,1,229,6,WAIT_RECV,0.17362861022949214,1.9999999999997797E-4
59,404,39,1,229,6,WAIT_RECV,0.17362861022949214,1.9999999999997797E-4
59,404,39,1,229,6,EXECUTION,0.17362861022949214,0.0050000000000000044
59,404,39,1,229,6,WAIT_SEND,0.17862861022949214,0.0
94,417,15,5,91,9,EXECUTION,0.16773814697265618,0.011455976562500025
94,417,15,5,91,9,WAIT_SEND,0.1791941235351562,0.0
78,423,26,5,164,9,EXECUTION,0.16925722045898425,0.010000000000000009
78,423,26,5,164,9,WAIT_SEND,0.17925722045898426,0.0
50,316,15,3,89,6,EXECUTION,0.13392938232421875,0.014999999999999986
50,316,15,3,89,6,WAIT_SEND,0.14892938232421873,0.0
50,316,15,3,89,6,WAIT_RECV,0.1593293823242187,1.9999999999997797E-4
50,316,15,3,89,6,EXECUTION,0.1593293823242187,0.01999999999999999
50,316,15,3,89,6,WAIT_SEND,0.1793293823242187,0.0
71,360,13,2,75,6,EXECUTION,0.14681907348632808,0.010000000000000009
71,360,13,2,75,6,WAIT_SEND,0.1568190734863281,0.0
71,360,13,2,75,6,WAIT_RECV,0.1694572204589843,0.0013190734863280928
71,360,13,2,75,6,EXECUTION,0.1694572204589843,0.010000000000000009
71,360,13,2,75,6,WAIT_SEND,0.1794572204589843,0.0
58,218,7,1,35,1,EXECUTION,0.09641907348632814,0.009999999999999995
58,218,7,1,35,1,WAIT_SEND,0.10641907348632813,0.0
58,218,7,1,35,1,WAIT_RECV,0.1698572204589843,1.9999999999997797E-4
58,218,7,1,35,1,EXECUTION,0.1698572204589843,0.010000000000000009
58,218,7,1,35,1,WAIT_SEND,0.1798572204589843,0.0
56,233,24,3,149,7,EXECUTION,0.1005,0.020000000000000004
56,233,24,3,149,7,WAIT_SEND,0.12050000000000001,0.0
56,233,24,3,149,7,WAIT_RECV,0.1551809265136718,1.9999999999997797E-4
56,233,24,3,149,7,EXECUTION,0.1551809265136718,0.02484046325683592
56,233,24,3,149,7,WAIT_SEND,0.18002138977050772,0.0
49,254,31,4,200,7,EXECUTION,0.10938092651367189,0.009999999999999995
49,254,31,4,200,7,WAIT_SEND,0.11938092651367188,0.0
49,254,31,4,200,7,WAIT_RECV,0.16018092651367183,1.9999999999997797E-4
49,254,31,4,200,7,EXECUTION,0.16018092651367183,0.01999999999999999
49,254,31,4,200,7,WAIT_SEND,0.18018092651367182,0.0
98,429,19,2,123,8,EXECUTION,0.17049999999999996,0.010000000000000009
98,429,19,2,123,8,WAIT_SEND,0.18049999999999997,0.0
54,332,20,3,128,6,EXECUTION,0.1394,0.020950000000000024
54,332,20,3,128,6,WAIT_SEND,0.16035000000000002,0.0
54,332,20,3,128,6,WAIT_RECV,0.17074999999999999,1.9999999999997797E-4
54,332,20,3,128,6,EXECUTION,0.17074999999999999,0.010000000000000009
54,332,20,3,128,6,WAIT_SEND,0.18075,0.0
58,212,3,0,5,0,WAIT_SEND,0.0951,0.0
58,212,3,0,5,0,WAIT_RECV,0.1811762939453124,0.0013190734863280928
37,345,18,2,108,6,EXECUTION,0.14181907348632813,0.01913089102285878
37,345,18,2,108,6,WAIT_SEND,0.16094996450918692,0.0
37,345,18,2,108,6,WAIT_RECV,0.17134996450918688,1.9999999999997797E-4
37,345,18,2,108,6,EXECUTION,0.17134996450918688,0.010000000000000009
37,345,18,2,108,6,WAIT_SEND,0.1813499645091869,0.0
61,361,24,2,148,6,EXECUTION,0.14721907348632812,0.013880926513671843
61,361,24,2,148,6,WAIT_SEND,0.16109999999999997,0.0
61,361,24,2,148,6,WAIT_RECV,0.17149999999999993,1.9999999999997797E-4
61,361,24,2,148,6,EXECUTION,0.17149999999999993,0.010000000000000009
61,361,24,2,148,6,WAIT_SEND,0.18149999999999994,0.0
74,432,10,7,60,9,EXECUTION,0.17201907348632806,0.010000000000000009
74,432,10,7,60,9,WAIT_SEND,0.18201907348632806,0.0
62,433,31,7,203,9,EXECUTION,0.17201907348632808,0.010000000000000009
62,433,31,7,203,9,WAIT_SEND,0.1820190734863281,0.0
46,221,32,2,206,7,EXECUTION,0.09661907348632814,0.03342543131510417
46,221,32,2,206,7,WAIT_SEND,0.13004450480143231,0.0
46,221,32,2,206,7,WAIT_RECV,0.1631381469726562,0.0013190734863280928
46,221,32,2,206,7,EXECUTION,0.1631381469726562,0.01999999999999999
46,221,32,2,206,7,WAIT_SEND,0.18313814697265618,0.0
68,369,30,5,190,6,EXECUTION,0.1504048136393229,0.010000000000000009
68,369,30,5,190,6,WAIT_SEND,0.1604048136393229,0.0
68,369,30,5,190,6,WAIT_RECV,0.1731381469726562,0.0013190734863280928
68,369,30,5,190,6,EXECUTION,0.1731381469726562,0.010000000000000009
68,369,30,5,190,6,WAIT_SEND,0.1831381469726562,0.0
52,282,31,5,201,7,EXECUTION,0.12161907348632815,0.01079999999999999
52,282,31,5,201,7,WAIT_SEND,0.13241907348632814,0.0
52,282,31,5,201,7,WAIT_RECV,0.17321907348632806,1.9999999999997797E-4
52,282,31,5,201,7,EXECUTION,0.17321907348632806,0.010000000000000009
52,282,31,5,201,7,WAIT_SEND,0.18321907348632807,0.0
73,370,7,4,38,6,EXECUTION,0.15069999999999995,0.010000000000000009
73,370,7,4,38,6,WAIT_SEND,0.16069999999999995,0.0
73,370,7,4,38,6,WAIT_RECV,0.17333814697265615,0.0013190734863280928
73,370,7,4,38,6,EXECUTION,0.17333814697265615,0.010000000000000009
73,370,7,4,38,6,WAIT_SEND,0.18333814697265616,0.0
65,447,39,6,234,8,EXECUTION,0.17842861022949214,0.0050000000000000044
65,447,39,6,234,8,WAIT_SEND,0.18342861022949214,0.0
75,359,5,5,21,6,EXECUTION,0.14681907348632806,0.010000000000000009
75,359,5,5,21,6,WAIT_SEND,0.15681907348632806,0.0
75,359,5,5,21,6,WAIT_RECV,0.16721907348632803,1.9999999999997797E-4
75,359,5,5,21,6,EXECUTION,0.16721907348632803,0.016519073486328084
75,359,5,5,21,6,WAIT_SEND,0.1837381469726561,0.0
59,384,39,3,223,4,EXECUTION,0.1580286102294922,0.0050000000000000044
59,384,39,3,223,4,WAIT_SEND,0.1630286102294922,0.0
59,384,39,3,223,4,WAIT_RECV,0.17882861022949212,1.9999999999997797E-4
59,384,39,3,223,4,EXECUTION,0.17882861022949212,0.0050000000000000044
59,384,39,3,223,4,WAIT_SEND,0.18382861022949212,0.0
53,331,15,3,89,6,EXECUTION,0.13892938232421875,0.01999999999999999
53,331,15,3,89,6,WAIT_SEND,0.15892938232421874,0.0
53,331,15,3,89,6,WAIT_RECV,0.17085010009765622,1.9999999999997797E-4
53,331,15,3,89,6,EXECUTION,0.17085010009765622,0.014239641113281243
53,331,15,3,89,6,WAIT_SEND,0.18508974121093746,0.0
63,271,11,2,64,7,EXECUTION,0.1189381469726563,0.009999999999999995
63,271,11,2,64,7,WAIT_SEND,0.1289381469726563,0.0
63,271,11,2,64,7,WAIT_RECV,0.16197629394531246,0.0013190734863280928
63,271,11,2,64,7,EXECUTION,0.16197629394531246,0.023238146972656276
63,271,11,2,64,7,WAIT_SEND,0.18521444091796874,0.0
48,177,30,1,186,1,EXECUTION,0.08141907348632814,0.0303730244954427
48,177,30,1,186,1,WAIT_SEND,0.11179209798177084,0.0
48,177,30,1,186,1,WAIT_RECV,0.165230244954427,1.9999999999997797E-4
48,177,30,1,186,1,EXECUTION,0.165230244954427,0.01999999999999999
48,177,30,1,186,1,WAIT_SEND,0.185230244954427,0.0
48,170,26,0,159,0,WAIT_SEND,0.0801,0.0
48,170,26,0,159,0,WAIT_RECV,0.18661907348632809,0.0013888285319010873
21,64,28,0,169,0,WAIT_SEND,0.035100000000000006,0.0
21,64,28,0,169,0,WAIT_RECV,0.1867572204589844,0.06292861022949216
83,445,26,4,163,9,EXECUTION,0.17701907348632803,0.010000000000000009
83,445,26,4,163,9,WAIT_SEND,0.18701907348632804,0.0
64,269,14,4,83,7,EXECUTION,0.11661907348632813,0.010000000000000009
64,269,14,4,83,7,WAIT_SEND,0.12661907348632814,0.0
64,269,14,4,83,7,WAIT_RECV,0.16741907348632806,1.9999999999997797E-4
64,269,14,4,83,7,EXECUTION,0.16741907348632806,0.01999999999999999
64,269,14,4,83,7,WAIT_SEND,0.18741907348632805,0.0
72,356,14,3,82,6,EXECUTION,0.14649999999999996,0.01999999999999999
72,356,14,3,82,6,WAIT_SEND,0.16649999999999995,0.0
72,356,14,3,82,6,WAIT_RECV,0.17689999999999992,1.9999999999997797E-4
72,356,14,3,82,6,EXECUTION,0.17689999999999992,0.011199999999999988
72,356,14,3,82,6,WAIT_SEND,0.1880999999999999,0.0
81,378,19,6,119,6,EXECUTION,0.15569999999999995,0.010000000000000009
81,378,19,6,119,6,WAIT_SEND,0.16569999999999996,0.0
81,378,19,6,119,6,WAIT_RECV,0.17833814697265615,0.0013190734863280928
81,378,19,6,119,6,EXECUTION,0.17833814697265615,0.010000000000000009
81,378,19,6,119,6,WAIT_SEND,0.18833814697265616,0.0
65,436,39,5,225,5,EXECUTION,0.17322861022949215,0.0050000000000000044
65,436,39,5,225,5,WAIT_SEND,0.17822861022949216,0.0
65,436,39,5,225,5,WAIT_RECV,0.18362861022949212,1.9999999999997797E-4
65,436,39,5,225,5,EXECUTION,0.18362861022949212,0.0050000000000000044
65,436,39,5,225,5,WAIT_SEND,0.18862861022949212,0.0
71,326,13,3,76,7,EXECUTION,0.1366190734863281,0.010000000000000009
71,326,13,3,76,7,WAIT_SEND,0.1466190734863281,0.0
71,326,13,3,76,7,WAIT_RECV,0.17965722045898427,1.9999999999997797E-4
71,326,13,3,76,7,EXECUTION,0.17965722045898427,0.010000000000000009
71,326,13,3,76,7,WAIT_SEND,0.18965722045898428,0.0
66,448,31,6,202,9,EXECUTION,0.17995625334845644,0.010000000000000009
66,448,31,6,202,9,WAIT_SEND,0.18995625334845645,0.0
94,379,13,1,74,6,EXECUTION,0.15641907348632808,0.010000000000000009
94,379,13,1,74,6,WAIT_SEND,0.1664190734863281,0.0
94,379,13,1,74,6,WAIT_SEND,0.1664190734863281,0.0
94,379,13,1,74,6,WAIT_RECV,0.17681907348632805,1.9999999999997797E-4
94,379,13,1,74,6,WAIT_RECV,0.1805131970214843,0.0013190734863280928
94,379,13,1,74,6,EXECUTION,0.1805131970214843,0.010000000000000009
94,379,13,1,74,6,WAIT_SEND,0.1905131970214843,0.0
98,391,19,5,118,5,EXECUTION,0.16029999999999997,0.010000000000000009
98,391,19,5,118,5,WAIT_SEND,0.17029999999999998,0.0
98,391,19,5,118,5,WAIT_RECV,0.18069999999999994,1.9999999999997797E-4
98,391,19,5,118,5,EXECUTION,0.18069999999999994,0.010000000000000009
98,391,19,5,118,5,WAIT_SEND,0.19069999999999995,0.0
98,389,19,0,113,0,WAIT_SEND,0.1601,0.0
98,389,19,0,113,0,WAIT_RECV,0.19089999999999993,1.9999999999997797E-4
54,284,20,4,129,7,EXECUTION,0.1229127156575521,0.016287284342447916
54,284,20,4,129,7,WAIT_SEND,0.13920000000000002,0.0
54,284,20,4,129,7,WAIT_RECV,0.18094999999999997,1.9999999999997797E-4
54,284,20,4,129,7,EXECUTION,0.18094999999999997,0.010000000000000009
54,284,20,4,129,7,WAIT_SEND,0.19094999999999998,0.0
60,260,8,6,46,7,EXECUTION,0.11050000000000001,0.028059536743164054
60,260,8,6,46,7,WAIT_SEND,0.13855953674316407,0.0
60,260,8,6,46,7,WAIT_RECV,0.17159768371582024,1.9999999999997797E-4
60,260,8,6,46,7,EXECUTION,0.17159768371582024,0.01999999999999999
60,260,8,6,46,7,WAIT_SEND,0.19159768371582023,0.0
94,375,17,0,100,0,WAIT_SEND,0.1551,0.0
94,375,17,0,100,0,WAIT_RECV,0.1918322705078124,0.0013190734863280928
30,196,18,4,110,7,EXECUTION,0.08679364217122398,0.038963649269386585
30,196,18,4,110,7,WAIT_SEND,0.12575729144061057,0.0
30,196,18,4,110,7,WAIT_RECV,0.1565572914406105,1.9999999999997797E-4
30,196,18,4,110,7,EXECUTION,0.1565572914406105,0.03533723288759774
30,196,18,4,110,7,WAIT_SEND,0.19189452432820825,0.0
76,383,5,4,20,6,EXECUTION,0.15793814697265615,0.010000000000000009
76,383,5,4,20,6,WAIT_SEND,0.16793814697265616,0.0
76,383,5,4,20,6,WAIT_RECV,0.17833814697265613,1.9999999999997797E-4
76,383,5,4,20,6,EXECUTION,0.17833814697265613,0.013670231628417906
76,383,5,4,20,6,WAIT_SEND,0.19200837860107403,0.0
74,399,10,3,56,6,EXECUTION,0.16181907348632807,0.010000000000000009
74,399,10,3,56,6,WAIT_SEND,0.17181907348632808,0.0
74,399,10,3,56,6,WAIT_RECV,0.18221907348632804,1.9999999999997797E-4
74,399,10,3,56,6,EXECUTION,0.18221907348632804,0.010000000000000009
74,399,10,3,56,6,WAIT_SEND,0.19221907348632805,0.0
62,400,31,2,198,6,EXECUTION,0.1618190734863281,0.010000000000000009
62,400,31,2,198,6,WAIT_SEND,0.1718190734863281,0.0
62,400,31,2,198,6,WAIT_RECV,0.18221907348632807,1.9999999999997797E-4
62,400,31,2,198,6,EXECUTION,0.18221907348632807,0.010000000000000009
62,400,31,2,198,6,WAIT_SEND,0.19221907348632808,0.0
32,102,21,1,134,1,EXECUTION,0.05030000000000001,0.010000000000000002
32,102,21,1,134,1,WAIT_SEND,0.06030000000000001,0.0
32,102,21,1,134,1,WAIT_RECV,0.13913814697265625,0.0013190734863280928
32,102,21,1,134,1,EXECUTION,0.13913814697265625,0.05376762939453125
32,102,21,1,134,1,WAIT_SEND,0.1929057763671875,0.0
32,99,21,0,133,0,WAIT_SEND,0.050100000000000006,0.0
32,99,21,0,133,0,WAIT_RECV,0.19310577636718748,1.9999999999997797E-4
68,336,30,6,191,7,EXECUTION,0.1402048136393229,0.010000000000000009
68,336,30,6,191,7,WAIT_SEND,0.15020481363932292,0.0
68,336,30,6,191,7,WAIT_RECV,0.18333814697265619,1.9999999999997797E-4
68,336,30,6,191,7,EXECUTION,0.18333814697265619,0.010000000000000009
68,336,30,6,191,7,WAIT_SEND,0.1933381469726562,0.0
69,470,39,0,236,9,EXECUTION,0.18842861022949214,0.0050000000000000044
69,470,39,0,236,9,WAIT_SEND,0.19342861022949215,0.0
69,471,39,3,239,10,EXECUTION,0.18842861022949214,0.0050000000000000044
69,471,39,3,239,10,WAIT_SEND,0.19342861022949215,0.0
73,303,7,5,39,7,EXECUTION,0.13049999999999998,0.01999999999999999
73,303,7,5,39,7,WAIT_SEND,0.15049999999999997,0.0
73,303,7,5,39,7,WAIT_RECV,0.18353814697265614,1.9999999999997797E-4
73,303,7,5,39,7,EXECUTION,0.18353814697265614,0.010000000000000009
73,303,7,5,39,7,WAIT_SEND,0.19353814697265614,0.0
65,418,39,0,220,3,EXECUTION,0.16802861022949217,0.0050000000000000044
65,418,39,0,220,3,WAIT_SEND,0.17302861022949217,0.0
65,418,39,0,220,3,WAIT_RECV,0.1888286102294921,1.9999999999997797E-4
65,418,39,0,220,3,EXECUTION,0.1888286102294921,0.0050000000000000044
65,418,39,0,220,3,WAIT_SEND,0.1938286102294921,0.0
75,325,5,7,23,7,EXECUTION,0.13661907348632807,0.010000000000000009
75,325,5,7,23,7,WAIT_SEND,0.14661907348632808,0.0
75,325,5,7,23,7,WAIT_RECV,0.1839381469726561,1.9999999999997797E-4
75,325,5,7,23,7,EXECUTION,0.1839381469726561,0.010000000000000009
75,325,5,7,23,7,WAIT_SEND,0.1939381469726561,0.0
55,206,16,1,93,1,EXECUTION,0.09141907348632813,0.03169364217122396
55,206,16,1,93,1,WAIT_SEND,0.1231127156575521,0.0
55,206,16,1,93,1,WAIT_RECV,0.17431271565755202,1.9999999999997797E-4
55,206,16,1,93,1,EXECUTION,0.17431271565755202,0.01999999999999999
55,206,16,1,93,1,WAIT_SEND,0.194312715657552,0.0
55,199,13,0,73,0,WAIT_SEND,0.0901,0.0
55,199,13,0,73,0,WAIT_RECV,0.1956317891438801,0.0013190734863280928
33,114,32,1,205,1,EXECUTION,0.05641907348632814,0.010000000000000002
33,114,32,1,205,1,WAIT_SEND,0.06641907348632814,0.0
33,114,32,1,205,1,WAIT_RECV,0.15891617215474446,1.9999999999997797E-4
33,114,32,1,205,1,EXECUTION,0.15891617215474446,0.03787205738491484
33,114,32,1,205,1,WAIT_SEND,0.1967882295396593,0.0
38,182,18,4,110,7,EXECUTION,0.08273814697265627,0.03761181753653067
38,182,18,4,110,7,WAIT_SEND,0.12034996450918695,0.0
38,182,18,4,110,7,WAIT_RECV,0.16028085553204569,1.9999999999997797E-4
38,182,18,4,110,7,EXECUTION,0.16028085553204569,0.03657842091807614
38,182,18,4,110,7,WAIT_SEND,0.19685927645012183,0.0
92,468,5,3,27,9,EXECUTION,0.187419073486328,0.010000000000000009
92,468,5,3,27,9,WAIT_SEND,0.197419073486328,0.0
23,66,18,1,107,1,EXECUTION,0.03530000000000001,0.0225
23,66,18,1,107,1,WAIT_SEND,0.05780000000000001,0.0
23,66,18,1,107,1,WAIT_RECV,0.149,1.9999999999997797E-4
23,66,18,1,107,1,EXECUTION,0.149,0.04851427795410157
23,66,18,1,107,1,WAIT_SEND,0.19751427795410156,0.0
23,63,18,0,106,0,WAIT_SEND,0.035100000000000006,0.0
23,63,18,0,106,0,WAIT_RECV,0.19771427795410154,1.9999999999997797E-4
107,469,30,1,194,8,EXECUTION,0.1877381469726562,0.010000000000000009
107,469,30,1,194,8,WAIT_SEND,0.1977381469726562,0.0
33,111,26,0,159,0,WAIT_SEND,0.0551,0.0
33,111,26,0,159,0,WAIT_RECV,0.1981073030259874,0.0013190734863280928
72,304,14,5,84,7,EXECUTION,0.13049999999999998,0.01580000000000001
72,304,14,5,84,7,WAIT_SEND,0.14629999999999999,0.0
72,304,14,5,84,7,WAIT_RECV,0.18829999999999988,1.9999999999997797E-4
72,304,14,5,84,7,EXECUTION,0.18829999999999988,0.010000000000000009
72,304,14,5,84,7,WAIT_SEND,0.1982999999999999,0.0
81,355,19,0,121,7,EXECUTION,0.14549999999999996,0.010000000000000009
81,355,19,0,121,7,WAIT_SEND,0.15549999999999997,0.0
81,355,19,0,121,7,WAIT_RECV,0.18853814697265614,1.9999999999997797E-4
81,355,19,0,121,7,EXECUTION,0.18853814697265614,0.010000000000000009
81,355,19,0,121,7,WAIT_SEND,0.19853814697265615,0.0
69,456,39,7,227,6,EXECUTION,0.18322861022949216,0.0050000000000000044
69,456,39,7,227,6,WAIT_SEND,0.18822861022949217,0.0
69,456,39,7,227,6,WAIT_SEND,0.18822861022949217,0.0
69,456,39,7,227,6,WAIT_RECV,0.19362861022949213,1.9999999999997797E-4
69,456,39,7,227,6,WAIT_RECV,0.19362861022949213,1.9999999999997797E-4
69,456,39,7,227,6,EXECUTION,0.19362861022949213,0.0050000000000000044
69,456,39,7,227,6,WAIT_SEND,0.19862861022949213,0.0
64,244,12,3,69,1,EXECUTION,0.1053,0.009999999999999995
64,244,12,3,69,1,WAIT_SEND,0.1153,0.0
64,244,12,3,69,1,WAIT_RECV,0.18873814697265615,0.0013190734863280928
64,244,12,3,69,1,EXECUTION,0.18873814697265615,0.010000000000000009
64,244,12,3,69,1,WAIT_SEND,0.19873814697265615,0.0
64,241,12,0,66,0,WAIT_SEND,0.1051,0.0
64,241,12,0,66,0,WAIT_RECV,0.19893814697265613,1.9999999999997797E-4
78,373,26,1,160,6,EXECUTION,0.15293814697265617,0.0161190734863281
78,373,26,1,160,6,WAIT_SEND,0.16905722045898428,0.0
78,373,26,1,160,6,WAIT_RECV,0.17945722045898424,1.9999999999997797E-4
78,373,26,1,160,6,EXECUTION,0.17945722045898424,0.01999999999999999
78,373,26,1,160,6,WAIT_SEND,0.19945722045898423,0.0
66,422,27,2,167,6,EXECUTION,0.16863717986212834,0.010000000000000009
66,422,27,2,167,6,WAIT_SEND,0.17863717986212835,0.0
66,422,27,2,167,6,WAIT_RECV,0.19127532683478454,0.0013190734863280928
66,422,27,2,167,6,EXECUTION,0.19127532683478454,0.010000000000000009
66,422,27,2,167,6,WAIT_SEND,0.20127532683478455,0.0
108,482,13,4,77,8,EXECUTION,0.19161907348632806,0.010000000000000009
108,482,13,4,77,8,WAIT_SEND,0.20161907348632807,0.0
62,343,31,4,200,7,EXECUTION,0.14161907348632813,0.01999999999999999
62,343,31,4,200,7,WAIT_SEND,0.16161907348632812,0.0
62,343,31,4,200,7,WAIT_RECV,0.19241907348632806,1.9999999999997797E-4
62,343,31,4,200,7,EXECUTION,0.19241907348632806,0.010000000000000009
62,343,31,4,200,7,WAIT_SEND,0.20241907348632807,0.0
90,483,23,5,144,9,EXECUTION,0.19285837860107405,0.010000000000000009
90,483,23,5,144,9,WAIT_SEND,0.20285837860107406,0.0
76,357,2,2,2,7,EXECUTION,0.14661907348632805,0.010000000000000009
76,357,2,2,2,7,WAIT_SEND,0.15661907348632806,0.0
76,357,2,2,2,7,WAIT_RECV,0.19332745208740212,0.0013190734863280928
76,357,2,2,2,7,EXECUTION,0.19332745208740212,0.010000000000000009
76,357,2,2,2,7,WAIT_SEND,0.20332745208740213,0.0
83,381,26,1,160,6,EXECUTION,0.15681907348632806,0.01999999999999999
83,381,26,1,160,6,WAIT_SEND,0.17681907348632805,0.0
83,381,26,1,160,6,WAIT_RECV,0.18721907348632802,1.9999999999997797E-4
83,381,26,1,160,6,EXECUTION,0.18721907348632802,0.0161190734863281
83,381,26,1,160,6,WAIT_SEND,0.20333814697265612,0.0
70,484,23,6,145,9,EXECUTION,0.19341791534423822,0.010000000000000009
70,484,23,6,145,9,WAIT_SEND,0.20341791534423823,0.0
68,259,30,1,186,1,EXECUTION,0.11030000000000001,0.029704813639322925
68,259,30,1,186,1,WAIT_SEND,0.14000481363932293,0.0
68,259,30,1,186,1,WAIT_RECV,0.19353814697265617,1.9999999999997797E-4
68,259,30,1,186,1,EXECUTION,0.19353814697265617,0.010000000000000009
68,259,30,1,186,1,WAIT_SEND,0.20353814697265618,0.0
73,276,7,2,36,1,EXECUTION,0.1203,0.009999999999999995
73,276,7,2,36,1,WAIT_SEND,0.1303,0.0
73,276,7,2,36,1,WAIT_RECV,0.19373814697265612,1.9999999999997797E-4
73,276,7,2,36,1,EXECUTION,0.19373814697265612,0.010000000000000009
73,276,7,2,36,1,WAIT_SEND,0.20373814697265613,0.0
68,257,30,0,185,0,WAIT_SEND,0.1101,0.0
68,257,30,0,185,0,WAIT_RECV,0.20373814697265616,1.9999999999997797E-4
69,446,39,1,221,4,EXECUTION,0.17802861022949218,0.0050000000000000044
69,446,39,1,221,4,WAIT_SEND,0.18302861022949218,0.0
69,446,39,1,221,4,WAIT_RECV,0.1988286102294921,1.9999999999997797E-4
69,446,39,1,221,4,EXECUTION,0.1988286102294921,0.0050000000000000044
69,446,39,1,221,4,WAIT_SEND,0.2038286102294921,0.0
73,273,7,0,34,0,WAIT_SEND,0.1201,0.0
73,273,7,0,34,0,WAIT_RECV,0.2039381469726561,1.9999999999997797E-4
87,495,5,4,28,9,EXECUTION,0.197019073486328,0.010000000000000009
87,495,5,4,28,9,WAIT_SEND,0.207019073486328,0.0
93,496,14,6,85,9,EXECUTION,0.1970999999999999,0.010000000000000009
93,496,14,6,85,9,WAIT_SEND,0.2070999999999999,0.0
61,281,24,3,149,7,EXECUTION,0.12161907348632815,0.025399999999999992
61,281,24,3,149,7,WAIT_SEND,0.14701907348632814,0.0
61,281,24,3,149,7,WAIT_RECV,0.18169999999999992,1.9999999999997797E-4
61,281,24,3,149,7,EXECUTION,0.18169999999999992,0.025961907348632823
61,281,24,3,149,7,WAIT_SEND,0.20766190734863274,0.0
72,278,14,2,81,1,EXECUTION,0.1203,0.009999999999999995
72,278,14,2,81,1,WAIT_SEND,0.1303,0.0
72,278,14,2,81,1,WAIT_RECV,0.19849999999999987,1.9999999999997797E-4
72,278,14,2,81,1,EXECUTION,0.19849999999999987,0.010000000000000009
72,278,14,2,81,1,WAIT_SEND,0.20849999999999988,0.0
91,497,5,2,26,9,EXECUTION,0.1985381469726561,0.010000000000000009
91,497,5,2,26,9,WAIT_SEND,0.2085381469726561,0.0
72,275,14,0,79,0,WAIT_SEND,0.1201,0.0
72,275,14,0,79,0,WAIT_RECV,0.20869999999999986,1.9999999999997797E-4
81,321,19,3,116,1,EXECUTION,0.13529999999999998,0.010000000000000009
81,321,19,3,116,1,WAIT_SEND,0.14529999999999998,0.0
81,321,19,3,116,1,WAIT_RECV,0.19873814697265613,1.9999999999997797E-4
81,321,19,3,116,1,EXECUTION,0.19873814697265613,0.010000000000000009
81,321,19,3,116,1,WAIT_SEND,0.20873814697265614,0.0
81,318,19,0,113,0,WAIT_SEND,0.1351,0.0
81,318,19,0,113,0,WAIT_RECV,0.2089381469726561,1.9999999999997797E-4
92,430,5,5,21,6,EXECUTION,0.17069999999999994,0.016519073486328084
92,430,5,5,21,6,WAIT_SEND,0.18721907348632802,0.0
92,430,5,5,21,6,WAIT_RECV,0.19761907348632798,1.9999999999997797E-4
92,430,5,5,21,6,EXECUTION,0.19761907348632798,0.011919073486328036
92,430,5,5,21,6,WAIT_SEND,0.20953814697265602,0.0
78,346,26,2,161,7,EXECUTION,0.1427381469726562,0.010000000000000009
78,346,26,2,161,7,WAIT_SEND,0.1527381469726562,0.0
78,346,26,2,161,7,WAIT_RECV,0.1996572204589842,1.9999999999997797E-4
78,346,26,2,161,7,EXECUTION,0.1996572204589842,0.010000000000000009
78,346,26,2,161,7,WAIT_SEND,0.20965722045898422,0.0
71,267,12,1,67,1,EXECUTION,0.11530000000000001,0.01999999999999999
71,267,12,1,67,1,WAIT_SEND,0.1353,0.0
71,267,12,1,67,1,WAIT_RECV,0.19097629394531238,0.0013190734863280928
71,267,12,1,67,1,EXECUTION,0.19097629394531238,0.01999999999999999
71,267,12,1,67,1,WAIT_SEND,0.21097629394531237,0.0
80,505,24,4,150,9,EXECUTION,0.20102260223388663,0.010000000000000009
80,505,24,4,150,9,WAIT_SEND,0.21102260223388664,0.0
71,265,12,0,66,0,WAIT_SEND,0.11510000000000001,0.0
71,265,12,0,66,0,WAIT_RECV,0.21117629394531234,1.9999999999997797E-4
85,506,10,0,61,9,EXECUTION,0.20124768371582025,0.010000000000000009
85,506,10,0,61,9,WAIT_SEND,0.21124768371582026,0.0
114,508,19,2,123,8,EXECUTION,0.20161907348632807,0.010000000000000009
114,508,19,2,123,8,WAIT_SEND,0.21161907348632808,0.0
107,444,27,1,166,5,EXECUTION,0.1764190734863281,0.010000000000000009
107,444,27,1,166,5,WAIT_SEND,0.1864190734863281,0.0
107,444,27,1,166,5,WAIT_RECV,0.1990572204589843,0.0013190734863280928
107,444,27,1,166,5,EXECUTION,0.1990572204589843,0.012638146972656195
107,444,27,1,166,5,WAIT_SEND,0.2116953674316405,0.0
60,232,8,1,41,1,EXECUTION,0.10030000000000001,0.009999999999999995
60,232,8,1,41,1,WAIT_SEND,0.11030000000000001,0.0
60,232,8,1,41,1,WAIT_RECV,0.1917976837158202,1.9999999999997797E-4
60,232,8,1,41,1,EXECUTION,0.1917976837158202,0.01999999999999999
60,232,8,1,41,1,WAIT_SEND,0.2117976837158202,0.0
60,229,8,0,40,0,WAIT_SEND,0.10010000000000001,0.0
60,229,8,0,40,0,WAIT_RECV,0.21199768371582017,1.9999999999997797E-4
108,452,17,2,102,5,EXECUTION,0.18029999999999996,0.010000000000000009
108,452,17,2,102,5,WAIT_SEND,0.19029999999999997,0.0
108,452,17,2,102,5,WAIT_RECV,0.20293814697265616,0.0013190734863280928
108,452,17,2,102,5,EXECUTION,0.20293814697265616,0.010000000000000009
108,452,17,2,102,5,WAIT_SEND,0.21293814697265617,0.0
107,439,28,0,169,0,WAIT_SEND,0.1751,0.0
107,439,28,0,169,0,WAIT_RECV,0.2130144409179686,0.0013190734863280928
108,449,17,0,100,0,WAIT_SEND,0.18009999999999998,0.0
108,449,17,0,100,0,WAIT_RECV,0.21313814697265615,1.9999999999997797E-4
83,358,26,3,162,7,EXECUTION,0.14661907348632808,0.010000000000000009
83,358,26,3,162,7,WAIT_SEND,0.1566190734863281,0.0
83,358,26,3,162,7,WAIT_RECV,0.2035381469726561,1.9999999999997797E-4
83,358,26,3,162,7,EXECUTION,0.2035381469726561,0.010000000000000009
83,358,26,3,162,7,WAIT_SEND,0.2135381469726561,0.0
74,341,11,2,64,7,EXECUTION,0.14049999999999999,0.01999999999999999
74,341,11,2,64,7,WAIT_SEND,0.16049999999999998,0.0
74,341,11,2,64,7,WAIT_RECV,0.19353814697265614,0.0013190734863280928
74,341,11,2,64,7,EXECUTION,0.19353814697265614,0.01999999999999999
74,341,11,2,64,7,WAIT_SEND,0.21353814697265613,0.0
99,517,16,6,98,9,EXECUTION,0.20589999999999992,0.010000000000000009
99,517,16,6,98,9,WAIT_SEND,0.21589999999999993,0.0
40,131,9,0,47,0,WAIT_SEND,0.0651,0.0
40,131,9,0,47,0,WAIT_RECV,0.21675722045898427,0.06292861022949214
105,522,31,7,203,9,EXECUTION,0.20701907348632806,0.010000000000000009
105,522,31,7,203,9,WAIT_SEND,0.21701907348632807,0.0
63,243,11,1,63,1,EXECUTION,0.1053,0.013438146972656287
63,243,11,1,63,1,WAIT_SEND,0.11873814697265629,0.0
63,243,11,1,63,1,WAIT_RECV,0.18541444091796871,1.9999999999997797E-4
63,243,11,1,63,1,EXECUTION,0.18541444091796871,0.031704813639322926
63,243,11,1,63,1,WAIT_SEND,0.21711925455729164,0.0
46,164,32,1,205,1,EXECUTION,0.07641907348632813,0.020000000000000004
46,164,32,1,205,1,WAIT_SEND,0.09641907348632814,0.0
46,164,32,1,205,1,WAIT_RECV,0.18333814697265616,1.9999999999997797E-4
46,164,32,1,205,1,EXECUTION,0.18333814697265616,0.03382940984655311
46,164,32,1,205,1,WAIT_SEND,0.21716755681920927,0.0
93,465,14,3,82,6,EXECUTION,0.18569999999999992,0.011199999999999988
93,465,14,3,82,6,WAIT_SEND,0.1968999999999999,0.0
93,465,14,3,82,6,WAIT_RECV,0.20729999999999987,1.9999999999997797E-4
93,465,14,3,82,6,EXECUTION,0.20729999999999987,0.010000000000000009
93,465,14,3,82,6,WAIT_SEND,0.21729999999999988,0.0
63,240,11,0,62,0,WAIT_SEND,0.1051,0.0
63,240,11,0,62,0,WAIT_RECV,0.21731925455729162,1.9999999999997797E-4
87,464,8,4,44,6,EXECUTION,0.1856999999999999,0.010000000000000009
87,464,8,4,44,6,WAIT_SEND,0.1956999999999999,0.0
87,464,8,4,44,6,WAIT_RECV,0.2083381469726561,0.0013190734863280928
87,464,8,4,44,6,EXECUTION,0.2083381469726561,0.010000000000000009
87,464,8,4,44,6,WAIT_SEND,0.2183381469726561,0.0
46,158,27,0,165,0,WAIT_SEND,0.0751,0.0
46,158,27,0,165,0,WAIT_RECV,0.21848663030553736,0.0013190734863280928
37,236,18,4,110,7,EXECUTION,0.10161907348632815,0.04000000000000001
37,236,18,4,110,7,WAIT_SEND,0.14161907348632816,0.0
37,236,18,4,110,7,WAIT_RECV,0.18154996450918687,1.9999999999997797E-4
37,236,18,4,110,7,EXECUTION,0.18154996450918687,0.0370788090477461
37,236,18,4,110,7,WAIT_SEND,0.21862877355693297,0.0
91,457,5,4,20,6,EXECUTION,0.1846679153442382,0.013670231628417906
91,457,5,4,20,6,WAIT_SEND,0.19833814697265612,0.0
91,457,5,4,20,6,WAIT_RECV,0.20873814697265608,1.9999999999997797E-4
91,457,5,4,20,6,EXECUTION,0.20873814697265608,0.010000000000000009
91,457,5,4,20,6,WAIT_SEND,0.2187381469726561,0.0
92,393,5,0,24,7,EXECUTION,0.16049999999999995,0.010000000000000009
92,393,5,0,24,7,WAIT_SEND,0.17049999999999996,0.0
92,393,5,0,24,7,WAIT_RECV,0.209738146972656,1.9999999999997797E-4
92,393,5,0,24,7,EXECUTION,0.209738146972656,0.010000000000000009
92,393,5,0,24,7,WAIT_SEND,0.219738146972656,0.0
89,528,10,7,60,9,EXECUTION,0.2102572204589843,0.010000000000000009
89,528,10,7,60,9,WAIT_SEND,0.2202572204589843,0.0
85,480,10,1,54,6,EXECUTION,0.19104768371582026,0.010000000000000009
85,480,10,1,54,6,WAIT_SEND,0.20104768371582027,0.0
85,480,10,1,54,6,WAIT_RECV,0.21144768371582023,1.9999999999997797E-4
85,480,10,1,54,6,EXECUTION,0.21144768371582023,0.010000000000000009
85,480,10,1,54,6,WAIT_SEND,0.22144768371582024,0.0
44,142,2,0,0,0,WAIT_SEND,0.07010000000000001,0.0
44,142,2,0,0,0,WAIT_RECV,0.22175722045898427,0.06292861022949214
66,344,32,2,206,7,EXECUTION,0.14161907348632813,0.025699032889472118
66,344,32,2,206,7,WAIT_SEND,0.16731810637580025,0.0
66,344,32,2,206,7,WAIT_RECV,0.20259440032111264,0.0013190734863280928
66,344,32,2,206,7,EXECUTION,0.20259440032111264,0.019222342936197845
66,344,32,2,206,7,WAIT_SEND,0.2218167432573105,0.0
114,481,19,5,118,5,EXECUTION,0.19141907348632808,0.010000000000000009
114,481,19,5,118,5,WAIT_SEND,0.2014190734863281,0.0
114,481,19,5,118,5,WAIT_RECV,0.21181907348632806,1.9999999999997797E-4
114,481,19,5,118,5,EXECUTION,0.21181907348632806,0.010000000000000009
114,481,19,5,118,5,WAIT_SEND,0.22181907348632807,0.0
90,434,23,1,140,6,EXECUTION,0.17293814697265616,0.019720231628417906
90,434,23,1,140,6,WAIT_SEND,0.19265837860107407,0.0
90,434,23,1,140,6,WAIT_RECV,0.20305837860107404,1.9999999999997797E-4
90,434,23,1,140,6,EXECUTION,0.20305837860107404,0.01999999999999999
90,434,23,1,140,6,WAIT_SEND,0.22305837860107403,0.0
114,476,25,0,151,0,WAIT_SEND,0.1901,0.0
114,476,25,0,151,0,WAIT_RECV,0.22313814697265616,0.0013190734863280928
70,435,23,1,140,6,EXECUTION,0.17321791534423825,0.01999999999999999
70,435,23,1,140,6,WAIT_SEND,0.19321791534423824,0.0
70,435,23,1,140,6,WAIT_RECV,0.2036179153442382,1.9999999999997797E-4
70,435,23,1,140,6,EXECUTION,0.2036179153442382,0.019720231628417906
70,435,23,1,140,6,WAIT_SEND,0.2233381469726561,0.0
83,323,28,2,171,1,EXECUTION,0.13529999999999998,0.010000000000000009
83,323,28,2,171,1,WAIT_SEND,0.14529999999999998,0.0
83,323,28,2,171,1,WAIT_RECV,0.2148572204589842,0.0013190734863280928
83,323,28,2,171,1,EXECUTION,0.2148572204589842,0.010000000000000009
83,323,28,2,171,1,WAIT_SEND,0.2248572204589842,0.0
83,320,28,0,169,0,WAIT_SEND,0.1351,0.0
83,320,28,0,169,0,WAIT_RECV,0.2250572204589842,1.9999999999997797E-4
75,290,9,1,48,1,EXECUTION,0.12529999999999997,0.010000000000000009
75,290,9,1,48,1,WAIT_SEND,0.13529999999999998,0.0
75,290,9,1,48,1,WAIT_RECV,0.1952572204589842,0.0013190734863280928
75,290,9,1,48,1,EXECUTION,0.1952572204589842,0.03
75,290,9,1,48,1,WAIT_SEND,0.2252572204589842,0.0
75,287,9,0,47,0,WAIT_SEND,0.1251,0.0
75,287,9,0,47,0,WAIT_RECV,0.22545722045898417,1.9999999999997797E-4
78,307,29,2,177,1,EXECUTION,0.1314190734863281,0.010000000000000009
78,307,29,2,177,1,WAIT_SEND,0.1414190734863281,0.0
78,307,29,2,177,1,WAIT_RECV,0.2109762939453123,0.0013190734863280928
78,307,29,2,177,1,EXECUTION,0.2109762939453123,0.014557220458984221
78,307,29,2,177,1,WAIT_SEND,0.22553351440429653,0.0
99,493,16,2,94,6,EXECUTION,0.19569999999999993,0.010000000000000009
99,493,16,2,94,6,WAIT_SEND,0.20569999999999994,0.0
99,493,16,2,94,6,WAIT_RECV,0.2160999999999999,1.9999999999997797E-4
99,493,16,2,94,6,EXECUTION,0.2160999999999999,0.010000000000000009
99,493,16,2,94,6,WAIT_SEND,0.2260999999999999,0.0
80,479,24,2,148,6,EXECUTION,0.19082260223388664,0.010000000000000009
80,479,24,2,148,6,WAIT_SEND,0.20082260223388665,0.0
80,479,24,2,148,6,WAIT_RECV,0.2112226022338866,1.9999999999997797E-4
80,479,24,2,148,6,EXECUTION,0.2112226022338866,0.015284509582519507
80,479,24,2,148,6,WAIT_SEND,0.22650711181640612,0.0
78,299,33,0,207,0,WAIT_SEND,0.1301,0.0
78,299,33,0,207,0,WAIT_RECV,0.22685258789062462,0.0013190734863280928
105,494,31,3,199,6,EXECUTION,0.19681907348632807,0.010000000000000009
105,494,31,3,199,6,WAIT_SEND,0.20681907348632808,0.0
105,494,31,3,199,6,WAIT_RECV,0.21721907348632805,1.9999999999997797E-4
105,494,31,3,199,6,EXECUTION,0.21721907348632805,0.010000000000000009
105,494,31,3,199,6,WAIT_SEND,0.22721907348632805,0.0
93,412,14,4,83,7,EXECUTION,0.16549999999999995,0.01999999999999999
93,412,14,4,83,7,WAIT_SEND,0.18549999999999994,0.0
93,412,14,4,83,7,WAIT_RECV,0.21749999999999986,1.9999999999997797E-4
93,412,14,4,83,7,EXECUTION,0.21749999999999986,0.010000000000000009
93,412,14,4,83,7,WAIT_SEND,0.22749999999999987,0.0
113,548,5,3,27,9,EXECUTION,0.21781907348632795,0.010000000000000009
113,548,5,3,27,9,WAIT_SEND,0.22781907348632796,0.0
91,437,5,6,22,7,EXECUTION,0.17446791534423822,0.010000000000000009
91,437,5,6,22,7,WAIT_SEND,0.18446791534423823,0.0
91,437,5,6,22,7,WAIT_RECV,0.21893814697265607,1.9999999999997797E-4
91,437,5,6,22,7,EXECUTION,0.21893814697265607,0.010000000000000009
91,437,5,6,22,7,WAIT_SEND,0.22893814697265608,0.0
50,207,15,4,90,7,EXECUTION,0.09161907348632814,0.04211030883789063
50,207,15,4,90,7,WAIT_SEND,0.13372938232421877,0.0
50,207,15,4,90,7,WAIT_RECV,0.17952938232421867,1.9999999999997797E-4
50,207,15,4,90,7,EXECUTION,0.17952938232421867,0.04967042465209959
50,207,15,4,90,7,WAIT_SEND,0.22919980697631825,0.0
77,549,18,5,111,9,EXECUTION,0.21938967233069145,0.010000000000000009
77,549,18,5,111,9,WAIT_SEND,0.22938967233069146,0.0
92,367,5,2,18,1,EXECUTION,0.15029999999999996,0.010000000000000009
92,367,5,2,18,1,WAIT_SEND,0.16029999999999997,0.0
92,367,5,2,18,1,WAIT_RECV,0.21993814697265598,1.9999999999997797E-4
92,367,5,2,18,1,EXECUTION,0.21993814697265598,0.010000000000000009
92,367,5,2,18,1,WAIT_SEND,0.229938146972656,0.0
92,364,5,0,16,0,WAIT_SEND,0.15009999999999998,0.0
92,364,5,0,16,0,WAIT_RECV,0.23013814697265597,1.9999999999997797E-4
123,554,30,1,194,8,EXECUTION,0.22037629394531238,0.010000000000000009
123,554,30,1,194,8,WAIT_SEND,0.2303762939453124,0.0
49,173,31,1,197,1,EXECUTION,0.08030000000000001,0.02888092651367187
49,173,31,1,197,1,WAIT_SEND,0.10918092651367188,0.0
49,173,31,1,197,1,WAIT_RECV,0.1803809265136718,1.9999999999997797E-4
49,173,31,1,197,1,EXECUTION,0.1803809265136718,0.05000000000000002
49,173,31,1,197,1,WAIT_SEND,0.2303809265136718,0.0
89,498,10,2,55,6,EXECUTION,0.2000572204589843,0.010000000000000009
89,498,10,2,55,6,WAIT_SEND,0.2100572204589843,0.0
89,498,10,2,55,6,WAIT_RECV,0.22045722045898428,1.9999999999997797E-4
89,498,10,2,55,6,EXECUTION,0.22045722045898428,0.010000000000000009
89,498,10,2,55,6,WAIT_SEND,0.23045722045898429,0.0
49,171,31,0,196,0,WAIT_SEND,0.0801,0.0
49,171,31,0,196,0,WAIT_RECV,0.2305809265136718,1.9999999999997797E-4
85,454,10,5,58,7,EXECUTION,0.18084768371582027,0.010000000000000009
85,454,10,5,58,7,WAIT_SEND,0.19084768371582028,0.0
85,454,10,5,58,7,WAIT_RECV,0.22164768371582022,1.9999999999997797E-4
85,454,10,5,58,7,EXECUTION,0.22164768371582022,0.010000000000000009
85,454,10,5,58,7,WAIT_SEND,0.23164768371582023,0.0
110,563,25,5,156,9,EXECUTION,0.22201907348632802,0.010000000000000009
110,563,25,5,156,9,WAIT_SEND,0.23201907348632803,0.0
90,402,23,2,141,7,EXECUTION,0.16273814697265618,0.010000000000000009
90,402,23,2,141,7,WAIT_SEND,0.1727381469726562,0.0
90,402,23,2,141,7,WAIT_RECV,0.223258378601074,1.9999999999997797E-4
90,402,23,2,141,7,EXECUTION,0.223258378601074,0.010000000000000009
90,402,23,2,141,7,WAIT_SEND,0.233258378601074,0.0
52,193,31,1,197,1,EXECUTION,0.08641907348632814,0.035
52,193,31,1,197,1,WAIT_SEND,0.12141907348632815,0.0
52,193,31,1,197,1,WAIT_RECV,0.18341907348632805,1.9999999999997797E-4
52,193,31,1,197,1,EXECUTION,0.18341907348632805,0.05001348775227865
52,193,31,1,197,1,WAIT_SEND,0.2334325612386067,0.0
70,403,23,3,142,7,EXECUTION,0.16301791534423826,0.010000000000000009
70,403,23,3,142,7,WAIT_SEND,0.17301791534423827,0.0
70,403,23,3,142,7,WAIT_RECV,0.2235381469726561,1.9999999999997797E-4
70,403,23,3,142,7,EXECUTION,0.2235381469726561,0.010000000000000009
70,403,23,3,142,7,WAIT_SEND,0.2335381469726561,0.0
84,555,15,5,91,9,EXECUTION,0.22049805509779188,0.013286134168836922
84,555,15,5,91,9,WAIT_SEND,0.2337841892666288,0.0
53,220,15,4,90,7,EXECUTION,0.09661907348632814,0.04211030883789063
53,220,15,4,90,7,WAIT_SEND,0.13872938232421878,0.0
53,220,15,4,90,7,WAIT_RECV,0.18528974121093744,1.9999999999997797E-4
53,220,15,4,90,7,EXECUTION,0.18528974121093744,0.048782013153076176
53,220,15,4,90,7,WAIT_SEND,0.23407175436401362,0.0
52,186,27,0,165,0,WAIT_SEND,0.08510000000000001,0.0
52,186,27,0,165,0,WAIT_RECV,0.2347516347249348,0.0013190734863280928
99,463,16,4,96,7,EXECUTION,0.18549999999999994,0.010000000000000009
99,463,16,4,96,7,WAIT_SEND,0.19549999999999995,0.0
99,463,16,4,96,7,WAIT_RECV,0.2262999999999999,1.9999999999997797E-4
99,463,16,4,96,7,EXECUTION,0.2262999999999999,0.010000000000000009
99,463,16,4,96,7,WAIT_SEND,0.2362999999999999,0.0
106,577,2,4,4,9,EXECUTION,0.22701907348632805,0.010000000000000009
106,577,2,4,4,9,WAIT_SEND,0.23701907348632806,0.0
119,578,3,4,9,9,EXECUTION,0.22701907348632805,0.010000000000000009
119,578,3,4,9,9,WAIT_SEND,0.23701907348632806,0.0
93,377,14,1,80,1,EXECUTION,0.15529999999999997,0.010000000000000009
93,377,14,1,80,1,WAIT_SEND,0.16529999999999997,0.0
93,377,14,1,80,1,WAIT_RECV,0.22769999999999985,1.9999999999997797E-4
93,377,14,1,80,1,EXECUTION,0.22769999999999985,0.010000000000000009
93,377,14,1,80,1,WAIT_SEND,0.23769999999999986,0.0
76,289,6,1,30,1,EXECUTION,0.12529999999999997,0.01999999999999999
76,289,6,1,30,1,WAIT_SEND,0.14529999999999996,0.0
76,289,6,1,30,1,WAIT_RECV,0.20464652557373023,0.0013190734863280928
76,289,6,1,30,1,EXECUTION,0.20464652557373023,0.03311550852457676
76,289,6,1,30,1,WAIT_SEND,0.23776203409830698,0.0
93,374,14,0,79,0,WAIT_SEND,0.1551,0.0
93,374,14,0,79,0,WAIT_RECV,0.23789999999999983,1.9999999999997797E-4
76,286,6,0,29,0,WAIT_SEND,0.1251,0.0
76,286,6,0,29,0,WAIT_RECV,0.23796203409830696,1.9999999999997797E-4
113,516,5,5,21,6,EXECUTION,0.20569999999999994,0.011919073486328036
113,516,5,5,21,6,WAIT_SEND,0.21761907348632797,0.0
113,516,5,5,21,6,WAIT_RECV,0.22801907348632794,1.9999999999997797E-4
113,516,5,5,21,6,EXECUTION,0.22801907348632794,0.010000000000000009
113,516,5,5,21,6,WAIT_SEND,0.23801907348632795,0.0
96,597,39,4,240,10,EXECUTION,0.2334286102294921,0.0050000000000000044
96,597,39,4,240,10,WAIT_SEND,0.2384286102294921,0.0
96,596,39,1,237,9,EXECUTION,0.2334286102294921,0.0050000000000000044
96,596,39,1,237,9,WAIT_SEND,0.2384286102294921,0.0
56,203,24,1,147,1,EXECUTION,0.0903,0.009999999999999995
56,203,24,1,147,1,WAIT_SEND,0.1003,0.0
56,203,24,1,147,1,WAIT_RECV,0.1802213897705077,1.9999999999997797E-4
56,203,24,1,147,1,EXECUTION,0.1802213897705077,0.058760463256835926
56,203,24,1,147,1,WAIT_SEND,0.23898185302734362,0.0
56,201,24,0,146,0,WAIT_SEND,0.0901,0.0
56,201,24,0,146,0,WAIT_RECV,0.2391818530273436,1.9999999999997797E-4
77,523,18,3,109,6,EXECUTION,0.20918967233069147,0.010000000000000009
77,523,18,3,109,6,WAIT_SEND,0.21918967233069148,0.0
77,523,18,3,109,6,WAIT_RECV,0.22958967233069144,1.9999999999997797E-4
77,523,18,3,109,6,EXECUTION,0.22958967233069144,0.010000000000000009
77,523,18,3,109,6,WAIT_SEND,0.23958967233069145,0.0
79,579,15,5,91,9,EXECUTION,0.22721192092895495,0.013286134168836922
79,579,15,5,91,9,WAIT_SEND,0.24049805509779187,0.0
50,172,12,1,67,1,EXECUTION,0.08030000000000001,0.009999999999999995
50,172,12,1,67,1,WAIT_SEND,0.0903,0.0
50,172,12,1,67,1,WAIT_RECV,0.23051888046264635,0.0013190734863280928
50,172,12,1,67,1,EXECUTION,0.23051888046264635,0.010000000000000009
50,172,12,1,67,1,WAIT_SEND,0.24051888046264636,0.0
50,169,12,0,66,0,WAIT_SEND,0.0801,0.0
50,169,12,0,66,0,WAIT_RECV,0.24071888046264633,1.9999999999997797E-4
88,589,24,4,150,9,EXECUTION,0.23142260223388658,0.010000000000000009
88,589,24,4,150,9,WAIT_SEND,0.2414226022338866,0.0
123,519,27,1,166,5,EXECUTION,0.2064190734863281,0.012638146972656195
123,519,27,1,166,5,WAIT_SEND,0.2190572204589843,0.0
123,519,27,1,166,5,WAIT_RECV,0.2316953674316405,0.0013190734863280928
123,519,27,1,166,5,EXECUTION,0.2316953674316405,0.010000000000000009
123,519,27,1,166,5,WAIT_SEND,0.2416953674316405,0.0
120,592,26,5,164,9,EXECUTION,0.23202861022949212,0.010000000000000009
120,592,26,5,164,9,WAIT_SEND,0.24202861022949212,0.0
110,534,25,1,152,6,EXECUTION,0.21181907348632803,0.010000000000000009
110,534,25,1,152,6,WAIT_SEND,0.22181907348632804,0.0
110,534,25,1,152,6,WAIT_RECV,0.232219073486328,1.9999999999997797E-4
110,534,25,1,152,6,EXECUTION,0.232219073486328,0.010000000000000009
110,534,25,1,152,6,WAIT_SEND,0.242219073486328,0.0
123,512,26,0,159,0,WAIT_SEND,0.2051,0.0
123,512,26,0,159,0,WAIT_RECV,0.2430144409179686,0.0013190734863280928
96,581,39,0,228,6,EXECUTION,0.22822861022949212,0.0050000000000000044
96,581,39,0,228,6,WAIT_SEND,0.23322861022949212,0.0
96,581,39,0,228,6,WAIT_SEND,0.23322861022949212,0.0
96,581,39,0,228,6,WAIT_RECV,0.23862861022949208,1.9999999999997797E-4
96,581,39,0,228,6,WAIT_RECV,0.23862861022949208,1.9999999999997797E-4
96,581,39,0,228,6,EXECUTION,0.23862861022949208,0.0050000000000000044
96,581,39,0,228,6,WAIT_SEND,0.2436286102294921,0.0
74,277,11,1,63,1,EXECUTION,0.1203,0.020000000000000004
74,277,11,1,63,1,WAIT_SEND,0.1403,0.0
74,277,11,1,63,1,WAIT_RECV,0.2137381469726561,1.9999999999997797E-4
74,277,11,1,63,1,EXECUTION,0.2137381469726561,0.030845276896158874
74,277,11,1,63,1,WAIT_SEND,0.244583423868815,0.0
74,274,11,0,62,0,WAIT_SEND,0.1201,0.0
74,274,11,0,62,0,WAIT_RECV,0.24478342386881496,1.9999999999997797E-4
82,598,18,6,112,9,EXECUTION,0.23508060528978883,0.010000000000000009
82,598,18,6,112,9,WAIT_SEND,0.24508060528978884,0.0
101,602,29,7,182,9,EXECUTION,0.23523254729376883,0.010000000000000009
101,602,29,7,182,9,WAIT_SEND,0.24523254729376884,0.0
97,605,31,6,202,9,EXECUTION,0.23534942092895497,0.010000000000000009
97,605,31,6,202,9,WAIT_SEND,0.24534942092895498,0.0
99,408,16,1,93,1,EXECUTION,0.16529999999999997,0.01999999999999999
99,408,16,1,93,1,WAIT_SEND,0.18529999999999996,0.0
99,408,16,1,93,1,WAIT_RECV,0.23649999999999988,1.9999999999997797E-4
99,408,16,1,93,1,EXECUTION,0.23649999999999988,0.010000000000000009
99,408,16,1,93,1,WAIT_SEND,0.24649999999999989,0.0
30,100,18,1,107,1,EXECUTION,0.05030000000000001,0.036293642171223967
30,100,18,1,107,1,WAIT_SEND,0.08659364217122398,0.0
30,100,18,1,107,1,WAIT_RECV,0.19209452432820823,1.9999999999997797E-4
30,100,18,1,107,1,EXECUTION,0.19209452432820823,0.05457603841056352
30,100,18,1,107,1,WAIT_SEND,0.24667056273877175,0.0
99,405,16,0,92,0,WAIT_SEND,0.1651,0.0
99,405,16,0,92,0,WAIT_RECV,0.24669999999999986,1.9999999999997797E-4
59,213,18,0,106,0,WAIT_SEND,0.0951,0.0
59,213,18,0,106,0,WAIT_RECV,0.24675722045898427,0.06292861022949214
30,97,18,0,106,0,WAIT_SEND,0.050100000000000006,0.0
30,97,18,0,106,0,WAIT_RECV,0.24687056273877173,1.9999999999997797E-4
125,608,33,4,211,9,EXECUTION,0.23701907348632806,0.010000000000000009
125,608,33,4,211,9,WAIT_SEND,0.24701907348632807,0.0
105,467,31,5,201,7,EXECUTION,0.18661907348632809,0.010000000000000009
105,467,31,5,201,7,WAIT_SEND,0.1966190734863281,0.0
105,467,31,5,201,7,WAIT_RECV,0.22741907348632803,1.9999999999997797E-4
105,467,31,5,201,7,EXECUTION,0.22741907348632803,0.01999999999999999
105,467,31,5,201,7,WAIT_SEND,0.24741907348632802,0.0
111,609,6,3,32,9,EXECUTION,0.23813814697265615,0.010000000000000009
111,609,6,3,32,9,WAIT_SEND,0.24813814697265615,0.0
113,491,5,7,23,7,EXECUTION,0.19549999999999995,0.010000000000000009
113,491,5,7,23,7,WAIT_SEND,0.20549999999999996,0.0
113,491,5,7,23,7,WAIT_RECV,0.23821907348632793,1.9999999999997797E-4
113,491,5,7,23,7,EXECUTION,0.23821907348632793,0.010000000000000009
113,491,5,7,23,7,WAIT_SEND,0.24821907348632793,0.0
119,543,7,3,37,6,EXECUTION,0.21569999999999995,0.010000000000000009
119,543,7,3,37,6,WAIT_SEND,0.22569999999999996,0.0
119,543,7,3,37,6,WAIT_RECV,0.23833814697265615,0.0013190734863280928
119,543,7,3,37,6,EXECUTION,0.23833814697265615,0.010000000000000009
119,543,7,3,37,6,WAIT_SEND,0.24833814697265616,0.0
106,542,8,5,45,6,EXECUTION,0.21569999999999992,0.010000000000000009
106,542,8,5,45,6,WAIT_SEND,0.22569999999999993,0.0
106,542,8,5,45,6,WAIT_RECV,0.23833814697265615,0.0013190734863280928
106,542,8,5,45,6,EXECUTION,0.23833814697265615,0.010000000000000009
106,542,8,5,45,6,WAIT_SEND,0.24833814697265616,0.0
104,625,39,7,235,8,EXECUTION,0.2434286102294921,0.0050000000000000044
104,625,39,7,235,8,WAIT_SEND,0.24842861022949211,0.0
87,411,8,6,46,7,EXECUTION,0.16549999999999992,0.01999999999999999
87,411,8,6,46,7,WAIT_SEND,0.18549999999999991,0.0
87,411,8,6,46,7,WAIT_RECV,0.21853814697265608,1.9999999999997797E-4
87,411,8,6,46,7,EXECUTION,0.21853814697265608,0.03
87,411,8,6,46,7,WAIT_SEND,0.24853814697265608,0.0
96,564,39,2,222,4,EXECUTION,0.22302861022949214,0.0050000000000000044
96,564,39,2,222,4,WAIT_SEND,0.22802861022949214,0.0
96,564,39,2,222,4,WAIT_RECV,0.24382861022949207,1.9999999999997797E-4
96,564,39,2,222,4,EXECUTION,0.24382861022949207,0.0050000000000000044
96,564,39,2,222,4,WAIT_SEND,0.24882861022949207,0.0
88,544,24,2,148,6,EXECUTION,0.2159380926513671,0.015284509582519507
88,544,24,2,148,6,WAIT_SEND,0.2312226022338866,0.0
88,544,24,2,148,6,WAIT_RECV,0.24162260223388657,1.9999999999997797E-4
88,544,24,2,148,6,EXECUTION,0.24162260223388657,0.009999999999999981
88,544,24,2,148,6,WAIT_SEND,0.25162260223388655,0.0
66,262,32,1,205,1,EXECUTION,0.11141907348632814,0.030000000000000013
66,262,32,1,205,1,WAIT_SEND,0.14141907348632815,0.0
66,262,32,1,205,1,WAIT_RECV,0.22201674325731047,1.9999999999997797E-4
66,262,32,1,205,1,EXECUTION,0.22201674325731047,0.030000000000000027
66,262,32,1,205,1,WAIT_SEND,0.2520167432573105,0.0
121,619,31,7,203,9,EXECUTION,0.2420286102294921,0.009999999999999981
121,619,31,7,203,9,WAIT_SEND,0.2520286102294921,0.0
120,562,26,1,160,6,EXECUTION,0.22182861022949213,0.010000000000000009
120,562,26,1,160,6,WAIT_SEND,0.23182861022949214,0.0
120,562,26,1,160,6,WAIT_RECV,0.2422286102294921,1.9999999999997797E-4
120,562,26,1,160,6,EXECUTION,0.2422286102294921,0.010000000000000009
120,562,26,1,160,6,WAIT_SEND,0.2522286102294921,0.0
110,507,25,3,154,7,EXECUTION,0.20161907348632804,0.010000000000000009
110,507,25,3,154,7,WAIT_SEND,0.21161907348632805,0.0
110,507,25,3,154,7,WAIT_RECV,0.242419073486328,1.9999999999997797E-4
110,507,25,3,154,7,EXECUTION,0.242419073486328,0.009999999999999981
110,507,25,3,154,7,WAIT_SEND,0.25241907348632797,0.0
62,235,31,1,197,1,EXECUTION,0.10141907348632814,0.04000000000000001
62,235,31,1,197,1,WAIT_SEND,0.14141907348632815,0.0
62,235,31,1,197,1,WAIT_RECV,0.20261907348632804,1.9999999999997797E-4
62,235,31,1,197,1,EXECUTION,0.20261907348632804,0.049904942092895505
62,235,31,1,197,1,WAIT_SEND,0.25252401557922355,0.0
66,256,27,0,165,0,WAIT_SEND,0.1101,0.0
66,256,27,0,165,0,WAIT_RECV,0.2533358167436386,0.0013190734863280928
104,610,39,6,226,5,EXECUTION,0.23822861022949213,0.0050000000000000044
104,610,39,6,226,5,WAIT_SEND,0.24322861022949213,0.0
104,610,39,6,226,5,WAIT_RECV,0.2486286102294921,1.9999999999997797E-4
104,610,39,6,226,5,EXECUTION,0.2486286102294921,0.004999999999999977
104,610,39,6,226,5,WAIT_SEND,0.25362861022949207,0.0
62,231,27,0,165,0,WAIT_SEND,0.10010000000000001,0.0
62,231,27,0,165,0,WAIT_RECV,0.25384308906555164,0.0013190734863280928
90,371,22,1,137,1,EXECUTION,0.15141907348632808,0.010000000000000009
90,371,22,1,137,1,WAIT_SEND,0.16141907348632809,0.0
90,371,22,1,137,1,WAIT_RECV,0.2345774520874021,0.0013190734863280928
90,371,22,1,137,1,EXECUTION,0.2345774520874021,0.020000000000000018
90,371,22,1,137,1,WAIT_SEND,0.2545774520874021,0.0
82,566,18,2,108,6,EXECUTION,0.22488060528978884,0.010000000000000009
82,566,18,2,108,6,WAIT_SEND,0.23488060528978885,0.0
82,566,18,2,108,6,WAIT_RECV,0.24528060528978882,1.9999999999997797E-4
82,566,18,2,108,6,EXECUTION,0.24528060528978882,0.009999999999999981
82,566,18,2,108,6,WAIT_SEND,0.2552806052897888,0.0
53,187,12,2,68,1,EXECUTION,0.08530000000000001,0.009999999999999995
53,187,12,2,68,1,WAIT_SEND,0.09530000000000001,0.0
53,187,12,2,68,1,WAIT_RECV,0.2353908278503417,0.0013190734863280928
53,187,12,2,68,1,EXECUTION,0.2353908278503417,0.020000000000000018
53,187,12,2,68,1,WAIT_SEND,0.25539082785034173,0.0
53,185,12,0,66,0,WAIT_SEND,0.08510000000000001,0.0
53,185,12,0,66,0,WAIT_RECV,0.2555908278503417,1.9999999999997797E-4
90,366,25,0,151,0,WAIT_SEND,0.15009999999999998,0.0
90,366,25,0,151,0,WAIT_RECV,0.2558965255737302,0.0013190734863280928
101,565,30,2,187,6,EXECUTION,0.22391347380744073,0.010000000000000009
101,565,30,2,187,6,WAIT_SEND,0.23391347380744074,0.0
101,565,30,2,187,6,WAIT_RECV,0.24655162078009693,0.0013190734863280928
101,565,30,2,187,6,EXECUTION,0.24655162078009693,0.009999999999999981
101,565,30,2,187,6,WAIT_SEND,0.2565516207800969,0.0
89,443,11,2,64,7,EXECUTION,0.17549999999999993,0.023238146972656276
89,443,11,2,64,7,WAIT_SEND,0.1987381469726562,0.0
89,443,11,2,64,7,WAIT_RECV,0.23177629394531238,0.0013190734863280928
89,443,11,2,64,7,EXECUTION,0.23177629394531238,0.024785740152994756
89,443,11,2,64,7,WAIT_SEND,0.25656203409830713,0.0
65,242,20,0,125,0,WAIT_SEND,0.1051,0.0
65,242,20,0,125,0,WAIT_RECV,0.25675722045898425,0.06292861022949214
125,574,30,3,188,6,EXECUTION,0.22569999999999996,0.010000000000000009
125,574,30,3,188,6,WAIT_SEND,0.23569999999999997,0.0
125,574,30,3,188,6,WAIT_RECV,0.24833814697265616,0.0013190734863280928
125,574,30,3,188,6,EXECUTION,0.24833814697265616,0.010000000000000009
125,574,30,3,188,6,WAIT_SEND,0.25833814697265617,0.0
113,461,5,1,17,1,EXECUTION,0.18529999999999996,0.010000000000000009
113,461,5,1,17,1,WAIT_SEND,0.19529999999999997,0.0
113,461,5,1,17,1,WAIT_RECV,0.2484190734863279,1.9999999999997797E-4
113,461,5,1,17,1,EXECUTION,0.2484190734863279,0.010000000000000009
113,461,5,1,17,1,WAIT_SEND,0.2584190734863279,0.0
109,648,39,5,233,8,EXECUTION,0.2534286102294921,0.0050000000000000044
109,648,39,5,233,8,WAIT_SEND,0.2584286102294921,0.0
113,458,5,0,16,0,WAIT_SEND,0.1851,0.0
113,458,5,0,16,0,WAIT_RECV,0.2586190734863279,1.9999999999997797E-4
104,595,39,6,218,3,EXECUTION,0.23302861022949214,0.0050000000000000044
104,595,39,6,218,3,WAIT_SEND,0.23802861022949215,0.0
104,595,39,6,218,3,WAIT_RECV,0.25382861022949205,1.9999999999997797E-4
104,595,39,6,218,3,EXECUTION,0.25382861022949205,0.0050000000000000044
104,595,39,6,218,3,WAIT_SEND,0.25882861022949205,0.0
111,576,4,2,12,6,EXECUTION,0.22681907348632804,0.010000000000000009
111,576,4,2,12,6,WAIT_SEND,0.23681907348632805,0.0
111,576,4,2,12,6,WAIT_RECV,0.24945722045898425,0.0013190734863280928
111,576,4,2,12,6,EXECUTION,0.24945722045898425,0.009999999999999981
111,576,4,2,12,6,WAIT_SEND,0.25945722045898423,0.0
80,413,24,3,149,7,EXECUTION,0.16549999999999995,0.02512260223388671
80,413,24,3,149,7,WAIT_SEND,0.19062260223388666,0.0
80,413,24,3,149,7,WAIT_RECV,0.2267071118164061,1.9999999999997797E-4
80,413,24,3,149,7,EXECUTION,0.2267071118164061,0.03339647603352855
80,413,24,3,149,7,WAIT_SEND,0.26010358784993465,0.0
95,641,18,5,111,9,EXECUTION,0.25029828324824194,0.010000000000000009
95,641,18,5,111,9,WAIT_SEND,0.26029828324824195,0.0
105,442,29,3,178,1,EXECUTION,0.17529999999999998,0.010000000000000009
105,442,29,3,178,1,WAIT_SEND,0.1853,0.0
105,442,29,3,178,1,WAIT_RECV,0.24873814697265612,0.0013190734863280928
105,442,29,3,178,1,EXECUTION,0.24873814697265612,0.012319073486328047
105,442,29,3,178,1,WAIT_SEND,0.26105722045898416,0.0
105,440,29,0,175,0,WAIT_SEND,0.1751,0.0
105,440,29,0,175,0,WAIT_RECV,0.26125722045898414,1.9999999999997797E-4
91,368,6,1,30,1,EXECUTION,0.15029999999999996,0.022848841857910168
91,368,6,1,30,1,WAIT_SEND,0.17314884185791013,0.0
91,368,6,1,30,1,WAIT_RECV,0.23025722045898417,0.0013190734863280928
91,368,6,1,30,1,EXECUTION,0.23025722045898417,0.03187620340983072
91,368,6,1,30,1,WAIT_SEND,0.2621334238688149,0.0
121,591,31,3,199,6,EXECUTION,0.2318286102294921,0.010000000000000009
121,591,31,3,199,6,WAIT_SEND,0.24182861022949212,0.0
121,591,31,3,199,6,WAIT_RECV,0.25222861022949206,1.9999999999997797E-4
121,591,31,3,199,6,EXECUTION,0.25222861022949206,0.010000000000000009
121,591,31,3,199,6,WAIT_SEND,0.26222861022949207,0.0
91,365,6,0,29,0,WAIT_SEND,0.15009999999999998,0.0
91,365,6,0,29,0,WAIT_RECV,0.26233342386881486,1.9999999999997797E-4
54,202,21,1,134,1,EXECUTION,0.0903,0.03129364217122396
54,202,21,1,134,1,WAIT_SEND,0.12159364217122397,0.0
54,202,21,1,134,1,WAIT_RECV,0.19226907348632807,0.0013190734863280928
54,202,21,1,134,1,EXECUTION,0.19226907348632807,0.0701448333217076
54,202,21,1,134,1,WAIT_SEND,0.26241390680803567,0.0
120,532,26,2,161,7,EXECUTION,0.21162861022949214,0.010000000000000009
120,532,26,2,161,7,WAIT_SEND,0.22162861022949215,0.0
120,532,26,2,161,7,WAIT_RECV,0.2524286102294921,1.9999999999997797E-4
120,532,26,2,161,7,EXECUTION,0.2524286102294921,0.010000000000000009
120,532,26,2,161,7,WAIT_SEND,0.2624286102294921,0.0
54,200,21,0,133,0,WAIT_SEND,0.0901,0.0
54,200,21,0,133,0,WAIT_RECV,0.26261390680803565,1.9999999999997797E-4
61,234,24,1,147,1,EXECUTION,0.10141907348632814,0.020000000000000004
61,234,24,1,147,1,WAIT_SEND,0.12141907348632815,0.0
61,234,24,1,147,1,WAIT_RECV,0.20786190734863272,1.9999999999997797E-4
61,234,24,1,147,1,EXECUTION,0.20786190734863272,0.0551866576131185
61,234,24,1,147,1,WAIT_SEND,0.2630485649617512,0.0
130,635,24,4,150,9,EXECUTION,0.24813814697265615,0.014990463256835979
130,635,24,4,150,9,WAIT_SEND,0.26312861022949213,0.0
122,646,14,6,85,9,EXECUTION,0.25313814697265613,0.010000000000000009
122,646,14,6,85,9,WAIT_SEND,0.26313814697265614,0.0
109,636,39,4,224,5,EXECUTION,0.2482286102294921,0.0050000000000000044
109,636,39,4,224,5,WAIT_SEND,0.2532286102294921,0.0
109,636,39,4,224,5,WAIT_RECV,0.2586286102294921,1.9999999999997797E-4
109,636,39,4,224,5,EXECUTION,0.2586286102294921,0.0050000000000000044
109,636,39,4,224,5,WAIT_SEND,0.2636286102294921,0.0
129,649,29,0,183,9,EXECUTION,0.25384308906555164,0.010000000000000009
129,649,29,0,183,9,WAIT_SEND,0.26384308906555165,0.0
84,510,15,3,89,6,EXECUTION,0.20365498801337345,0.016643067084418456
84,510,15,3,89,6,WAIT_SEND,0.2202980550977919,0.0
84,510,15,3,89,6,WAIT_RECV,0.23398418926662878,1.9999999999997797E-4
84,510,15,3,89,6,EXECUTION,0.23398418926662878,0.030000000000000027
84,510,15,3,89,6,WAIT_SEND,0.2639841892666288,0.0
110,453,22,1,137,1,EXECUTION,0.18029999999999996,0.01999999999999999
110,453,22,1,137,1,WAIT_SEND,0.20029999999999995,0.0
110,453,22,1,137,1,WAIT_RECV,0.25373814697265606,0.0013190734863280928
110,453,22,1,137,1,EXECUTION,0.25373814697265606,0.010419652557373038
110,453,22,1,137,1,WAIT_SEND,0.2641577995300291,0.0
110,450,22,0,136,0,WAIT_SEND,0.18009999999999998,0.0
110,450,22,0,136,0,WAIT_RECV,0.2643577995300291,1.9999999999997797E-4
61,230,23,0,139,0,WAIT_SEND,0.10010000000000001,0.0
61,230,23,0,139,0,WAIT_RECV,0.2644572204589843,0.001408655497233069
97,570,31,2,198,6,EXECUTION,0.22514942092895499,0.010000000000000009
97,570,31,2,198,6,WAIT_SEND,0.235149420928955,0.0
97,570,31,2,198,6,WAIT_RECV,0.24554942092895496,1.9999999999997797E-4
97,570,31,2,198,6,EXECUTION,0.24554942092895496,0.01999999999999999
97,570,31,2,198,6,WAIT_SEND,0.26554942092895495,0.0
100,656,31,6,202,9,EXECUTION,0.2558999999999999,0.010000000000000009
100,656,31,6,202,9,WAIT_SEND,0.2658999999999999,0.0
69,264,10,0,53,0,WAIT_SEND,0.11510000000000001,0.0
69,264,10,0,53,0,WAIT_RECV,0.26675722045898426,0.06292861022949214
118,658,5,4,28,9,EXECUTION,0.257019073486328,0.010000000000000009
118,658,5,4,28,9,WAIT_SEND,0.26701907348632803,0.0
132,647,24,4,150,9,EXECUTION,0.2531476837158202,0.01499046325683595
132,647,24,4,150,9,WAIT_SEND,0.26813814697265614,0.0
79,521,15,3,89,6,EXECUTION,0.20701192092895498,0.01999999999999999
79,521,15,3,89,6,WAIT_SEND,0.22701192092895497,0.0
79,521,15,3,89,6,WAIT_RECV,0.24069805509779185,1.9999999999997797E-4
79,521,15,3,89,6,EXECUTION,0.24069805509779185,0.027762044722945634
79,521,15,3,89,6,WAIT_SEND,0.2684600998207375,0.0
85,338,17,1,101,1,EXECUTION,0.14029999999999998,0.03921907348632814
85,338,17,1,101,1,WAIT_SEND,0.17951907348632812,0.0
85,338,17,1,101,1,WAIT_RECV,0.23296675720214832,0.0013190734863280928
85,338,17,1,101,1,EXECUTION,0.23296675720214832,0.0355158945719401
85,338,17,1,101,1,WAIT_SEND,0.2684826517740884,0.0
106,492,8,6,46,7,EXECUTION,0.19549999999999995,0.01999999999999999
106,492,8,6,46,7,WAIT_SEND,0.21549999999999994,0.0
106,492,8,6,46,7,WAIT_RECV,0.24853814697265614,1.9999999999997797E-4
106,492,8,6,46,7,EXECUTION,0.24853814697265614,0.020000000000000018
106,492,8,6,46,7,WAIT_SEND,0.26853814697265616,0.0
125,540,30,7,192,7,EXECUTION,0.21549999999999997,0.010000000000000009
125,540,30,7,192,7,WAIT_SEND,0.22549999999999998,0.0
125,540,30,7,192,7,WAIT_RECV,0.25853814697265615,1.9999999999997797E-4
125,540,30,7,192,7,EXECUTION,0.25853814697265615,0.010000000000000009
125,540,30,7,192,7,WAIT_SEND,0.26853814697265616,0.0
85,334,17,0,100,0,WAIT_SEND,0.1401,0.0
85,334,17,0,100,0,WAIT_RECV,0.2686826517740884,1.9999999999997797E-4
87,352,8,2,42,1,EXECUTION,0.14529999999999996,0.01999999999999999
87,352,8,2,42,1,WAIT_SEND,0.16529999999999995,0.0
87,352,8,2,42,1,WAIT_RECV,0.24873814697265606,1.9999999999997797E-4
87,352,8,2,42,1,EXECUTION,0.24873814697265606,0.020000000000000018
87,352,8,2,42,1,WAIT_SEND,0.2687381469726561,0.0
109,624,39,7,219,3,EXECUTION,0.24302861022949213,0.0050000000000000044
109,624,39,7,219,3,WAIT_SEND,0.24802861022949213,0.0
109,624,39,7,219,3,WAIT_RECV,0.26382861022949206,1.9999999999997797E-4
109,624,39,7,219,3,EXECUTION,0.26382861022949206,0.0050000000000000044
109,624,39,7,219,3,WAIT_SEND,0.26882861022949206,0.0
133,659,20,7,132,9,EXECUTION,0.2588606628882998,0.010000000000000009
133,659,20,7,132,9,WAIT_SEND,0.2688606628882998,0.0
87,349,8,0,40,0,WAIT_SEND,0.14509999999999998,0.0
87,349,8,0,40,0,WAIT_RECV,0.26893814697265606,1.9999999999997797E-4
111,547,4,3,13,7,EXECUTION,0.21661907348632806,0.010000000000000009
111,547,4,3,13,7,WAIT_SEND,0.22661907348632807,0.0
111,547,4,3,13,7,WAIT_RECV,0.2596572204589842,1.9999999999997797E-4
111,547,4,3,13,7,EXECUTION,0.2596572204589842,0.010000000000000009
111,547,4,3,13,7,WAIT_SEND,0.2696572204589842,0.0
95,611,18,3,109,6,EXECUTION,0.24009828324824195,0.010000000000000009
95,611,18,3,109,6,WAIT_SEND,0.25009828324824196,0.0
95,611,18,3,109,6,WAIT_RECV,0.2604982832482419,1.9999999999997797E-4
95,611,18,3,109,6,EXECUTION,0.2604982832482419,0.010000000000000009
95,611,18,3,109,6,WAIT_SEND,0.27049828324824193,0.0
86,666,15,5,91,9,EXECUTION,0.26091810836791984,0.010000000000000009
86,666,15,5,91,9,WAIT_SEND,0.27091810836791985,0.0
38,125,21,1,134,1,EXECUTION,0.061419073486328135,0.020000000000000004
38,125,21,1,134,1,WAIT_SEND,0.08141907348632814,0.0
38,125,21,1,134,1,WAIT_RECV,0.19817834993644992,0.0013190734863280928
38,125,21,1,134,1,EXECUTION,0.19817834993644992,0.07352061175688487
38,125,21,1,134,1,WAIT_SEND,0.2716989616933348,0.0
121,533,31,5,201,7,EXECUTION,0.21162861022949214,0.01999999999999999
121,533,31,5,201,7,WAIT_SEND,0.23162861022949213,0.0
121,533,31,5,201,7,WAIT_RECV,0.26242861022949204,1.9999999999997797E-4
121,533,31,5,201,7,EXECUTION,0.26242861022949204,0.010000000000000009
121,533,31,5,201,7,WAIT_SEND,0.27242861022949205,0.0
103,672,20,6,131,9,EXECUTION,0.2629393371117001,0.010000000000000009
103,672,20,6,131,9,WAIT_SEND,0.2729393371117001,0.0
38,118,23,0,139,0,WAIT_SEND,0.0601,0.0
38,118,23,0,139,0,WAIT_RECV,0.2730180351796629,0.0013190734863280928
37,124,18,1,107,1,EXECUTION,0.061419073486328135,0.04000000000000001
37,124,18,1,107,1,WAIT_SEND,0.10141907348632814,0.0
37,124,18,1,107,1,WAIT_RECV,0.21882877355693295,1.9999999999997797E-4
37,124,18,1,107,1,EXECUTION,0.21882877355693295,0.05420699208487992
37,124,18,1,107,1,WAIT_SEND,0.27303576564181287,0.0
37,119,25,0,151,0,WAIT_SEND,0.0601,0.0
37,119,25,0,151,0,WAIT_RECV,0.27435483912814096,0.0013190734863280928
130,607,19,7,120,6,EXECUTION,0.23681907348632805,0.010000000000000009
130,607,19,7,120,6,WAIT_SEND,0.24681907348632806,0.0
130,607,19,7,120,6,WAIT_RECV,0.2644572204589843,0.0013286102294921553
130,607,19,7,120,6,EXECUTION,0.2644572204589843,0.010000000000000009
130,607,19,7,120,6,WAIT_SEND,0.2744572204589843,0.0
129,621,27,2,167,6,EXECUTION,0.24249536743164038,0.009999999999999981
129,621,27,2,167,6,WAIT_SEND,0.25249536743164036,0.0
129,621,27,2,167,6,WAIT_RECV,0.26516216255187974,0.0013190734863280928
129,621,27,2,167,6,EXECUTION,0.26516216255187974,0.010000000000000009
129,621,27,2,167,6,WAIT_SEND,0.27516216255187975,0.0
120,503,29,4,179,1,EXECUTION,0.20029999999999998,0.010000000000000009
120,503,29,4,179,1,WAIT_SEND,0.2103,0.0
120,503,29,4,179,1,WAIT_RECV,0.2637476837158202,0.0013190734863280928
120,503,29,4,179,1,EXECUTION,0.2637476837158202,0.01232861022949211
120,503,29,4,179,1,WAIT_SEND,0.2760762939453123,0.0
100,606,31,2,198,6,EXECUTION,0.23569999999999994,0.01999999999999999
100,606,31,2,198,6,WAIT_SEND,0.2556999999999999,0.0
100,606,31,2,198,6,WAIT_RECV,0.2660999999999999,1.9999999999997797E-4
100,606,31,2,198,6,EXECUTION,0.2660999999999999,0.010000000000000009
100,606,31,2,198,6,WAIT_SEND,0.2760999999999999,0.0
120,500,29,0,175,0,WAIT_SEND,0.2001,0.0
120,500,29,0,175,0,WAIT_RECV,0.2762762939453123,1.9999999999997797E-4
77,431,18,4,110,7,EXECUTION,0.1719108632829454,0.0370788090477461
77,431,18,4,110,7,WAIT_SEND,0.2089896723306915,0.0
77,431,18,4,110,7,WAIT_RECV,0.23978967233069143,1.9999999999997797E-4
77,431,18,4,110,7,EXECUTION,0.23978967233069143,0.03683252347109445
77,431,18,4,110,7,WAIT_SEND,0.2766221958017859,0.0
118,632,8,3,43,6,EXECUTION,0.24569999999999992,0.010000000000000009
118,632,8,3,43,6,WAIT_SEND,0.2556999999999999,0.0
118,632,8,3,43,6,WAIT_RECV,0.2683381469726561,0.0013190734863280928
118,632,8,3,43,6,EXECUTION,0.2683381469726561,0.010000000000000009
118,632,8,3,43,6,WAIT_SEND,0.27833814697265613,0.0
106,441,8,1,41,1,EXECUTION,0.17529999999999998,0.01999999999999999
106,441,8,1,41,1,WAIT_SEND,0.19529999999999997,0.0
106,441,8,1,41,1,WAIT_RECV,0.26873814697265613,1.9999999999997797E-4
106,441,8,1,41,1,EXECUTION,0.26873814697265613,0.010000000000000009
106,441,8,1,41,1,WAIT_SEND,0.27873814697265614,0.0
106,438,8,0,40,0,WAIT_SEND,0.1751,0.0
106,438,8,0,40,0,WAIT_RECV,0.2789381469726561,1.9999999999997797E-4
132,618,19,6,119,6,EXECUTION,0.24182861022949212,0.009999999999999981
132,618,19,6,119,6,WAIT_SEND,0.2518286102294921,0.0
132,618,19,6,119,6,WAIT_RECV,0.26945722045898424,0.0013190734863280928
132,618,19,6,119,6,EXECUTION,0.26945722045898424,0.010000000000000009
132,618,19,6,119,6,WAIT_SEND,0.27945722045898425,0.0
122,623,14,3,82,6,EXECUTION,0.24293814697265614,0.010000000000000009
122,623,14,3,82,6,WAIT_SEND,0.25293814697265615,0.0
122,623,14,3,82,6,WAIT_RECV,0.2633381469726561,1.9999999999997797E-4
122,623,14,3,82,6,EXECUTION,0.2633381469726561,0.01636185302734372
122,623,14,3,82,6,WAIT_SEND,0.27969999999999984,0.0
89,353,11,1,63,1,EXECUTION,0.14529999999999996,0.03
89,353,11,1,63,1,WAIT_SEND,0.17529999999999996,0.0
89,353,11,1,63,1,WAIT_RECV,0.2567620340983071,1.9999999999997797E-4
89,353,11,1,63,1,EXECUTION,0.2567620340983071,0.02323101704915359
89,353,11,1,63,1,WAIT_SEND,0.2799930511474607,0.0
89,350,11,0,62,0,WAIT_SEND,0.14509999999999998,0.0
89,350,11,0,62,0,WAIT_RECV,0.2801930511474607,1.9999999999997797E-4
86,588,15,3,89,6,EXECUTION,0.23071810836791984,0.030000000000000027
86,588,15,3,89,6,WAIT_SEND,0.26071810836791987,0.0
86,588,15,3,89,6,WAIT_RECV,0.27111810836791983,1.9999999999997797E-4
86,588,15,3,89,6,EXECUTION,0.27111810836791983,0.010000000000000009
86,588,15,3,89,6,WAIT_SEND,0.28111810836791984,0.0
102,691,24,4,150,9,EXECUTION,0.27135719807942693,0.010000000000000009
102,691,24,4,150,9,WAIT_SEND,0.28135719807942694,0.0
158,695,19,2,123,8,EXECUTION,0.2716190734863281,0.010000000000000009
158,695,19,2,123,8,WAIT_SEND,0.2816190734863281,0.0
101,509,32,2,206,7,EXECUTION,0.2033720573849148,0.019222342936197845
101,509,32,2,206,7,WAIT_SEND,0.22259440032111263,0.0
101,509,32,2,206,7,WAIT_RECV,0.257870694266425,0.0013190734863280928
101,509,32,2,206,7,EXECUTION,0.257870694266425,0.023906736903720416
101,509,32,2,206,7,WAIT_SEND,0.2817774311701454,0.0
115,696,2,4,4,9,EXECUTION,0.2736331116994221,0.010000000000000009
115,696,2,4,4,9,WAIT_SEND,0.2836331116994221,0.0
88,473,24,3,149,7,EXECUTION,0.1897761853027343,0.025961907348632823
88,473,24,3,149,7,WAIT_SEND,0.21573809265136712,0.0
88,473,24,3,149,7,WAIT_RECV,0.25182260223388653,1.9999999999997797E-4
88,473,24,3,149,7,EXECUTION,0.25182260223388653,0.032070246404012015
88,473,24,3,149,7,WAIT_SEND,0.28389284863789854,0.0
129,593,27,3,168,7,EXECUTION,0.2322953674316404,0.010000000000000009
129,593,27,3,168,7,WAIT_SEND,0.2422953674316404,0.0
129,593,27,3,168,7,WAIT_RECV,0.27536216255187973,1.9999999999997797E-4
129,593,27,3,168,7,EXECUTION,0.27536216255187973,0.010000000000000009
129,593,27,3,168,7,WAIT_SEND,0.28536216255187974,0.0
97,527,31,4,200,7,EXECUTION,0.2102247104644775,0.014724710464477514
97,527,31,4,200,7,WAIT_SEND,0.224949420928955,0.0
97,527,31,4,200,7,WAIT_RECV,0.2657494209289549,1.9999999999997797E-4
97,527,31,4,200,7,EXECUTION,0.2657494209289549,0.020000000000000018
97,527,31,4,200,7,WAIT_SEND,0.28574942092895494,0.0
137,707,31,7,203,9,EXECUTION,0.27701907348632804,0.010000000000000009
137,707,31,7,203,9,WAIT_SEND,0.28701907348632805,0.0
121,504,29,1,176,1,EXECUTION,0.20029999999999998,0.010000000000000009
121,504,29,1,176,1,WAIT_SEND,0.2103,0.0
121,504,29,1,176,1,WAIT_RECV,0.27374768371582014,0.0013190734863280928
121,504,29,1,176,1,EXECUTION,0.27374768371582014,0.013447683715820169
121,504,29,1,176,1,WAIT_SEND,0.2871953674316403,0.0
121,501,29,0,175,0,WAIT_SEND,0.2001,0.0
121,501,29,0,175,0,WAIT_RECV,0.2873953674316403,1.9999999999997797E-4
131,708,33,3,210,9,EXECUTION,0.27748596269113035,0.010000000000000009
131,708,33,3,210,9,WAIT_SEND,0.28748596269113036,0.0
126,709,3,3,8,9,EXECUTION,0.2781287413279215,0.010000000000000009
126,709,3,3,8,9,WAIT_SEND,0.2881287413279215,0.0
118,539,8,6,46,7,EXECUTION,0.21549999999999994,0.03
118,539,8,6,46,7,WAIT_SEND,0.24549999999999994,0.0
118,539,8,6,46,7,WAIT_RECV,0.2785381469726561,1.9999999999997797E-4
118,539,8,6,46,7,EXECUTION,0.2785381469726561,0.010000000000000009
118,539,8,6,46,7,WAIT_SEND,0.2885381469726561,0.0
132,590,19,0,121,7,EXECUTION,0.23162861022949213,0.010000000000000009
132,590,19,0,121,7,WAIT_SEND,0.24162861022949214,0.0
132,590,19,0,121,7,WAIT_RECV,0.2796572204589842,1.9999999999997797E-4
132,590,19,0,121,7,EXECUTION,0.2796572204589842,0.010574424710208086
132,590,19,0,121,7,WAIT_SEND,0.2902316451691923,0.0
111,462,6,1,30,1,EXECUTION,0.18529999999999996,0.03
111,462,6,1,30,1,WAIT_SEND,0.21529999999999996,0.0
111,462,6,1,30,1,WAIT_RECV,0.2709762939453123,0.0013190734863280928
111,462,6,1,30,1,EXECUTION,0.2709762939453123,0.020000000000000018
111,462,6,1,30,1,WAIT_SEND,0.2909762939453123,0.0
100,541,31,4,200,7,EXECUTION,0.21549999999999997,0.01999999999999999
100,541,31,4,200,7,WAIT_SEND,0.23549999999999996,0.0
100,541,31,4,200,7,WAIT_RECV,0.2762999999999999,1.9999999999997797E-4
100,541,31,4,200,7,EXECUTION,0.2762999999999999,0.014724710464477542
100,541,31,4,200,7,WAIT_SEND,0.2910247104644774,0.0
111,459,6,0,29,0,WAIT_SEND,0.1851,0.0
111,459,6,0,29,0,WAIT_RECV,0.2911762939453123,1.9999999999997797E-4
158,669,19,5,118,5,EXECUTION,0.2614190734863281,0.010000000000000009
158,669,19,5,118,5,WAIT_SEND,0.2714190734863281,0.0
158,669,19,5,118,5,WAIT_RECV,0.28181907348632806,1.9999999999997797E-4
158,669,19,5,118,5,EXECUTION,0.28181907348632806,0.010000000000000009
158,669,19,5,118,5,WAIT_SEND,0.2918190734863281,0.0
158,663,23,0,139,0,WAIT_SEND,0.2601,0.0
158,663,23,0,139,0,WAIT_RECV,0.29313814697265617,0.0013190734863280928
116,720,3,4,9,9,EXECUTION,0.2836331116994221,0.010000000000000009
116,720,3,4,9,9,WAIT_SEND,0.29363311169942213,0.0
130,575,19,1,122,7,EXECUTION,0.22661907348632807,0.010000000000000009
130,575,19,1,122,7,WAIT_SEND,0.23661907348632807,0.0
130,575,19,1,122,7,WAIT_RECV,0.2746572204589843,1.9999999999997797E-4
130,575,19,1,122,7,EXECUTION,0.2746572204589843,0.019157220458984325
130,575,19,1,122,7,WAIT_SEND,0.2938144409179686,0.0
115,670,7,3,37,6,EXECUTION,0.262314038213094,0.010000000000000009
115,670,7,3,37,6,WAIT_SEND,0.272314038213094,0.0
115,670,7,3,37,6,WAIT_RECV,0.2849521851857502,0.0013190734863280928
115,670,7,3,37,6,EXECUTION,0.2849521851857502,0.010000000000000009
115,670,7,3,37,6,WAIT_SEND,0.2949521851857502,0.0
140,731,31,6,202,9,EXECUTION,0.28701907348632805,0.010000000000000009
140,731,31,6,202,9,WAIT_SEND,0.29701907348632806,0.0
131,682,33,1,208,6,EXECUTION,0.26728596269113036,0.010000000000000009
131,682,33,1,208,6,WAIT_SEND,0.27728596269113037,0.0
131,682,33,1,208,6,WAIT_RECV,0.28768596269113034,1.9999999999997797E-4
131,682,33,1,208,6,EXECUTION,0.28768596269113034,0.010000000000000009
131,682,33,1,208,6,WAIT_SEND,0.29768596269113035,0.0
119,515,7,5,39,7,EXECUTION,0.20549999999999996,0.010000000000000009
119,515,7,5,39,7,WAIT_SEND,0.21549999999999997,0.0
119,515,7,5,39,7,WAIT_RECV,0.24853814697265614,1.9999999999997797E-4
119,515,7,5,39,7,EXECUTION,0.24853814697265614,0.04924869888305661
119,515,7,5,39,7,WAIT_SEND,0.29778684585571275,0.0
137,681,30,4,189,6,EXECUTION,0.26569999999999994,0.010000000000000009
137,681,30,4,189,6,WAIT_SEND,0.27569999999999995,0.0
137,681,30,4,189,6,WAIT_RECV,0.28833814697265614,0.0013190734863280928
137,681,30,4,189,6,EXECUTION,0.28833814697265614,0.010000000000000009
137,681,30,4,189,6,WAIT_SEND,0.29833814697265615,0.0
82,472,18,4,110,7,EXECUTION,0.18961907348632806,0.035061531803460805
82,472,18,4,110,7,WAIT_SEND,0.22468060528978887,0.0
82,472,18,4,110,7,WAIT_RECV,0.2554806052897888,1.9999999999997797E-4
82,472,18,4,110,7,EXECUTION,0.2554806052897888,0.04305802949055554
82,472,18,4,110,7,WAIT_SEND,0.2985386347803443,0.0
118,489,8,2,42,1,EXECUTION,0.19529999999999997,0.01999999999999999
118,489,8,2,42,1,WAIT_SEND,0.21529999999999996,0.0
118,489,8,2,42,1,WAIT_RECV,0.2887381469726561,1.9999999999997797E-4
118,489,8,2,42,1,EXECUTION,0.2887381469726561,0.010000000000000009
118,489,8,2,42,1,WAIT_SEND,0.2987381469726561,0.0
118,486,8,0,40,0,WAIT_SEND,0.1951,0.0
118,486,8,0,40,0,WAIT_RECV,0.2989381469726561,1.9999999999997797E-4
133,617,20,3,128,6,EXECUTION,0.24069999999999994,0.017960662888299866
133,617,20,3,128,6,WAIT_SEND,0.2586606628882998,0.0
133,617,20,3,128,6,WAIT_RECV,0.2690606628882998,1.9999999999997797E-4
133,617,20,3,128,6,EXECUTION,0.2690606628882998,0.03002732955496651
133,617,20,3,128,6,WAIT_SEND,0.2990879924432663,0.0
132,558,19,1,114,1,EXECUTION,0.22142861022949215,0.010000000000000009
132,558,19,1,114,1,WAIT_SEND,0.23142861022949215,0.0
132,558,19,1,114,1,WAIT_RECV,0.2904316451691923,1.9999999999997797E-4
132,558,19,1,114,1,EXECUTION,0.2904316451691923,0.010000000000000009
132,558,19,1,114,1,WAIT_SEND,0.3004316451691923,0.0
80,302,24,1,147,1,EXECUTION,0.13029999999999997,0.035
80,302,24,1,147,1,WAIT_SEND,0.16529999999999997,0.0
80,302,24,1,147,1,WAIT_RECV,0.2603035878499346,1.9999999999997797E-4
80,302,24,1,147,1,EXECUTION,0.2603035878499346,0.04054899542236334
80,302,24,1,147,1,WAIT_SEND,0.30085258327229797,0.0
80,298,24,0,146,0,WAIT_SEND,0.1301,0.0
80,298,24,0,146,0,WAIT_RECV,0.30105258327229795,1.9999999999997797E-4
102,667,24,2,148,6,EXECUTION,0.26115719807942694,0.010000000000000009
102,667,24,2,148,6,WAIT_SEND,0.27115719807942695,0.0
102,667,24,2,148,6,WAIT_RECV,0.2815571980794269,1.9999999999997797E-4
102,667,24,2,148,6,EXECUTION,0.2815571980794269,0.020000000000000018
102,667,24,2,148,6,WAIT_SEND,0.30155719807942694,0.0
132,551,23,0,139,0,WAIT_SEND,0.2201,0.0
132,551,23,0,139,0,WAIT_RECV,0.3017507186555204,0.0013190734863280928
127,733,14,6,85,9,EXECUTION,0.289842960611979,0.012609627278645785
127,733,14,6,85,9,WAIT_SEND,0.3024525878906248,0.0
101,410,32,1,205,1,EXECUTION,0.16529999999999997,0.03787205738491484
101,410,32,1,205,1,WAIT_SEND,0.2031720573849148,0.0
101,410,32,1,205,1,WAIT_RECV,0.2819774311701454,1.9999999999997797E-4
101,410,32,1,205,1,EXECUTION,0.2819774311701454,0.02083871558507272
101,410,32,1,205,1,WAIT_SEND,0.3028161467552181,0.0
101,407,32,0,204,0,WAIT_SEND,0.1651,0.0
101,407,32,0,204,0,WAIT_RECV,0.3030161467552181,1.9999999999997797E-4
129,546,29,2,177,1,EXECUTION,0.21641907348632808,0.014557220458984221
129,546,29,2,177,1,WAIT_SEND,0.2309762939453123,0.0
129,546,29,2,177,1,WAIT_RECV,0.28668123603820783,0.0013190734863280928
129,546,29,2,177,1,EXECUTION,0.28668123603820783,0.016381236038207903
129,546,29,2,177,1,WAIT_SEND,0.30306247207641573,0.0
156,747,3,3,8,9,EXECUTION,0.29313814697265617,0.010000000000000009
156,747,3,3,8,9,WAIT_SEND,0.3031381469726562,0.0
142,748,6,4,33,9,EXECUTION,0.29313814697265617,0.010000000000000009
142,748,6,4,33,9,WAIT_SEND,0.3031381469726562,0.0
103,622,20,3,128,6,EXECUTION,0.2427393371117001,0.020000000000000018
103,622,20,3,128,6,WAIT_SEND,0.2627393371117001,0.0
103,622,20,3,128,6,WAIT_RECV,0.2731393371117001,1.9999999999997797E-4
103,622,20,3,128,6,EXECUTION,0.2731393371117001,0.030846998110816592
103,622,20,3,128,6,WAIT_SEND,0.30398633522251667,0.0
130,545,19,4,117,1,EXECUTION,0.21641907348632808,0.010000000000000009
130,545,19,4,117,1,WAIT_SEND,0.2264190734863281,0.0
130,545,19,4,117,1,WAIT_RECV,0.2940144409179686,1.9999999999997797E-4
130,545,19,4,117,1,EXECUTION,0.2940144409179686,0.010000000000000009
130,545,19,4,117,1,WAIT_SEND,0.3040144409179686,0.0
129,537,33,0,207,0,WAIT_SEND,0.21509999999999999,0.0
129,537,33,0,207,0,WAIT_RECV,0.3043815455627438,0.0013190734863280928
122,559,11,2,64,7,EXECUTION,0.22161907348632806,0.01999999999999999
122,559,11,2,64,7,WAIT_SEND,0.24161907348632805,0.0
122,559,11,2,64,7,WAIT_RECV,0.28101907348632793,0.0013190734863280928
122,559,11,2,64,7,EXECUTION,0.28101907348632793,0.023644028218587188
122,559,11,2,64,7,WAIT_SEND,0.3046631017049151,0.0
130,535,25,0,151,0,WAIT_SEND,0.21509999999999999,0.0
130,535,25,0,151,0,WAIT_RECV,0.3053335144042967,0.0013190734863280928
84,387,15,4,90,7,EXECUTION,0.15919412353515622,0.044260864478217254
84,387,15,4,90,7,WAIT_SEND,0.20345498801337347,0.0
84,387,15,4,90,7,WAIT_RECV,0.2641841892666288,1.9999999999997797E-4
84,387,15,4,90,7,EXECUTION,0.2641841892666288,0.04342104731665719
84,387,15,4,90,7,WAIT_SEND,0.307605236583286,0.0
140,704,30,5,190,6,EXECUTION,0.27569999999999995,0.010000000000000009
140,704,30,5,190,6,WAIT_SEND,0.28569999999999995,0.0
140,704,30,5,190,6,WAIT_RECV,0.29833814697265615,0.0013190734863280928
140,704,30,5,190,6,EXECUTION,0.29833814697265615,0.010000000000000009
140,704,30,5,190,6,WAIT_SEND,0.30833814697265616,0.0
138,784,39,5,241,10,EXECUTION,0.3034286102294921,0.0050000000000000044
138,784,39,5,241,10,WAIT_SEND,0.3084286102294921,0.0
138,783,39,2,238,9,EXECUTION,0.3034286102294921,0.0050000000000000044
138,783,39,2,238,9,WAIT_SEND,0.3084286102294921,0.0
126,660,7,4,38,6,EXECUTION,0.2595618530273437,0.017247814814249696
126,660,7,4,38,6,WAIT_SEND,0.2768096678415934,0.0
126,660,7,4,38,6,WAIT_RECV,0.2894478148142496,0.0013190734863280928
126,660,7,4,38,6,EXECUTION,0.2894478148142496,0.020000000000000018
126,660,7,4,38,6,WAIT_SEND,0.3094478148142496,0.0
112,767,24,4,150,9,EXECUTION,0.2994605495198566,0.010000000000000009
112,767,24,4,150,9,WAIT_SEND,0.30946054951985663,0.0
155,764,14,6,85,9,EXECUTION,0.29723333333333324,0.012609627278645785
155,764,14,6,85,9,WAIT_SEND,0.309842960611979,0.0
146,775,15,5,91,9,EXECUTION,0.3008999999999999,0.010000000000000009
146,775,15,5,91,9,WAIT_SEND,0.3108999999999999,0.0
70,268,21,1,134,1,EXECUTION,0.11641907348632814,0.04527976837158203
70,268,21,1,134,1,WAIT_SEND,0.16169884185791017,0.0
70,268,21,1,134,1,WAIT_RECV,0.2348572204589842,0.0013190734863280928
70,268,21,1,134,1,EXECUTION,0.2348572204589842,0.07626906970507505
70,268,21,1,134,1,WAIT_SEND,0.31112629016405924,0.0
145,776,20,7,132,9,EXECUTION,0.3017469981108165,0.010000000000000009
145,776,20,7,132,9,WAIT_SEND,0.3117469981108165,0.0
96,388,12,0,66,0,WAIT_SEND,0.1601,0.0
96,388,12,0,66,0,WAIT_RECV,0.3117572204589842,0.06292861022949212
79,397,15,4,90,7,EXECUTION,0.16161907348632806,0.04519284744262694
79,397,15,4,90,7,WAIT_SEND,0.206811920928955,0.0
79,397,15,4,90,7,WAIT_RECV,0.26866009982073746,1.9999999999997797E-4
79,397,15,4,90,7,EXECUTION,0.26866009982073746,0.04342104731665719
79,397,15,4,90,7,WAIT_SEND,0.31208114713739465,0.0
117,778,18,6,112,9,EXECUTION,0.30218292618131265,0.010000000000000009
117,778,18,6,112,9,WAIT_SEND,0.31218292618131266,0.0
116,671,7,4,38,6,EXECUTION,0.262314038213094,0.020000000000000018
116,671,7,4,38,6,WAIT_SEND,0.28231403821309403,0.0
116,671,7,4,38,6,WAIT_RECV,0.2949521851857502,0.0013190734863280928
116,671,7,4,38,6,EXECUTION,0.2949521851857502,0.017247814814249696
116,671,7,4,38,6,WAIT_SEND,0.3121999999999999,0.0
70,266,25,0,151,0,WAIT_SEND,0.11510000000000001,0.0
70,266,25,0,151,0,WAIT_RECV,0.31244536365038733,0.0013190734863280928
144,803,39,4,232,7,EXECUTION,0.3082286102294921,0.0050000000000000044
144,803,39,4,232,7,WAIT_SEND,0.3132286102294921,0.0
156,718,3,1,6,6,EXECUTION,0.2829381469726562,0.010000000000000009
156,718,3,1,6,6,WAIT_SEND,0.2929381469726562,0.0
156,718,3,1,6,6,WAIT_RECV,0.30333814697265615,1.9999999999997797E-4
156,718,3,1,6,6,EXECUTION,0.30333814697265615,0.010000000000000009
156,718,3,1,6,6,WAIT_SEND,0.31333814697265616,0.0
141,805,39,6,234,8,EXECUTION,0.3084286102294921,0.0050000000000000044
141,805,39,6,234,8,WAIT_SEND,0.3134286102294921,0.0
138,766,39,1,229,6,EXECUTION,0.2982286102294921,0.0050000000000000044
138,766,39,1,229,6,WAIT_SEND,0.3032286102294921,0.0
138,766,39,1,229,6,WAIT_SEND,0.3032286102294921,0.0
138,766,39,1,229,6,WAIT_RECV,0.30862861022949206,1.9999999999997797E-4
138,766,39,1,229,6,WAIT_RECV,0.30862861022949206,1.9999999999997797E-4
138,766,39,1,229,6,EXECUTION,0.30862861022949206,0.0050000000000000044
138,766,39,1,229,6,WAIT_SEND,0.31362861022949207,0.0
147,785,16,7,99,9,EXECUTION,0.30365404154459624,0.010000000000000009
147,785,16,7,99,9,WAIT_SEND,0.31365404154459625,0.0
142,717,4,2,12,6,EXECUTION,0.28181907348632806,0.010000000000000009
142,717,4,2,12,6,WAIT_SEND,0.2918190734863281,0.0
142,717,4,2,12,6,WAIT_RECV,0.30445722045898427,0.0013190734863280928
142,717,4,2,12,6,EXECUTION,0.30445722045898427,0.010000000000000009
142,717,4,2,12,6,WAIT_SEND,0.3144572204589843,0.0
122,502,12,2,68,1,EXECUTION,0.20029999999999998,0.01999999999999999
122,502,12,2,68,1,WAIT_SEND,0.22029999999999997,0.0
122,502,12,2,68,1,WAIT_RECV,0.3059821751912432,0.0013190734863280928
122,502,12,2,68,1,EXECUTION,0.3059821751912432,0.010000000000000009
122,502,12,2,68,1,WAIT_SEND,0.3159821751912432,0.0
95,520,18,4,110,7,EXECUTION,0.20698811981201165,0.03291016343623032
95,520,18,4,110,7,WAIT_SEND,0.23989828324824197,0.0
95,520,18,4,110,7,WAIT_RECV,0.2706982832482419,1.9999999999997797E-4
95,520,18,4,110,7,EXECUTION,0.2706982832482419,0.04547640873806086
95,520,18,4,110,7,WAIT_SEND,0.31617469198630277,0.0
161,795,25,6,157,9,EXECUTION,0.30617629394531237,0.010000000000000009
161,795,25,6,157,9,WAIT_SEND,0.3161762939453124,0.0
122,499,12,0,66,0,WAIT_SEND,0.2001,0.0
122,499,12,0,66,0,WAIT_RECV,0.3161821751912432,1.9999999999997797E-4
154,797,26,4,163,9,EXECUTION,0.3066116410785249,0.010000000000000009
154,797,26,4,163,9,WAIT_SEND,0.3166116410785249,0.0
162,798,31,6,202,9,EXECUTION,0.3066116410785249,0.010000000000000009
162,798,31,6,202,9,WAIT_SEND,0.3166116410785249,0.0
77,291,18,1,107,1,EXECUTION,0.12529999999999997,0.04641086328294544
77,291,18,1,107,1,WAIT_SEND,0.1717108632829454,0.0
77,291,18,1,107,1,WAIT_RECV,0.27682219580178585,1.9999999999997797E-4
77,291,18,1,107,1,EXECUTION,0.27682219580178585,0.03999999999999998
77,291,18,1,107,1,WAIT_SEND,0.31682219580178583,0.0
77,288,18,0,106,0,WAIT_SEND,0.1251,0.0
77,288,18,0,106,0,WAIT_RECV,0.3170221958017858,1.9999999999997797E-4
139,788,31,7,203,9,EXECUTION,0.3047859305114745,0.012464470909118786
139,788,31,7,203,9,WAIT_SEND,0.3172504014205933,0.0
119,488,7,1,35,1,EXECUTION,0.19529999999999997,0.010000000000000009
119,488,7,1,35,1,WAIT_SEND,0.20529999999999998,0.0
119,488,7,1,35,1,WAIT_RECV,0.2979868458557127,1.9999999999997797E-4
119,488,7,1,35,1,EXECUTION,0.2979868458557127,0.020000000000000018
119,488,7,1,35,1,WAIT_SEND,0.31798684585571274,0.0
119,485,7,0,34,0,WAIT_SEND,0.1951,0.0
119,485,7,0,34,0,WAIT_RECV,0.3181868458557127,1.9999999999997797E-4
88,354,24,1,147,1,EXECUTION,0.14529999999999996,0.04427618530273436
88,354,24,1,147,1,WAIT_SEND,0.18957618530273432,0.0
88,354,24,1,147,1,WAIT_RECV,0.2840928486378985,1.9999999999997797E-4
88,354,24,1,147,1,EXECUTION,0.2840928486378985,0.03418993365859985
88,354,24,1,147,1,WAIT_SEND,0.31828278229649837,0.0
144,820,39,7,235,8,EXECUTION,0.3134286102294921,0.0050000000000000044
144,820,39,7,235,8,WAIT_SEND,0.3184286102294921,0.0
88,351,24,0,146,0,WAIT_SEND,0.14509999999999998,0.0
88,351,24,0,146,0,WAIT_RECV,0.31848278229649835,1.9999999999997797E-4
137,655,30,0,193,7,EXECUTION,0.25549999999999995,0.010000000000000009
137,655,30,0,193,7,WAIT_SEND,0.26549999999999996,0.0
137,655,30,0,193,7,WAIT_RECV,0.2985381469726561,1.9999999999997797E-4
137,655,30,0,193,7,EXECUTION,0.2985381469726561,0.020000000000000018
137,655,30,0,193,7,WAIT_SEND,0.31853814697265614,0.0
141,782,39,5,225,5,EXECUTION,0.3032286102294921,0.0050000000000000044
141,782,39,5,225,5,WAIT_SEND,0.3082286102294921,0.0
141,782,39,5,225,5,WAIT_RECV,0.31362861022949207,1.9999999999997797E-4
141,782,39,5,225,5,EXECUTION,0.31362861022949207,0.0050000000000000044
141,782,39,5,225,5,WAIT_SEND,0.31862861022949207,0.0
138,746,39,3,223,4,EXECUTION,0.2930286102294921,0.0050000000000000044
138,746,39,3,223,4,WAIT_SEND,0.2980286102294921,0.0
138,746,39,3,223,4,WAIT_RECV,0.31382861022949204,1.9999999999997797E-4
138,746,39,3,223,4,EXECUTION,0.31382861022949204,0.0050000000000000044
138,746,39,3,223,4,WAIT_SEND,0.31882861022949205,0.0
131,633,32,2,206,7,EXECUTION,0.24596688920480225,0.020000000000000018
131,633,32,2,206,7,WAIT_SEND,0.26596688920480227,0.0
131,633,32,2,206,7,WAIT_RECV,0.29900503617745844,0.0013190734863280928
131,633,32,2,206,7,EXECUTION,0.29900503617745844,0.020000000000000018
131,633,32,2,206,7,WAIT_SEND,0.31900503617745846,0.0
112,710,24,2,148,6,EXECUTION,0.2792605495198566,0.020000000000000018
112,710,24,2,148,6,WAIT_SEND,0.29926054951985664,0.0
112,710,24,2,148,6,WAIT_RECV,0.3096605495198566,1.9999999999997797E-4
112,710,24,2,148,6,EXECUTION,0.3096605495198566,0.010000000000000009
112,710,24,2,148,6,WAIT_SEND,0.3196605495198566,0.0
146,741,15,3,89,6,EXECUTION,0.2906999999999999,0.010000000000000009
146,741,15,3,89,6,WAIT_SEND,0.3006999999999999,0.0
146,741,15,3,89,6,WAIT_RECV,0.3110999999999999,1.9999999999997797E-4
146,741,15,3,89,6,EXECUTION,0.3110999999999999,0.010000000000000009
146,741,15,3,89,6,WAIT_SEND,0.3210999999999999,0.0
128,812,24,4,150,9,EXECUTION,0.3111762939453123,0.010000000000000009
128,812,24,4,150,9,WAIT_SEND,0.32117629394531233,0.0
104,424,13,0,73,0,WAIT_SEND,0.1701,0.0
104,424,13,0,73,0,WAIT_RECV,0.3217572204589842,0.06292861022949214
86,455,15,4,90,7,EXECUTION,0.18084768371582027,0.04967042465209959
86,455,15,4,90,7,WAIT_SEND,0.23051810836791986,0.0
86,455,15,4,90,7,WAIT_RECV,0.2813181083679198,1.9999999999997797E-4
86,455,15,4,90,7,EXECUTION,0.2813181083679198,0.04061476302912209
86,455,15,4,90,7,WAIT_SEND,0.3219328713970419,0.0
117,744,18,2,108,6,EXECUTION,0.29198292618131266,0.010000000000000009
117,744,18,2,108,6,WAIT_SEND,0.30198292618131267,0.0
117,744,18,2,108,6,WAIT_RECV,0.31238292618131264,1.9999999999997797E-4
117,744,18,2,108,6,EXECUTION,0.31238292618131264,0.010000000000000009
117,744,18,2,108,6,WAIT_SEND,0.32238292618131265,0.0
102,580,24,3,149,7,EXECUTION,0.22727618530273433,0.03368101277669264
102,580,24,3,149,7,WAIT_SEND,0.26095719807942697,0.0
102,580,24,3,149,7,WAIT_RECV,0.3017571980794269,1.9999999999997797E-4
102,580,24,3,149,7,EXECUTION,0.3017571980794269,0.020739874886638865
102,580,24,3,149,7,WAIT_SEND,0.3224970729660658,0.0
127,683,14,3,82,6,EXECUTION,0.2683096272786457,0.021333333333333315
127,683,14,3,82,6,WAIT_SEND,0.28964296061197903,0.0
127,683,14,3,82,6,WAIT_RECV,0.30265258789062477,1.9999999999997797E-4
127,683,14,3,82,6,EXECUTION,0.30265258789062477,0.020000000000000018
127,683,14,3,82,6,WAIT_SEND,0.3226525878906248,0.0
168,819,26,5,164,9,EXECUTION,0.3131381469726562,0.010000000000000009
168,819,26,5,164,9,WAIT_SEND,0.3231381469726562,0.0
144,804,39,6,226,5,EXECUTION,0.3082286102294921,0.0050000000000000044
144,804,39,6,226,5,WAIT_SEND,0.3132286102294921,0.0
144,804,39,6,226,5,WAIT_RECV,0.31862861022949207,1.9999999999997797E-4
144,804,39,6,226,5,EXECUTION,0.31862861022949207,0.0050000000000000044
144,804,39,6,226,5,WAIT_SEND,0.3236286102294921,0.0
141,765,39,0,220,3,EXECUTION,0.2980286102294921,0.0050000000000000044
141,765,39,0,220,3,WAIT_SEND,0.3030286102294921,0.0
141,765,39,0,220,3,WAIT_RECV,0.31882861022949205,1.9999999999997797E-4
141,765,39,0,220,3,EXECUTION,0.31882861022949205,0.0050000000000000044
141,765,39,0,220,3,WAIT_SEND,0.32382861022949205,0.0
147,749,16,3,95,6,EXECUTION,0.29345404154459626,0.010000000000000009
147,749,16,3,95,6,WAIT_SEND,0.30345404154459626,0.0
147,749,16,3,95,6,WAIT_RECV,0.31385404154459623,1.9999999999997797E-4
147,749,16,3,95,6,EXECUTION,0.31385404154459623,0.010000000000000009
147,749,16,3,95,6,WAIT_SEND,0.32385404154459624,0.0
125,514,30,1,186,1,EXECUTION,0.20529999999999998,0.010000000000000009
125,514,30,1,186,1,WAIT_SEND,0.2153,0.0
125,514,30,1,186,1,WAIT_RECV,0.26873814697265613,1.9999999999997797E-4
125,514,30,1,186,1,EXECUTION,0.26873814697265613,0.055463814697265634
125,514,30,1,186,1,WAIT_SEND,0.32420196166992177,0.0
125,513,30,0,185,0,WAIT_SEND,0.2051,0.0
125,513,30,0,185,0,WAIT_RECV,0.32440196166992175,1.9999999999997797E-4
156,693,2,3,3,7,EXECUTION,0.2716190734863281,0.010000000000000009
156,693,2,3,3,7,WAIT_SEND,0.2816190734863281,0.0
156,693,2,3,3,7,WAIT_RECV,0.31465722045898425,0.0013190734863280928
156,693,2,3,3,7,EXECUTION,0.31465722045898425,0.010000000000000009
156,693,2,3,3,7,WAIT_SEND,0.32465722045898426,0.0
142,694,4,4,14,7,EXECUTION,0.2716190734863281,0.010000000000000009
142,694,4,4,14,7,WAIT_SEND,0.2816190734863281,0.0
142,694,4,4,14,7,WAIT_RECV,0.31465722045898425,1.9999999999997797E-4
142,694,4,4,14,7,EXECUTION,0.31465722045898425,0.010000000000000009
142,694,4,4,14,7,WAIT_SEND,0.32465722045898426,0.0
143,816,31,7,203,9,EXECUTION,0.31232145960235574,0.012464470909118786
143,816,31,7,203,9,WAIT_SEND,0.32478593051147453,0.0
183,825,30,2,195,10,EXECUTION,0.31549999999999995,0.010000000000000009
183,825,30,2,195,10,WAIT_SEND,0.32549999999999996,0.0
169,826,33,4,211,9,EXECUTION,0.31549999999999995,0.010000000000000009
169,826,33,4,211,9,WAIT_SEND,0.32549999999999996,0.0
151,828,3,4,9,9,EXECUTION,0.31563814697265613,0.010000000000000009
151,828,3,4,9,9,WAIT_SEND,0.32563814697265614,0.0
155,703,14,3,82,6,EXECUTION,0.27569999999999995,0.021333333333333315
155,703,14,3,82,6,WAIT_SEND,0.29703333333333326,0.0
155,703,14,3,82,6,WAIT_RECV,0.310042960611979,1.9999999999997797E-4
155,703,14,3,82,6,EXECUTION,0.310042960611979,0.0163048136393229
155,703,14,3,82,6,WAIT_SEND,0.3263477742513019,0.0
183,829,28,4,173,9,EXECUTION,0.31661907348632806,0.010000000000000009
183,829,28,4,173,9,WAIT_SEND,0.32661907348632807,0.0
172,830,5,2,26,9,EXECUTION,0.3170190734863281,0.010000000000000009
172,830,5,2,26,9,WAIT_SEND,0.3270190734863281,0.0
139,752,31,3,199,6,EXECUTION,0.2945859305114745,0.010000000000000009
139,752,31,3,199,6,WAIT_SEND,0.30458593051147453,0.0
139,752,31,3,199,6,WAIT_RECV,0.3174504014205933,1.9999999999997797E-4
139,752,31,3,199,6,EXECUTION,0.3174504014205933,0.010000000000000009
139,752,31,3,199,6,WAIT_SEND,0.3274504014205933,0.0
161,753,19,7,120,6,EXECUTION,0.29485722045898427,0.010000000000000009
161,753,19,7,120,6,WAIT_SEND,0.3048572204589843,0.0
161,753,19,7,120,6,WAIT_RECV,0.3174953674316405,0.0013190734863280928
161,753,19,7,120,6,EXECUTION,0.3174953674316405,0.010000000000000009
161,753,19,7,120,6,WAIT_SEND,0.3274953674316405,0.0
84,337,15,2,88,1,EXECUTION,0.14029999999999998,0.01869412353515626
84,337,15,2,88,1,WAIT_SEND,0.15899412353515624,0.0
84,337,15,2,88,1,WAIT_RECV,0.30780523658328596,1.9999999999997797E-4
84,337,15,2,88,1,EXECUTION,0.30780523658328596,0.020000000000000018
84,337,15,2,88,1,WAIT_SEND,0.327805236583286,0.0
162,758,30,2,187,6,EXECUTION,0.29528303084903273,0.010000000000000009
162,758,30,2,187,6,WAIT_SEND,0.30528303084903274,0.0
162,758,30,2,187,6,WAIT_RECV,0.31794025130801706,0.0013286102294921553
162,758,30,2,187,6,EXECUTION,0.31794025130801706,0.0099978956646391
162,758,30,2,187,6,WAIT_SEND,0.32793814697265616,0.0
154,759,30,3,188,6,EXECUTION,0.29528303084903273,0.010000000000000009
154,759,30,3,188,6,WAIT_SEND,0.30528303084903274,0.0
154,759,30,3,188,6,WAIT_RECV,0.31794025130801706,0.0013286102294921553
154,759,30,3,188,6,EXECUTION,0.31794025130801706,0.010000000000000009
154,759,30,3,188,6,WAIT_SEND,0.32794025130801707,0.0
84,333,15,0,86,0,WAIT_SEND,0.1401,0.0
84,333,15,0,86,0,WAIT_RECV,0.32800523658328595,1.9999999999997797E-4
152,848,39,0,236,9,EXECUTION,0.3234286102294921,0.0050000000000000044
152,848,39,0,236,9,WAIT_SEND,0.3284286102294921,0.0
152,849,39,3,239,10,EXECUTION,0.3234286102294921,0.0050000000000000044
152,849,39,3,239,10,WAIT_SEND,0.3284286102294921,0.0
140,680,30,6,191,7,EXECUTION,0.26549999999999996,0.010000000000000009
140,680,30,6,191,7,WAIT_SEND,0.27549999999999997,0.0
140,680,30,6,191,7,WAIT_RECV,0.30853814697265614,1.9999999999997797E-4
140,680,30,6,191,7,EXECUTION,0.30853814697265614,0.020000000000000018
140,680,30,6,191,7,WAIT_SEND,0.32853814697265615,0.0
144,781,39,5,217,2,EXECUTION,0.3030286102294921,0.0050000000000000044
144,781,39,5,217,2,WAIT_SEND,0.30802861022949213,0.0
144,781,39,5,217,2,WAIT_SEND,0.30802861022949213,0.0
144,781,39,5,217,2,WAIT_RECV,0.3134286102294921,1.9999999999997797E-4
144,781,39,5,217,2,WAIT_RECV,0.32382861022949205,1.9999999999997797E-4
144,781,39,5,217,2,EXECUTION,0.32382861022949205,0.0050000000000000044
144,781,39,5,217,2,WAIT_SEND,0.32882861022949206,0.0
153,833,20,6,131,9,EXECUTION,0.3192267771480499,0.010000000000000009
153,833,20,6,131,9,WAIT_SEND,0.32922677714804993,0.0
109,451,24,0,146,0,WAIT_SEND,0.18009999999999998,0.0
109,451,24,0,146,0,WAIT_RECV,0.3317572204589842,0.06292861022949214
133,587,20,5,130,7,EXECUTION,0.23049999999999995,0.010000000000000009
133,587,20,5,130,7,WAIT_SEND,0.24049999999999996,0.0
133,587,20,5,130,7,WAIT_RECV,0.29928799244326626,1.9999999999997797E-4
133,587,20,5,130,7,EXECUTION,0.29928799244326626,0.032649845470610006
133,587,20,5,130,7,WAIT_SEND,0.33193783791387627,0.0
145,690,20,3,128,6,EXECUTION,0.27069999999999994,0.030846998110816592
145,690,20,3,128,6,WAIT_SEND,0.30154699811081653,0.0
145,690,20,3,128,6,WAIT_RECV,0.3119469981108165,1.9999999999997797E-4
145,690,20,3,128,6,EXECUTION,0.3119469981108165,0.020000000000000018
145,690,20,3,128,6,WAIT_SEND,0.3319469981108165,0.0
149,845,28,5,174,9,EXECUTION,0.322019073486328,0.010000000000000009
149,845,28,5,174,9,WAIT_SEND,0.33201907348632803,0.0
128,768,19,6,119,6,EXECUTION,0.2998572204589842,0.010000000000000009
128,768,19,6,119,6,WAIT_SEND,0.30985722045898423,0.0
128,768,19,6,119,6,WAIT_RECV,0.3224953674316404,0.0013190734863280928
128,768,19,6,119,6,EXECUTION,0.3224953674316404,0.010000000000000009
128,768,19,6,119,6,WAIT_SEND,0.33249536743164043,0.0
103,594,20,4,129,7,EXECUTION,0.2325393371117001,0.010000000000000009
103,594,20,4,129,7,WAIT_SEND,0.24253933711170012,0.0
103,594,20,4,129,7,WAIT_RECV,0.30418633522251665,1.9999999999997797E-4
103,594,20,4,129,7,EXECUTION,0.30418633522251665,0.028774094124930205
103,594,20,4,129,7,WAIT_SEND,0.33296042934744685,0.0
136,847,3,3,8,9,EXECUTION,0.3233014631398517,0.010000000000000009
136,847,3,3,8,9,WAIT_SEND,0.3333014631398517,0.0
152,831,39,7,227,6,EXECUTION,0.3182286102294921,0.0050000000000000044
152,831,39,7,227,6,WAIT_SEND,0.3232286102294921,0.0
152,831,39,7,227,6,WAIT_SEND,0.3232286102294921,0.0
152,831,39,7,227,6,WAIT_RECV,0.3286286102294921,1.9999999999997797E-4
152,831,39,7,227,6,WAIT_RECV,0.3286286102294921,1.9999999999997797E-4
152,831,39,7,227,6,EXECUTION,0.3286286102294921,0.0050000000000000044
152,831,39,7,227,6,WAIT_SEND,0.3336286102294921,0.0
168,780,26,1,160,6,EXECUTION,0.3029381469726562,0.010000000000000009
168,780,26,1,160,6,WAIT_SEND,0.3129381469726562,0.0
168,780,26,1,160,6,WAIT_RECV,0.32333814697265617,1.9999999999997797E-4
168,780,26,1,160,6,EXECUTION,0.32333814697265617,0.01040000000000002
168,780,26,1,160,6,WAIT_SEND,0.3337381469726562,0.0
147,719,16,5,97,7,EXECUTION,0.28325404154459627,0.010000000000000009
147,719,16,5,97,7,WAIT_SEND,0.2932540415445963,0.0
147,719,16,5,97,7,WAIT_RECV,0.3240540415445962,1.9999999999997797E-4
147,719,16,5,97,7,EXECUTION,0.3240540415445962,0.010000000000000009
147,719,16,5,97,7,WAIT_SEND,0.3340540415445962,0.0
169,794,33,1,208,6,EXECUTION,0.30529999999999996,0.010000000000000009
169,794,33,1,208,6,WAIT_SEND,0.31529999999999997,0.0
169,794,33,1,208,6,WAIT_RECV,0.32569999999999993,1.9999999999997797E-4
169,794,33,1,208,6,EXECUTION,0.32569999999999993,0.010000000000000009
169,794,33,1,208,6,WAIT_SEND,0.33569999999999994,0.0
155,679,14,5,84,7,EXECUTION,0.26549999999999996,0.010000000000000009
155,679,14,5,84,7,WAIT_SEND,0.27549999999999997,0.0
155,679,14,5,84,7,WAIT_RECV,0.3265477742513019,1.9999999999997797E-4
155,679,14,5,84,7,EXECUTION,0.3265477742513019,0.010000000000000009
155,679,14,5,84,7,WAIT_SEND,0.3365477742513019,0.0
143,777,31,2,198,6,EXECUTION,0.30212145960235576,0.010000000000000009
143,777,31,2,198,6,WAIT_SEND,0.31212145960235577,0.0
143,777,31,2,198,6,WAIT_RECV,0.3249859305114745,1.9999999999997797E-4
143,777,31,2,198,6,EXECUTION,0.3249859305114745,0.01193366020965575
143,777,31,2,198,6,WAIT_SEND,0.33691959072113026,0.0
151,787,8,4,44,6,EXECUTION,0.30431907348632803,0.010000000000000009
151,787,8,4,44,6,WAIT_SEND,0.31431907348632804,0.0
151,787,8,4,44,6,WAIT_RECV,0.32695722045898423,0.0013190734863280928
151,787,8,4,44,6,EXECUTION,0.32695722045898423,0.010000000000000009
151,787,8,4,44,6,WAIT_SEND,0.33695722045898424,0.0
172,800,5,4,20,6,EXECUTION,0.3068190734863281,0.010000000000000009
172,800,5,4,20,6,WAIT_SEND,0.3168190734863281,0.0
172,800,5,4,20,6,WAIT_RECV,0.32721907348632806,1.9999999999997797E-4
172,800,5,4,20,6,EXECUTION,0.32721907348632806,0.010000000000000009
172,800,5,4,20,6,WAIT_SEND,0.33721907348632807,0.0
183,793,30,4,189,6,EXECUTION,0.30529999999999996,0.010000000000000009
183,793,30,4,189,6,WAIT_SEND,0.31529999999999997,0.0
183,793,30,4,189,6,WAIT_SEND,0.31529999999999997,0.0
183,793,30,4,189,6,WAIT_RECV,0.32569999999999993,1.9999999999997797E-4
183,793,30,4,189,6,WAIT_RECV,0.32793814697265616,0.0013190734863280928
183,793,30,4,189,6,EXECUTION,0.32793814697265616,0.010000000000000009
183,793,30,4,189,6,WAIT_SEND,0.3379381469726562,0.0
183,791,30,0,185,0,WAIT_SEND,0.3051,0.0
183,791,30,0,185,0,WAIT_RECV,0.33813814697265615,1.9999999999997797E-4
152,818,39,1,221,4,EXECUTION,0.31302861022949213,0.0050000000000000044
152,818,39,1,221,4,WAIT_SEND,0.31802861022949214,0.0
152,818,39,1,221,4,WAIT_RECV,0.33382861022949206,1.9999999999997797E-4
152,818,39,1,221,4,EXECUTION,0.33382861022949206,0.0050000000000000044
152,818,39,1,221,4,WAIT_SEND,0.33882861022949207,0.0
163,861,10,0,61,9,EXECUTION,0.3288941187540688,0.010000000000000009
163,861,10,0,61,9,WAIT_SEND,0.33889411875406883,0.0
161,701,19,1,122,7,EXECUTION,0.27549999999999997,0.019157220458984325
161,701,19,1,122,7,WAIT_SEND,0.2946572204589843,0.0
161,701,19,1,122,7,WAIT_RECV,0.32769536743164046,1.9999999999997797E-4
161,701,19,1,122,7,EXECUTION,0.32769536743164046,0.012195367431640514
161,701,19,1,122,7,WAIT_SEND,0.339890734863281,0.0
112,631,24,3,149,7,EXECUTION,0.24537953674316398,0.033681012776692665
112,631,24,3,149,7,WAIT_SEND,0.27906054951985665,0.0
112,631,24,3,149,7,WAIT_RECV,0.3198605495198566,1.9999999999997797E-4
112,631,24,3,149,7,EXECUTION,0.3198605495198566,0.020739874886638865
112,631,24,3,149,7,WAIT_SEND,0.34060042440649546,0.0
182,869,16,6,98,9,EXECUTION,0.3308999999999999,0.010000000000000009
182,869,16,6,98,9,WAIT_SEND,0.3408999999999999,0.0
134,870,18,5,111,9,EXECUTION,0.33119204371792105,0.010000000000000009
134,870,18,5,111,9,WAIT_SEND,0.34119204371792106,0.0
175,871,3,4,9,9,EXECUTION,0.33201907348632803,0.010000000000000009
175,871,3,4,9,9,WAIT_SEND,0.34201907348632804,0.0
128,732,19,0,121,7,EXECUTION,0.28908279574877616,0.010574424710208086
128,732,19,0,121,7,WAIT_SEND,0.29965722045898424,0.0
128,732,19,0,121,7,WAIT_RECV,0.3326953674316404,1.9999999999997797E-4
128,732,19,0,121,7,EXECUTION,0.3326953674316404,0.010000000000000009
128,732,19,0,121,7,WAIT_SEND,0.3426953674316404,0.0
102,428,24,1,147,1,EXECUTION,0.17029999999999998,0.05677618530273437
102,428,24,1,147,1,WAIT_SEND,0.22707618530273435,0.0
102,428,24,1,147,1,WAIT_RECV,0.32269707296606576,1.9999999999997797E-4
102,428,24,1,147,1,EXECUTION,0.32269707296606576,0.020000000000000018
102,428,24,1,147,1,WAIT_SEND,0.3426970729660658,0.0
193,872,30,1,194,8,EXECUTION,0.33274768371582025,0.010000000000000009
193,872,30,1,194,8,WAIT_SEND,0.34274768371582026,0.0
102,426,24,0,146,0,WAIT_SEND,0.1701,0.0
102,426,24,0,146,0,WAIT_RECV,0.34289707296606575,1.9999999999997797E-4
149,811,30,5,190,6,EXECUTION,0.3106999999999999,0.010000000000000009
149,811,30,5,190,6,WAIT_SEND,0.32069999999999993,0.0
149,811,30,5,190,6,WAIT_RECV,0.3333381469726561,0.0013190734863280928
149,811,30,5,190,6,EXECUTION,0.3333381469726561,0.010000000000000009
149,811,30,5,190,6,WAIT_SEND,0.34333814697265613,0.0
136,815,7,3,37,6,EXECUTION,0.3119823896535236,0.010000000000000009
136,815,7,3,37,6,WAIT_SEND,0.3219823896535236,0.0
136,815,7,3,37,6,WAIT_RECV,0.3346205366261798,0.0013190734863280928
136,815,7,3,37,6,EXECUTION,0.3346205366261798,0.010000000000000009
136,815,7,3,37,6,WAIT_SEND,0.3446205366261798,0.0
168,745,26,3,162,7,EXECUTION,0.2927381469726562,0.010000000000000009
168,745,26,3,162,7,WAIT_SEND,0.3027381469726562,0.0
168,745,26,3,162,7,WAIT_RECV,0.33393814697265617,1.9999999999997797E-4
168,745,26,3,162,7,EXECUTION,0.33393814697265617,0.011190463256835925
168,745,26,3,162,7,WAIT_SEND,0.3451286102294921,0.0
115,560,7,5,39,7,EXECUTION,0.22163814697265619,0.04047589124043785
115,560,7,5,39,7,WAIT_SEND,0.26211403821309404,0.0
115,560,7,5,39,7,WAIT_RECV,0.2951521851857502,1.9999999999997797E-4
115,560,7,5,39,7,EXECUTION,0.2951521851857502,0.05043911011166041
115,560,7,5,39,7,WAIT_SEND,0.3455912952974106,0.0
169,754,33,2,209,7,EXECUTION,0.2951,0.010000000000000009
169,754,33,2,209,7,WAIT_SEND,0.3051,0.0
169,754,33,2,209,7,WAIT_RECV,0.3358999999999999,1.9999999999997797E-4
169,754,33,2,209,7,EXECUTION,0.3358999999999999,0.010000000000000009
169,754,33,2,209,7,WAIT_SEND,0.34589999999999993,0.0
95,380,18,1,107,1,EXECUTION,0.15641907348632808,0.05036904632568359
95,380,18,1,107,1,WAIT_SEND,0.20678811981201167,0.0
95,380,18,1,107,1,WAIT_RECV,0.31637469198630275,1.9999999999997797E-4
95,380,18,1,107,1,EXECUTION,0.31637469198630275,0.03011187595387077
95,380,18,1,107,1,WAIT_SEND,0.3464865679401735,0.0
155,653,14,2,81,1,EXECUTION,0.25529999999999997,0.010000000000000009
155,653,14,2,81,1,WAIT_SEND,0.2653,0.0
155,653,14,2,81,1,WAIT_RECV,0.33674777425130187,1.9999999999997797E-4
155,653,14,2,81,1,EXECUTION,0.33674777425130187,0.010000000000000009
155,653,14,2,81,1,WAIT_SEND,0.3467477742513019,0.0
155,650,14,0,79,0,WAIT_SEND,0.2551,0.0
155,650,14,0,79,0,WAIT_RECV,0.34694777425130185,1.9999999999997797E-4
156,668,2,1,1,1,EXECUTION,0.2614190734863281,0.010000000000000009
156,668,2,1,1,1,WAIT_SEND,0.2714190734863281,0.0
156,668,2,1,1,1,WAIT_RECV,0.32485722045898424,1.9999999999997797E-4
156,668,2,1,1,1,EXECUTION,0.32485722045898424,0.022278610229492124
156,668,2,1,1,1,WAIT_SEND,0.34713583068847637,0.0
172,763,5,0,24,7,EXECUTION,0.2966190734863281,0.010000000000000009
172,763,5,0,24,7,WAIT_SEND,0.3066190734863281,0.0
172,763,5,0,24,7,WAIT_RECV,0.33741907348632805,1.9999999999997797E-4
172,763,5,0,24,7,EXECUTION,0.33741907348632805,0.010000000000000009
172,763,5,0,24,7,WAIT_SEND,0.34741907348632806,0.0
95,376,23,0,139,0,WAIT_SEND,0.1551,0.0
95,376,23,0,139,0,WAIT_RECV,0.3478056414265016,0.0013190734863280928
162,723,30,7,192,7,EXECUTION,0.2850667572021483,0.010000000000000009
162,723,30,7,192,7,WAIT_SEND,0.2950667572021483,0.0
162,723,30,7,192,7,WAIT_RECV,0.32813814697265614,1.9999999999997797E-4
162,723,30,7,192,7,EXECUTION,0.32813814697265614,0.020000000000000018
162,723,30,7,192,7,WAIT_SEND,0.34813814697265616,0.0
167,900,39,2,230,7,EXECUTION,0.34322861022949214,0.0050000000000000044
167,900,39,2,230,7,WAIT_SEND,0.34822861022949214,0.0
156,662,3,0,5,0,WAIT_SEND,0.2601,0.0
156,662,3,0,5,0,WAIT_RECV,0.34845490417480446,0.0013190734863280928
176,887,31,6,202,9,EXECUTION,0.3384599880963277,0.010000000000000009
176,887,31,6,202,9,WAIT_SEND,0.3484599880963277,0.0
151,751,8,6,46,7,EXECUTION,0.29411907348632804,0.010000000000000009
151,751,8,6,46,7,WAIT_SEND,0.30411907348632805,0.0
151,751,8,6,46,7,WAIT_RECV,0.3371572204589842,1.9999999999997797E-4
151,751,8,6,46,7,EXECUTION,0.3371572204589842,0.011657220458984263
151,751,8,6,46,7,WAIT_SEND,0.3488144409179685,0.0
163,832,10,3,56,6,EXECUTION,0.31869411875406883,0.010000000000000009
163,832,10,3,56,6,WAIT_SEND,0.32869411875406884,0.0
163,832,10,3,56,6,WAIT_RECV,0.3390941187540688,1.9999999999997797E-4
163,832,10,3,56,6,EXECUTION,0.3390941187540688,0.010000000000000009
163,832,10,3,56,6,WAIT_SEND,0.3490941187540688,0.0
164,888,15,5,91,9,EXECUTION,0.339219290121102,0.010000000000000009
164,888,15,5,91,9,WAIT_SEND,0.34921929012110203,0.0
179,889,28,4,173,9,EXECUTION,0.33925722045898427,0.010000000000000009
179,889,28,4,173,9,WAIT_SEND,0.3492572204589843,0.0
161,677,19,2,115,1,EXECUTION,0.2653,0.010000000000000009
161,677,19,2,115,1,WAIT_SEND,0.2753,0.0
161,677,19,2,115,1,WAIT_RECV,0.34009073486328095,1.9999999999997797E-4
161,677,19,2,115,1,EXECUTION,0.34009073486328095,0.010000000000000009
161,677,19,2,115,1,WAIT_SEND,0.35009073486328096,0.0
124,893,18,6,112,9,EXECUTION,0.34017014472316803,0.010000000000000009
124,893,18,6,112,9,WAIT_SEND,0.35017014472316804,0.0
161,674,19,0,113,0,WAIT_SEND,0.2651,0.0
161,674,19,0,113,0,WAIT_RECV,0.35029073486328094,1.9999999999997797E-4
153,760,20,3,128,6,EXECUTION,0.29569999999999996,0.023326777148049982
153,760,20,3,128,6,WAIT_SEND,0.31902677714804994,0.0
153,760,20,3,128,6,WAIT_RECV,0.3294267771480499,1.9999999999997797E-4
153,760,20,3,128,6,EXECUTION,0.3294267771480499,0.021148684723384825
153,760,20,3,128,6,WAIT_SEND,0.35057546187143473,0.0
182,840,16,2,94,6,EXECUTION,0.32069999999999993,0.010000000000000009
182,840,16,2,94,6,WAIT_SEND,0.33069999999999994,0.0
182,840,16,2,94,6,WAIT_RECV,0.3410999999999999,1.9999999999997797E-4
182,840,16,2,94,6,EXECUTION,0.3410999999999999,0.010000000000000009
182,840,16,2,94,6,WAIT_SEND,0.3510999999999999,0.0
154,684,32,2,206,7,EXECUTION,0.2700572204589842,0.023906736903720416
154,684,32,2,206,7,WAIT_SEND,0.29396395736270464,0.0
154,684,32,2,206,7,WAIT_RECV,0.32925932479434517,0.0013190734863280928
154,684,32,2,206,7,EXECUTION,0.32925932479434517,0.021966946739620574
154,684,32,2,206,7,WAIT_SEND,0.35122627153396574,0.0
146,644,15,4,90,7,EXECUTION,0.25049999999999994,0.03999999999999998
146,644,15,4,90,7,WAIT_SEND,0.2904999999999999,0.0
146,644,15,4,90,7,WAIT_RECV,0.32129999999999986,1.9999999999997797E-4
146,644,15,4,90,7,EXECUTION,0.32129999999999986,0.030158217849260538
146,644,15,4,90,7,WAIT_SEND,0.3514582178492604,0.0
112,466,24,1,147,1,EXECUTION,0.18641907348632808,0.058760463256835926
112,466,24,1,147,1,WAIT_SEND,0.245179536743164,0.0
112,466,24,1,147,1,WAIT_RECV,0.34080042440649544,1.9999999999997797E-4
112,466,24,1,147,1,EXECUTION,0.34080042440649544,0.010948324279785149
112,466,24,1,147,1,WAIT_SEND,0.3517487486862806,0.0
127,620,11,2,64,7,EXECUTION,0.24220481363932286,0.024785740152994756
127,620,11,2,64,7,WAIT_SEND,0.2669905537923176,0.0
127,620,11,2,64,7,WAIT_RECV,0.3239716613769529,0.0013190734863280928
127,620,11,2,64,7,EXECUTION,0.3239716613769529,0.02867629394531246
127,620,11,2,64,7,WAIT_SEND,0.35264795532226534,0.0
112,460,25,0,151,0,WAIT_SEND,0.1851,0.0
112,460,25,0,151,0,WAIT_RECV,0.3530678221726087,0.0013190734863280928
167,920,39,5,233,8,EXECUTION,0.3484286102294921,0.0050000000000000044
167,920,39,5,233,8,WAIT_SEND,0.3534286102294921,0.0
188,902,26,4,163,9,EXECUTION,0.34353814697265617,0.010000000000000009
188,902,26,4,163,9,WAIT_SEND,0.3535381469726562,0.0
193,842,27,1,166,5,EXECUTION,0.32142861022949215,0.010000000000000009
193,842,27,1,166,5,WAIT_SEND,0.33142861022949216,0.0
193,842,27,1,166,5,WAIT_RECV,0.34406675720214835,0.0013190734863280928
193,842,27,1,166,5,EXECUTION,0.34406675720214835,0.010000000000000009
193,842,27,1,166,5,WAIT_SEND,0.35406675720214836,0.0
150,906,31,7,203,9,EXECUTION,0.3451859305114745,0.010000000000000009
150,906,31,7,203,9,WAIT_SEND,0.3551859305114745,0.0
193,836,33,0,207,0,WAIT_SEND,0.3201,0.0
193,836,33,0,207,0,WAIT_RECV,0.35538583068847646,0.0013190734863280928
134,841,18,3,109,6,EXECUTION,0.32099204371792106,0.010000000000000009
134,841,18,3,109,6,WAIT_SEND,0.33099204371792107,0.0
134,841,18,3,109,6,WAIT_RECV,0.34139204371792103,1.9999999999997797E-4
134,841,18,3,109,6,EXECUTION,0.34139204371792103,0.014690868721639605
134,841,18,3,109,6,WAIT_SEND,0.35608291243956064,0.0
126,556,7,5,39,7,EXECUTION,0.22049999999999995,0.03886185302734377
126,556,7,5,39,7,WAIT_SEND,0.2593618530273437,0.0
126,556,7,5,39,7,WAIT_RECV,0.3096478148142496,1.9999999999997797E-4
126,556,7,5,39,7,EXECUTION,0.3096478148142496,0.04718869609663223
126,556,7,5,39,7,WAIT_SEND,0.3568365109108818,0.0
143,743,31,4,200,7,EXECUTION,0.29192145960235577,0.010000000000000009
143,743,31,4,200,7,WAIT_SEND,0.3019214596023558,0.0
143,743,31,4,200,7,WAIT_RECV,0.33711959072113024,1.9999999999997797E-4
143,743,31,4,200,7,EXECUTION,0.33711959072113024,0.020000000000000018
143,743,31,4,200,7,WAIT_SEND,0.35711959072113025,0.0
169,715,29,1,176,1,EXECUTION,0.2803,0.013447683715820169
169,715,29,1,176,1,WAIT_SEND,0.29374768371582016,0.0
169,715,29,1,176,1,WAIT_RECV,0.347219073486328,0.0013190734863280928
169,715,29,1,176,1,EXECUTION,0.347219073486328,0.010000000000000009
169,715,29,1,176,1,WAIT_SEND,0.35721907348632803,0.0
169,712,29,0,175,0,WAIT_SEND,0.2801,0.0
169,712,29,0,175,0,WAIT_RECV,0.357419073486328,1.9999999999997797E-4
139,721,31,5,201,7,EXECUTION,0.28438593051147454,0.010000000000000009
139,721,31,5,201,7,WAIT_SEND,0.29438593051147455,0.0
139,721,31,5,201,7,WAIT_RECV,0.32765040142059326,1.9999999999997797E-4
139,721,31,5,201,7,EXECUTION,0.32765040142059326,0.029884724519820494
139,721,31,5,201,7,WAIT_SEND,0.35753512594041376,0.0
175,844,3,1,6,6,EXECUTION,0.32181907348632804,0.010000000000000009
175,844,3,1,6,6,WAIT_SEND,0.33181907348632805,0.0
175,844,3,1,6,6,WAIT_RECV,0.342219073486328,1.9999999999997797E-4
175,844,3,1,6,6,EXECUTION,0.342219073486328,0.01539999999999997
175,844,3,1,6,6,WAIT_SEND,0.357619073486328,0.0
172,730,5,2,18,1,EXECUTION,0.2864190734863281,0.010000000000000009
172,730,5,2,18,1,WAIT_SEND,0.2964190734863281,0.0
172,730,5,2,18,1,WAIT_RECV,0.34761907348632803,1.9999999999997797E-4
172,730,5,2,18,1,EXECUTION,0.34761907348632803,0.010000000000000009
172,730,5,2,18,1,WAIT_SEND,0.35761907348632804,0.0
201,917,13,4,77,8,EXECUTION,0.3477381469726562,0.010000000000000009
201,917,13,4,77,8,WAIT_SEND,0.3577381469726562,0.0
116,561,7,5,39,7,EXECUTION,0.22163814697265619,0.04047589124043785
116,561,7,5,39,7,WAIT_SEND,0.26211403821309404,0.0
116,561,7,5,39,7,WAIT_RECV,0.3123999999999999,1.9999999999997797E-4
116,561,7,5,39,7,EXECUTION,0.3123999999999999,0.04608782202233208
116,561,7,5,39,7,WAIT_SEND,0.358487822022332,0.0
167,901,39,4,224,5,EXECUTION,0.34322861022949214,0.0050000000000000044
167,901,39,4,224,5,WAIT_SEND,0.34822861022949214,0.0
167,901,39,4,224,5,WAIT_RECV,0.3536286102294921,1.9999999999997797E-4
167,901,39,4,224,5,EXECUTION,0.3536286102294921,0.0050000000000000044
167,901,39,4,224,5,WAIT_SEND,0.3586286102294921,0.0
172,724,3,0,5,0,WAIT_SEND,0.2851,0.0
172,724,3,0,5,0,WAIT_RECV,0.35893814697265614,0.0013190734863280928
160,921,9,4,51,9,EXECUTION,0.34906688112894685,0.010000000000000009
160,921,9,4,51,9,WAIT_SEND,0.35906688112894686,0.0
176,860,31,3,199,6,EXECUTION,0.3282599880963277,0.010000000000000009
176,860,31,3,199,6,WAIT_SEND,0.33825998809632774,0.0
176,860,31,3,199,6,WAIT_RECV,0.3486599880963277,1.9999999999997797E-4
176,860,31,3,199,6,EXECUTION,0.3486599880963277,0.010694311195554917
176,860,31,3,199,6,WAIT_SEND,0.3593542992918826,0.0
162,692,29,4,179,1,EXECUTION,0.2714190734863281,0.01232861022949211
162,692,29,4,179,1,WAIT_SEND,0.2837476837158202,0.0
162,692,29,4,179,1,WAIT_RECV,0.34945722045898425,0.0013190734863280928
162,692,29,4,179,1,EXECUTION,0.34945722045898425,0.010000000000000009
162,692,29,4,179,1,WAIT_SEND,0.35945722045898426,0.0
149,739,30,0,193,7,EXECUTION,0.2904999999999999,0.020000000000000018
149,739,30,0,193,7,WAIT_SEND,0.31049999999999994,0.0
149,739,30,0,193,7,WAIT_RECV,0.3435381469726561,1.9999999999997797E-4
149,739,30,0,193,7,EXECUTION,0.3435381469726561,0.016455258789062455
149,739,30,0,193,7,WAIT_SEND,0.35999340576171857,0.0
131,538,32,1,205,1,EXECUTION,0.21529999999999996,0.03046688920480231
131,538,32,1,205,1,WAIT_SEND,0.24576688920480227,0.0
131,538,32,1,205,1,WAIT_RECV,0.31920503617745843,1.9999999999997797E-4
131,538,32,1,205,1,EXECUTION,0.31920503617745843,0.040821657576384285
131,538,32,1,205,1,WAIT_SEND,0.3600266937538427,0.0
131,536,32,0,204,0,WAIT_SEND,0.21509999999999999,0.0
131,536,32,0,204,0,WAIT_RECV,0.3602266937538427,1.9999999999997797E-4
124,863,18,2,108,6,EXECUTION,0.32997014472316805,0.010000000000000009
124,863,18,2,108,6,WAIT_SEND,0.33997014472316806,0.0
124,863,18,2,108,6,WAIT_RECV,0.350370144723168,1.9999999999997797E-4
124,863,18,2,108,6,EXECUTION,0.350370144723168,0.010000000000000009
124,863,18,2,108,6,WAIT_SEND,0.36037014472316803,0.0
179,859,30,2,187,6,EXECUTION,0.32793814697265616,0.010000000000000009
179,859,30,2,187,6,WAIT_SEND,0.3379381469726562,0.0
179,859,30,2,187,6,WAIT_RECV,0.35057629394531237,0.0013190734863280928
179,859,30,2,187,6,EXECUTION,0.35057629394531237,0.010000000000000009
179,859,30,2,187,6,WAIT_SEND,0.3605762939453124,0.0
162,687,27,0,165,0,WAIT_SEND,0.2701,0.0
162,687,27,0,165,0,WAIT_RECV,0.36077629394531235,0.0013190734863280928
148,929,24,4,150,9,EXECUTION,0.3512088737996417,0.010000000000000009
148,929,24,4,150,9,WAIT_SEND,0.3612088737996417,0.0
182,810,16,4,96,7,EXECUTION,0.31049999999999994,0.010000000000000009
182,810,16,4,96,7,WAIT_SEND,0.32049999999999995,0.0
182,810,16,4,96,7,WAIT_RECV,0.3512999999999999,1.9999999999997797E-4
182,810,16,4,96,7,EXECUTION,0.3512999999999999,0.010000000000000009
182,810,16,4,96,7,WAIT_SEND,0.3612999999999999,0.0
82,322,21,1,134,1,EXECUTION,0.13529999999999998,0.05299999999999999
82,322,21,1,134,1,WAIT_SEND,0.18829999999999997,0.0
82,322,21,1,134,1,WAIT_RECV,0.2998577082666724,0.0013190734863280928
82,322,21,1,134,1,EXECUTION,0.2998577082666724,0.061609797413912426
82,322,21,1,134,1,WAIT_SEND,0.36146750568058483,0.0
82,319,21,0,133,0,WAIT_SEND,0.1351,0.0
82,319,21,0,133,0,WAIT_RECV,0.3616675056805848,1.9999999999997797E-4
159,932,26,5,164,9,EXECUTION,0.3517952587890624,0.010000000000000009
159,932,26,5,164,9,WAIT_SEND,0.36179525878906243,0.0
97,392,31,1,197,1,EXECUTION,0.16029999999999997,0.049724710464477545
97,392,31,1,197,1,WAIT_SEND,0.21002471046447752,0.0
97,392,31,1,197,1,WAIT_RECV,0.2859494209289549,1.9999999999997797E-4
97,392,31,1,197,1,EXECUTION,0.2859494209289549,0.07598912026541571
97,392,31,1,197,1,WAIT_SEND,0.36193854119437063,0.0
97,390,31,0,196,0,WAIT_SEND,0.1601,0.0
97,390,31,0,196,0,WAIT_RECV,0.3621385411943706,1.9999999999997797E-4
133,553,20,1,126,1,EXECUTION,0.22029999999999997,0.010000000000000009
133,553,20,1,126,1,WAIT_SEND,0.23029999999999998,0.0
133,553,20,1,126,1,WAIT_RECV,0.3321469981108165,2.0916019694022792E-4
133,553,20,1,126,1,EXECUTION,0.3321469981108165,0.030000000000000027
133,553,20,1,126,1,WAIT_SEND,0.3621469981108165,0.0
145,645,20,5,130,7,EXECUTION,0.25049999999999994,0.020000000000000018
145,645,20,5,130,7,WAIT_SEND,0.27049999999999996,0.0
145,645,20,5,130,7,WAIT_RECV,0.3321469981108165,1.9999999999997797E-4
145,645,20,5,130,7,EXECUTION,0.3321469981108165,0.030000000000000027
145,645,20,5,130,7,WAIT_SEND,0.3621469981108165,0.0
133,550,20,0,125,0,WAIT_SEND,0.2201,0.0
133,550,20,0,125,0,WAIT_RECV,0.3623469981108165,1.9999999999997797E-4
117,637,18,4,110,7,EXECUTION,0.2500760384105635,0.04170688777074921
117,637,18,4,110,7,WAIT_SEND,0.2917829261813127,0.0
117,637,18,4,110,7,WAIT_RECV,0.3225829261813126,1.9999999999997797E-4
117,637,18,4,110,7,EXECUTION,0.3225829261813126,0.03999999999999998
117,637,18,4,110,7,WAIT_SEND,0.3625829261813126,0.0
79,301,17,1,101,1,EXECUTION,0.13029999999999997,0.03
79,301,17,1,101,1,WAIT_SEND,0.16029999999999997,0.0
79,301,17,1,101,1,WAIT_RECV,0.31340022062372275,0.0013190734863280928
79,301,17,1,101,1,EXECUTION,0.31340022062372275,0.04971438826596297
79,301,17,1,101,1,WAIT_SEND,0.3631146088896857,0.0
79,297,17,0,100,0,WAIT_SEND,0.1301,0.0
79,297,17,0,100,0,WAIT_RECV,0.3633146088896857,1.9999999999997797E-4
167,886,39,3,215,2,EXECUTION,0.33802861022949215,0.0050000000000000044
167,886,39,3,215,2,WAIT_SEND,0.34302861022949216,0.0
167,886,39,3,215,2,WAIT_SEND,0.34302861022949216,0.0
167,886,39,3,215,2,WAIT_RECV,0.3484286102294921,1.9999999999997797E-4
167,886,39,3,215,2,WAIT_RECV,0.3588286102294921,1.9999999999997797E-4
167,886,39,3,215,2,EXECUTION,0.3588286102294921,0.0050000000000000044
167,886,39,3,215,2,WAIT_SEND,0.3638286102294921,0.0
150,874,31,2,198,6,EXECUTION,0.3330522703018188,0.01193366020965575
150,874,31,2,198,6,WAIT_SEND,0.3449859305114745,0.0
150,874,31,2,198,6,WAIT_RECV,0.3553859305114745,1.9999999999997797E-4
150,874,31,2,198,6,EXECUTION,0.3553859305114745,0.010000000000000009
150,874,31,2,198,6,WAIT_SEND,0.3653859305114745,0.0
168,716,28,3,172,1,EXECUTION,0.2814190734863281,0.010000000000000009
168,716,28,3,172,1,WAIT_SEND,0.2914190734863281,0.0
168,716,28,3,172,1,WAIT_RECV,0.34645722045898425,0.0013286102294921553
168,716,28,3,172,1,EXECUTION,0.34645722045898425,0.020000000000000018
168,716,28,3,172,1,WAIT_SEND,0.36645722045898427,0.0
168,713,33,0,207,0,WAIT_SEND,0.2801,0.0
168,713,33,0,207,0,WAIT_RECV,0.36777629394531236,0.0013190734863280928
164,862,15,3,89,6,EXECUTION,0.32901929012110204,0.010000000000000009
164,862,15,3,89,6,WAIT_SEND,0.33901929012110205,0.0
164,862,15,3,89,6,WAIT_RECV,0.349419290121102,1.9999999999997797E-4
164,862,15,3,89,6,EXECUTION,0.349419290121102,0.01836107227184164
164,862,15,3,89,6,WAIT_SEND,0.36778036239294365,0.0
100,409,31,1,197,1,EXECUTION,0.16529999999999997,0.05000000000000002
100,409,31,1,197,1,WAIT_SEND,0.2153,0.0
100,409,31,1,197,1,WAIT_RECV,0.2912247104644774,1.9999999999997797E-4
100,409,31,1,197,1,EXECUTION,0.2912247104644774,0.07674273305620466
100,409,31,1,197,1,WAIT_SEND,0.36796744352068206,0.0
100,406,31,0,196,0,WAIT_SEND,0.1651,0.0
100,406,31,0,196,0,WAIT_RECV,0.36816744352068204,1.9999999999997797E-4
175,809,2,2,2,7,EXECUTION,0.31049999999999994,0.010000000000000009
175,809,2,2,2,7,WAIT_SEND,0.32049999999999995,0.0
175,809,2,2,2,7,WAIT_RECV,0.35893814697265614,0.0013190734863281484
175,809,2,2,2,7,EXECUTION,0.35893814697265614,0.010000000000000009
175,809,2,2,2,7,WAIT_SEND,0.36893814697265614,0.0
201,882,17,2,102,5,EXECUTION,0.3364190734863281,0.010000000000000009
201,882,17,2,102,5,WAIT_SEND,0.3464190734863281,0.0
201,882,17,2,102,5,WAIT_RECV,0.3590572204589843,0.0013190734863280928
201,882,17,2,102,5,EXECUTION,0.3590572204589843,0.010000000000000009
201,882,17,2,102,5,WAIT_SEND,0.3690572204589843,0.0
181,947,33,3,210,9,EXECUTION,0.35928925207455903,0.010000000000000009
181,947,33,3,210,9,WAIT_SEND,0.36928925207455904,0.0
201,877,14,0,79,0,WAIT_SEND,0.3351,0.0
201,877,14,0,79,0,WAIT_RECV,0.3703762939453124,0.0013190734863280928
160,885,7,4,38,6,EXECUTION,0.33774780764261875,0.010000000000000009
160,885,7,4,38,6,WAIT_SEND,0.34774780764261876,0.0
160,885,7,4,38,6,WAIT_RECV,0.36038595461527495,0.0013190734863280928
160,885,7,4,38,6,EXECUTION,0.36038595461527495,0.010000000000000009
160,885,7,4,38,6,WAIT_SEND,0.37038595461527496,0.0
153,702,20,4,129,7,EXECUTION,0.27549999999999997,0.020000000000000018
153,702,20,4,129,7,WAIT_SEND,0.2955,0.0
153,702,20,4,129,7,WAIT_RECV,0.3507754618714347,1.9999999999997797E-4
153,702,20,4,129,7,EXECUTION,0.3507754618714347,0.020000000000000018
153,702,20,4,129,7,WAIT_SEND,0.37077546187143473,0.0
179,801,30,6,191,7,EXECUTION,0.30773814697265617,0.020000000000000018
179,801,30,6,191,7,WAIT_SEND,0.3277381469726562,0.0
179,801,30,6,191,7,WAIT_RECV,0.36077629394531235,1.9999999999997797E-4
179,801,30,6,191,7,EXECUTION,0.36077629394531235,0.010000000000000009
179,801,30,6,191,7,WAIT_SEND,0.37077629394531236,0.0
163,750,11,2,64,7,EXECUTION,0.29373101704915355,0.023644028218587188
163,750,11,2,64,7,WAIT_SEND,0.31737504526774074,0.0
163,750,11,2,64,7,WAIT_RECV,0.3504131922403969,0.0013190734863280928
163,750,11,2,64,7,EXECUTION,0.3504131922403969,0.020744921027289476
163,750,11,2,64,7,WAIT_SEND,0.3711581132676864,0.0
148,898,24,2,148,6,EXECUTION,0.34100887379964173,0.010000000000000009
148,898,24,2,148,6,WAIT_SEND,0.35100887379964174,0.0
148,898,24,2,148,6,WAIT_RECV,0.3614088737996417,1.9999999999997797E-4
148,898,24,2,148,6,EXECUTION,0.3614088737996417,0.010000000000000009
148,898,24,2,148,6,WAIT_SEND,0.3714088737996417,0.0
136,661,7,5,39,7,EXECUTION,0.2597345820109048,0.05204780764261879
136,661,7,5,39,7,WAIT_SEND,0.3117823896535236,0.0
136,661,7,5,39,7,WAIT_RECV,0.3448205366261798,1.9999999999997797E-4
136,661,7,5,39,7,EXECUTION,0.3448205366261798,0.026635500046624128
136,661,7,5,39,7,WAIT_SEND,0.3714560366728039,0.0
182,773,16,1,93,1,EXECUTION,0.30029999999999996,0.010000000000000009
182,773,16,1,93,1,WAIT_SEND,0.31029999999999996,0.0
182,773,16,1,93,1,WAIT_RECV,0.3614999999999999,1.9999999999997797E-4
182,773,16,1,93,1,EXECUTION,0.3614999999999999,0.010000000000000009
182,773,16,1,93,1,WAIT_SEND,0.3714999999999999,0.0
197,946,20,7,132,9,EXECUTION,0.35921444091796856,0.012306260382273781
197,946,20,7,132,9,WAIT_SEND,0.37152070130024234,0.0
135,955,18,5,111,9,EXECUTION,0.36159204371792103,0.010000000000000009
135,955,18,5,111,9,WAIT_SEND,0.37159204371792104,0.0
146,615,15,1,87,1,EXECUTION,0.24029999999999996,0.010000000000000009
146,615,15,1,87,1,WAIT_SEND,0.25029999999999997,0.0
146,615,15,1,87,1,WAIT_RECV,0.3516582178492604,1.9999999999997797E-4
146,615,15,1,87,1,EXECUTION,0.3516582178492604,0.020000000000000018
146,615,15,1,87,1,WAIT_SEND,0.3716582178492604,0.0
182,770,16,0,92,0,WAIT_SEND,0.3001,0.0
182,770,16,0,92,0,WAIT_RECV,0.37169999999999986,1.9999999999997797E-4
146,612,15,0,86,0,WAIT_SEND,0.24009999999999998,0.0
146,612,15,0,86,0,WAIT_RECV,0.3718582178492604,1.9999999999997797E-4
199,957,6,3,32,9,EXECUTION,0.36201907348632806,0.010000000000000009
199,957,6,3,32,9,WAIT_SEND,0.37201907348632807,0.0
170,958,3,3,8,9,EXECUTION,0.362419073486328,0.010000000000000009
170,958,3,3,8,9,WAIT_SEND,0.372419073486328,0.0
154,657,29,3,178,1,EXECUTION,0.2564190734863281,0.012319073486328047
154,657,29,3,178,1,WAIT_SEND,0.26873814697265613,0.0
154,657,29,3,178,1,WAIT_RECV,0.35254534502029383,0.0013190734863280928
154,657,29,3,178,1,EXECUTION,0.35254534502029383,0.020000000000000018
154,657,29,3,178,1,WAIT_SEND,0.37254534502029385,0.0
159,896,30,3,188,6,EXECUTION,0.3404761853027343,0.010000000000000009
159,896,30,3,188,6,WAIT_SEND,0.35047618530273433,0.0
159,896,30,3,188,6,WAIT_RECV,0.36311433227539053,0.0013190734863280928
159,896,30,3,188,6,EXECUTION,0.36311433227539053,0.010000000000000009
159,896,30,3,188,6,WAIT_SEND,0.37311433227539054,0.0
177,974,39,4,240,10,EXECUTION,0.3684286102294921,0.0050000000000000044
177,974,39,4,240,10,WAIT_SEND,0.3734286102294921,0.0
177,973,39,1,237,9,EXECUTION,0.3684286102294921,0.0050000000000000044
177,973,39,1,237,9,WAIT_SEND,0.3734286102294921,0.0
154,652,27,0,165,0,WAIT_SEND,0.2551,0.0
154,652,27,0,165,0,WAIT_RECV,0.37386441850662194,0.0013190734863280928
137,573,30,1,186,1,EXECUTION,0.22529999999999997,0.03
137,573,30,1,186,1,WAIT_SEND,0.25529999999999997,0.0
137,573,30,1,186,1,WAIT_RECV,0.3187381469726561,1.9999999999997797E-4
137,573,30,1,186,1,EXECUTION,0.3187381469726561,0.05581681555175777
137,573,30,1,186,1,WAIT_SEND,0.3745549625244139,0.0
137,569,30,0,185,0,WAIT_SEND,0.2251,0.0
137,569,30,0,185,0,WAIT_RECV,0.37475496252441387,1.9999999999997797E-4
86,339,17,1,101,1,EXECUTION,0.14029999999999998,0.03921907348632814
86,339,17,1,101,1,WAIT_SEND,0.17951907348632812,0.0
86,339,17,1,101,1,WAIT_RECV,0.32325194488337,0.0013190734863280928
86,339,17,1,101,1,EXECUTION,0.32325194488337,0.05217731933087477
86,339,17,1,101,1,WAIT_SEND,0.3754292642142448,0.0
166,968,20,6,131,9,EXECUTION,0.3655515222758943,0.010000000000000009
166,968,20,6,131,9,WAIT_SEND,0.37555152227589433,0.0
86,335,17,0,100,0,WAIT_SEND,0.1401,0.0
86,335,17,0,100,0,WAIT_RECV,0.37562926421424475,1.9999999999997797E-4
188,873,26,1,160,6,EXECUTION,0.33293814697265617,0.01040000000000002
188,873,26,1,160,6,WAIT_SEND,0.3433381469726562,0.0
188,873,26,1,160,6,WAIT_RECV,0.35373814697265615,1.9999999999997797E-4
188,873,26,1,160,6,EXECUTION,0.35373814697265615,0.021963347715801718
188,873,26,1,160,6,WAIT_SEND,0.37570149468845787,0.0
202,971,14,6,85,9,EXECUTION,0.36701907348632806,0.010000000000000009
202,971,14,6,85,9,WAIT_SEND,0.37701907348632807,0.0
126,529,7,2,36,1,EXECUTION,0.21029999999999996,0.010000000000000009
126,529,7,2,36,1,WAIT_SEND,0.22029999999999997,0.0
126,529,7,2,36,1,WAIT_RECV,0.3570365109108818,1.9999999999997797E-4
126,529,7,2,36,1,EXECUTION,0.3570365109108818,0.020000000000000018
126,529,7,2,36,1,WAIT_SEND,0.3770365109108818,0.0
126,524,7,0,34,0,WAIT_SEND,0.21009999999999998,0.0
126,524,7,0,34,0,WAIT_RECV,0.3772365109108818,1.9999999999997797E-4
178,972,16,7,99,9,EXECUTION,0.36793351440429667,0.010000000000000009
178,972,16,7,99,9,WAIT_SEND,0.3779335144042967,0.0
177,959,39,0,228,6,EXECUTION,0.3632286102294921,0.0050000000000000044
177,959,39,0,228,6,WAIT_SEND,0.3682286102294921,0.0
177,959,39,0,228,6,WAIT_SEND,0.3682286102294921,0.0
177,959,39,0,228,6,WAIT_RECV,0.37362861022949206,1.9999999999997797E-4
177,959,39,0,228,6,WAIT_RECV,0.37362861022949206,1.9999999999997797E-4
177,959,39,0,228,6,EXECUTION,0.37362861022949206,0.0050000000000000044
177,959,39,0,228,6,WAIT_SEND,0.37862861022949207,0.0
203,976,9,5,52,9,EXECUTION,0.3686762939453123,0.010000000000000009
203,976,9,5,52,9,WAIT_SEND,0.3786762939453123,0.0
157,977,31,6,202,9,EXECUTION,0.3688599880963277,0.010000000000000009
157,977,31,6,202,9,WAIT_SEND,0.3788599880963277,0.0
165,970,20,7,132,9,EXECUTION,0.3669081805356948,0.012306260382273781
165,970,20,7,132,9,WAIT_SEND,0.3792144409179686,0.0
176,802,31,5,201,7,EXECUTION,0.30800030952453594,0.020059678571791806
176,802,31,5,201,7,WAIT_SEND,0.32805998809632775,0.0
176,802,31,5,201,7,WAIT_RECV,0.3595542992918826,1.9999999999997797E-4
176,802,31,5,201,7,EXECUTION,0.3595542992918826,0.020000000000000018
176,802,31,5,201,7,WAIT_SEND,0.3795542992918826,0.0
180,979,15,5,91,9,EXECUTION,0.369619290121102,0.010000000000000009
180,979,15,5,91,9,WAIT_SEND,0.379619290121102,0.0
138,582,8,0,40,0,WAIT_SEND,0.2301,0.0
138,582,8,0,40,0,WAIT_RECV,0.3817572204589842,0.06292861022949214
135,914,18,3,109,6,EXECUTION,0.34670117499628145,0.014690868721639605
135,914,18,3,109,6,WAIT_SEND,0.36139204371792105,0.0
135,914,18,3,109,6,WAIT_RECV,0.371792043717921,1.9999999999997797E-4
135,914,18,3,109,6,EXECUTION,0.371792043717921,0.010000000000000009
135,914,18,3,109,6,WAIT_SEND,0.381792043717921,0.0
179,762,28,1,170,1,EXECUTION,0.29641907348632807,0.010000000000000009
179,762,28,1,170,1,WAIT_SEND,0.3064190734863281,0.0
179,762,28,1,170,1,WAIT_RECV,0.37209536743164046,0.0013190734863280928
179,762,28,1,170,1,EXECUTION,0.37209536743164046,0.010000000000000009
179,762,28,1,170,1,WAIT_SEND,0.38209536743164046,0.0
170,915,3,1,6,6,EXECUTION,0.34681907348632807,0.01539999999999997
170,915,3,1,6,6,WAIT_SEND,0.36221907348632804,0.0
170,915,3,1,6,6,WAIT_RECV,0.372619073486328,1.9999999999997797E-4
170,915,3,1,6,6,EXECUTION,0.372619073486328,0.010000000000000009
170,915,3,1,6,6,WAIT_SEND,0.382619073486328,0.0
136,571,6,1,30,1,EXECUTION,0.22529999999999997,0.03311550852457676
136,571,6,1,30,1,WAIT_SEND,0.25841550852457673,0.0
136,571,6,1,30,1,WAIT_RECV,0.372775110159132,0.0013190734863280928
136,571,6,1,30,1,EXECUTION,0.372775110159132,0.010000000000000009
136,571,6,1,30,1,WAIT_SEND,0.382775110159132,0.0
117,490,18,1,107,1,EXECUTION,0.19529999999999997,0.05457603841056352
117,490,18,1,107,1,WAIT_SEND,0.2498760384105635,0.0
117,490,18,1,107,1,WAIT_RECV,0.3627829261813126,1.9999999999997797E-4
117,490,18,1,107,1,EXECUTION,0.3627829261813126,0.020000000000000018
117,490,18,1,107,1,WAIT_SEND,0.3827829261813126,0.0
197,918,19,7,120,6,EXECUTION,0.34789536743164046,0.010000000000000009
197,918,19,7,120,6,WAIT_SEND,0.35789536743164047,0.0
197,918,19,7,120,6,WAIT_RECV,0.37283977478657043,0.0013190734863280928
197,918,19,7,120,6,EXECUTION,0.37283977478657043,0.010000000000000009
197,918,19,7,120,6,WAIT_SEND,0.38283977478657044,0.0
127,530,11,1,63,1,EXECUTION,0.21029999999999996,0.031704813639322926
127,530,11,1,63,1,WAIT_SEND,0.24200481363932289,0.0
127,530,11,1,63,1,WAIT_RECV,0.3528479553222653,1.9999999999997797E-4
127,530,11,1,63,1,EXECUTION,0.3528479553222653,0.030000000000000027
127,530,11,1,63,1,WAIT_SEND,0.38284795532226534,0.0
136,567,6,0,29,0,WAIT_SEND,0.2251,0.0
136,567,6,0,29,0,WAIT_RECV,0.382975110159132,1.9999999999997797E-4
117,487,18,0,106,0,WAIT_SEND,0.1951,0.0
117,487,18,0,106,0,WAIT_RECV,0.3829829261813126,1.9999999999997797E-4
127,525,11,0,62,0,WAIT_SEND,0.21009999999999998,0.0
127,525,11,0,62,0,WAIT_RECV,0.3830479553222653,1.9999999999997797E-4
159,837,30,7,192,7,EXECUTION,0.32027618530273433,0.020000000000000018
159,837,30,7,192,7,WAIT_SEND,0.34027618530273435,0.0
159,837,30,7,192,7,WAIT_RECV,0.3733143322753905,1.9999999999997797E-4
159,837,30,7,192,7,EXECUTION,0.3733143322753905,0.010000000000000009
159,837,30,7,192,7,WAIT_SEND,0.3833143322753905,0.0
199,927,4,2,12,6,EXECUTION,0.35069999999999996,0.010000000000000009
199,927,4,2,12,6,WAIT_SEND,0.36069999999999997,0.0
199,927,4,2,12,6,WAIT_RECV,0.37333814697265616,0.0013190734863280928
199,927,4,2,12,6,EXECUTION,0.37333814697265616,0.010000000000000009
199,927,4,2,12,6,WAIT_SEND,0.38333814697265617,0.0
179,757,33,0,207,0,WAIT_SEND,0.2951,0.0
179,757,33,0,207,0,WAIT_RECV,0.38341444091796856,0.0013190734863280928
177,945,39,2,222,4,EXECUTION,0.3580286102294921,0.0050000000000000044
177,945,39,2,222,4,WAIT_SEND,0.3630286102294921,0.0
177,945,39,2,222,4,WAIT_RECV,0.37882861022949205,1.9999999999997797E-4
177,945,39,2,222,4,EXECUTION,0.37882861022949205,0.0050000000000000044
177,945,39,2,222,4,WAIT_SEND,0.38382861022949205,0.0
174,989,29,1,184,9,EXECUTION,0.3751,0.010000000000000009
174,989,29,1,184,9,WAIT_SEND,0.3851,0.0
140,585,30,1,186,1,EXECUTION,0.23029999999999998,0.035
140,585,30,1,186,1,WAIT_SEND,0.2653,0.0
140,585,30,1,186,1,WAIT_RECV,0.32873814697265613,1.9999999999997797E-4
140,585,30,1,186,1,EXECUTION,0.32873814697265613,0.05672405261230462
140,585,30,1,186,1,WAIT_SEND,0.38546219958496075,0.0
150,817,31,4,200,7,EXECUTION,0.3128522703018188,0.020000000000000018
150,817,31,4,200,7,WAIT_SEND,0.3328522703018188,0.0
150,817,31,4,200,7,WAIT_RECV,0.3655859305114745,1.9999999999997797E-4
150,817,31,4,200,7,EXECUTION,0.3655859305114745,0.020000000000000018
150,817,31,4,200,7,WAIT_SEND,0.3855859305114745,0.0
140,583,30,0,185,0,WAIT_SEND,0.2301,0.0
140,583,30,0,185,0,WAIT_RECV,0.38566219958496073,1.9999999999997797E-4
147,634,17,1,101,1,EXECUTION,0.24641907348632808,0.0355158945719401
147,634,17,1,101,1,WAIT_SEND,0.2819349680582682,0.0
147,634,17,1,101,1,WAIT_RECV,0.3353731150309243,0.0013190734863280928
147,634,17,1,101,1,EXECUTION,0.3353731150309243,0.050386511021955516
147,634,17,1,101,1,WAIT_SEND,0.38575962605287983,0.0
188,846,26,2,161,7,EXECUTION,0.3227381469726562,0.010000000000000009
188,846,26,2,161,7,WAIT_SEND,0.3327381469726562,0.0
188,846,26,2,161,7,WAIT_RECV,0.37590149468845785,1.9999999999997797E-4
188,846,26,2,161,7,EXECUTION,0.37590149468845785,0.010000000000000009
188,846,26,2,161,7,WAIT_SEND,0.38590149468845786,0.0
142,603,9,1,48,1,EXECUTION,0.23529999999999998,0.035
142,603,9,1,48,1,WAIT_SEND,0.2703,0.0
142,603,9,1,48,1,WAIT_RECV,0.32597629394531236,0.0013190734863280928
142,603,9,1,48,1,EXECUTION,0.32597629394531236,0.06
142,603,9,1,48,1,WAIT_SEND,0.38597629394531235,0.0
142,600,9,0,47,0,WAIT_SEND,0.2351,0.0
142,600,9,0,47,0,WAIT_RECV,0.38617629394531233,1.9999999999997797E-4
194,997,26,4,163,9,EXECUTION,0.37670149468845787,0.010000000000000009
194,997,26,4,163,9,WAIT_SEND,0.3867014946884579,0.0
141,599,9,0,47,0,WAIT_SEND,0.2351,0.0
141,599,9,0,47,0,WAIT_RECV,0.3867572204589842,0.06292861022949214
195,998,33,4,211,9,EXECUTION,0.37701907348632807,0.010000000000000009
195,998,33,4,211,9,WAIT_SEND,0.3870190734863281,0.0
147,626,13,0,73,0,WAIT_SEND,0.24509999999999998,0.0
147,626,13,0,73,0,WAIT_RECV,0.3870786995392079,0.0013190734863280928
202,941,14,3,82,6,EXECUTION,0.3568190734863281,0.010000000000000009
202,941,14,3,82,6,WAIT_SEND,0.3668190734863281,0.0
202,941,14,3,82,6,WAIT_RECV,0.37721907348632805,1.9999999999997797E-4
202,941,14,3,82,6,EXECUTION,0.37721907348632805,0.010000000000000009
202,941,14,3,82,6,WAIT_SEND,0.38721907348632806,0.0
148,838,24,3,149,7,EXECUTION,0.3202774483061492,0.020531425493492572
148,838,24,3,149,7,WAIT_SEND,0.34080887379964175,0.0
148,838,24,3,149,7,WAIT_RECV,0.3716088737996417,1.9999999999997797E-4
148,838,24,3,149,7,EXECUTION,0.3716088737996417,0.016108873799641765
148,838,24,3,149,7,WAIT_SEND,0.38771774759928346,0.0
134,700,18,4,110,7,EXECUTION,0.2753156349798602,0.04547640873806086
134,700,18,4,110,7,WAIT_SEND,0.3207920437179211,0.0
134,700,18,4,110,7,WAIT_RECV,0.3562829124395606,1.9999999999997797E-4
134,700,18,4,110,7,EXECUTION,0.3562829124395606,0.03157500343543801
134,700,18,4,110,7,WAIT_SEND,0.3878579158749986,0.0
187,1021,39,6,234,8,EXECUTION,0.3834286102294921,0.0050000000000000044
187,1021,39,6,234,8,WAIT_SEND,0.3884286102294921,0.0
157,944,31,3,199,6,EXECUTION,0.3579656769007728,0.010694311195554917
157,944,31,3,199,6,WAIT_SEND,0.3686599880963277,0.0
157,944,31,3,199,6,WAIT_RECV,0.3790599880963277,1.9999999999997797E-4
157,944,31,3,199,6,EXECUTION,0.3790599880963277,0.010000000000000009
157,944,31,3,199,6,WAIT_SEND,0.3890599880963277,0.0
178,940,13,2,75,6,EXECUTION,0.35661444091796857,0.010000000000000009
178,940,13,2,75,6,WAIT_SEND,0.3666144409179686,0.0
178,940,13,2,75,6,WAIT_RECV,0.37925258789062477,0.0013190734863280928
178,940,13,2,75,6,EXECUTION,0.37925258789062477,0.010000000000000009
178,940,13,2,75,6,WAIT_SEND,0.3892525878906248,0.0
103,427,21,1,134,1,EXECUTION,0.17029999999999998,0.060920263625372034
103,427,21,1,134,1,WAIT_SEND,0.231220263625372,0.0
103,427,21,1,134,1,WAIT_RECV,0.33427950283377494,0.0013190734863280928
103,427,21,1,134,1,EXECUTION,0.33427950283377494,0.055007779090218534
103,427,21,1,134,1,WAIT_SEND,0.3892872819239935,0.0
103,425,21,0,133,0,WAIT_SEND,0.1701,0.0
103,425,21,0,133,0,WAIT_RECV,0.38948728192399346,1.9999999999997797E-4
181,919,33,1,208,6,EXECUTION,0.34795416278044355,0.011135089294115497
181,919,33,1,208,6,WAIT_SEND,0.35908925207455905,0.0
181,919,33,1,208,6,WAIT_RECV,0.369489252074559,1.9999999999997797E-4
181,919,33,1,208,6,EXECUTION,0.369489252074559,0.020000000000000018
181,919,33,1,208,6,WAIT_SEND,0.38948925207455903,0.0
180,928,15,3,89,6,EXECUTION,0.3510582178492604,0.01836107227184164
180,928,15,3,89,6,WAIT_SEND,0.36941929012110203,0.0
180,928,15,3,89,6,WAIT_RECV,0.379819290121102,1.9999999999997797E-4
180,928,15,3,89,6,EXECUTION,0.379819290121102,0.010000000000000009
180,928,15,3,89,6,WAIT_SEND,0.389819290121102,0.0
203,943,8,5,45,6,EXECUTION,0.3573572204589842,0.010000000000000009
203,943,8,5,45,6,WAIT_SEND,0.3673572204589842,0.0
203,943,8,5,45,6,WAIT_RECV,0.3799953674316404,0.0013190734863280928
203,943,8,5,45,6,EXECUTION,0.3799953674316404,0.010000000000000009
203,943,8,5,45,6,WAIT_SEND,0.3899953674316404,0.0
124,722,18,4,110,7,EXECUTION,0.28455504814949234,0.04521509657367573
124,722,18,4,110,7,WAIT_SEND,0.32977014472316807,0.0
124,722,18,4,110,7,WAIT_RECV,0.360570144723168,1.9999999999997797E-4
124,722,18,4,110,7,EXECUTION,0.360570144723168,0.029431387293634315
124,722,18,4,110,7,WAIT_SEND,0.3900015320168023,0.0
173,1006,20,6,131,9,EXECUTION,0.38020096007671045,0.010000000000000009
173,1006,20,6,131,9,WAIT_SEND,0.39020096007671046,0.0
160,729,7,5,39,7,EXECUTION,0.2855,0.05204780764261879
160,729,7,5,39,7,WAIT_SEND,0.33754780764261877,0.0
160,729,7,5,39,7,WAIT_RECV,0.37058595461527494,1.9999999999997797E-4
160,729,7,5,39,7,EXECUTION,0.37058595461527494,0.01983696318647582
160,729,7,5,39,7,WAIT_SEND,0.39042291780175076,0.0
223,1011,12,6,72,9,EXECUTION,0.38049999999999995,0.010000000000000009
223,1011,12,6,72,9,WAIT_SEND,0.39049999999999996,0.0
176,738,29,2,177,1,EXECUTION,0.29029999999999995,0.016381236038207903
176,738,29,2,177,1,WAIT_SEND,0.30668123603820785,0.0
176,738,29,2,177,1,WAIT_RECV,0.3808733727782107,0.0013190734863280928
176,738,29,2,177,1,EXECUTION,0.3808733727782107,0.010000000000000009
176,738,29,2,177,1,WAIT_SEND,0.3908733727782107,0.0
176,735,29,0,175,0,WAIT_SEND,0.29009999999999997,0.0
176,735,29,0,175,0,WAIT_RECV,0.3910733727782107,1.9999999999997797E-4
223,1015,13,5,78,10,EXECUTION,0.3816286102294921,0.010000000000000009
223,1015,13,5,78,10,WAIT_SEND,0.39162861022949214,0.0
144,614,26,0,159,0,WAIT_SEND,0.24009999999999998,0.0
144,614,26,0,159,0,WAIT_RECV,0.3917572204589842,0.06292861022949214
145,616,20,2,127,1,EXECUTION,0.24029999999999996,0.010000000000000009
145,616,20,2,127,1,WAIT_SEND,0.25029999999999997,0.0
145,616,20,2,127,1,WAIT_RECV,0.3623469981108165,1.9999999999997797E-4
145,616,20,2,127,1,EXECUTION,0.3623469981108165,0.030000000000000027
145,616,20,2,127,1,WAIT_SEND,0.3923469981108165,0.0
145,613,20,0,125,0,WAIT_SEND,0.24009999999999998,0.0
145,613,20,0,125,0,WAIT_RECV,0.3925469981108165,1.9999999999997797E-4
212,1018,18,6,112,9,EXECUTION,0.3831381469726562,0.010000000000000009
212,1018,18,6,112,9,WAIT_SEND,0.3931381469726562,0.0
190,1034,39,5,233,8,EXECUTION,0.38843814697265616,0.0050000000000000044
190,1034,39,5,233,8,WAIT_SEND,0.39343814697265617,0.0
191,1033,39,7,235,8,EXECUTION,0.38843814697265616,0.0050000000000000044
191,1033,39,7,235,8,WAIT_SEND,0.39343814697265617,0.0
199,897,4,3,13,7,EXECUTION,0.34049999999999997,0.010000000000000009
199,897,4,3,13,7,WAIT_SEND,0.3505,0.0
199,897,4,3,13,7,WAIT_RECV,0.38353814697265615,1.9999999999997797E-4
199,897,4,3,13,7,EXECUTION,0.38353814697265615,0.010000000000000009
199,897,4,3,13,7,WAIT_SEND,0.39353814697265616,0.0
187,1001,39,5,225,5,EXECUTION,0.3782286102294921,0.0050000000000000044
187,1001,39,5,225,5,WAIT_SEND,0.3832286102294921,0.0
187,1001,39,5,225,5,WAIT_RECV,0.3886286102294921,1.9999999999997797E-4
187,1001,39,5,225,5,EXECUTION,0.3886286102294921,0.0050000000000000044
187,1001,39,5,225,5,WAIT_SEND,0.3936286102294921,0.0
163,688,11,1,63,1,EXECUTION,0.2703,0.02323101704915359
163,688,11,1,63,1,WAIT_SEND,0.2935310170491536,0.0
163,688,11,1,63,1,WAIT_RECV,0.37135811326768636,1.9999999999997797E-4
163,688,11,1,63,1,EXECUTION,0.37135811326768636,0.023829947351526326
163,688,11,1,63,1,WAIT_SEND,0.3951880606192127,0.0
163,685,11,0,62,0,WAIT_SEND,0.2701,0.0
163,685,11,0,62,0,WAIT_RECV,0.39538806061921267,1.9999999999997797E-4
197,879,19,1,122,7,EXECUTION,0.33549999999999996,0.012195367431640514
197,879,19,1,122,7,WAIT_SEND,0.3476953674316405,0.0
197,879,19,1,122,7,WAIT_RECV,0.3830397747865704,1.9999999999997797E-4
197,879,19,1,122,7,EXECUTION,0.3830397747865704,0.012539774786570479
197,879,19,1,122,7,WAIT_SEND,0.3955795495731409,0.0
174,960,30,4,189,6,EXECUTION,0.3637381469726561,0.010000000000000009
174,960,30,4,189,6,WAIT_SEND,0.3737381469726561,0.0
174,960,30,4,189,6,WAIT_RECV,0.3864190734863281,0.0013190734863280928
174,960,30,4,189,6,EXECUTION,0.3864190734863281,0.010000000000000009
174,960,30,4,189,6,WAIT_SEND,0.3964190734863281,0.0
135,786,18,4,110,7,EXECUTION,0.30408279574877617,0.0424183792475053
135,786,18,4,110,7,WAIT_SEND,0.34650117499628147,0.0
135,786,18,4,110,7,WAIT_RECV,0.381992043717921,1.9999999999997797E-4
135,786,18,4,110,7,EXECUTION,0.381992043717921,0.014982389508953586
135,786,18,4,110,7,WAIT_SEND,0.3969744332268746,0.0
188,813,28,2,171,1,EXECUTION,0.3114190734863281,0.010000000000000009
188,813,28,2,171,1,WAIT_SEND,0.3214190734863281,0.0
188,813,28,2,171,1,WAIT_RECV,0.38722056817478595,0.0013190734863280928
188,813,28,2,171,1,EXECUTION,0.38722056817478595,0.010000000000000009
188,813,28,2,171,1,WAIT_SEND,0.39722056817478596,0.0
128,531,21,1,134,1,EXECUTION,0.21029999999999996,0.0774637222624481
128,531,21,1,134,1,WAIT_SEND,0.28776372226244806,0.0
128,531,21,1,134,1,WAIT_RECV,0.3440144409179685,0.0013190734863280928
128,531,21,1,134,1,EXECUTION,0.3440144409179685,0.05338528940951959
128,531,21,1,134,1,WAIT_SEND,0.3973997303274881,0.0
202,912,14,4,83,7,EXECUTION,0.3466190734863281,0.010000000000000009
202,912,14,4,83,7,WAIT_SEND,0.3566190734863281,0.0
202,912,14,4,83,7,WAIT_RECV,0.38741907348632804,1.9999999999997797E-4
202,912,14,4,83,7,EXECUTION,0.38741907348632804,0.010000000000000009
202,912,14,4,83,7,WAIT_SEND,0.39741907348632804,0.0
128,526,21,0,133,0,WAIT_SEND,0.21009999999999998,0.0
128,526,21,0,133,0,WAIT_RECV,0.3975997303274881,1.9999999999997797E-4
226,1031,30,1,194,8,EXECUTION,0.3877381469726562,0.010000000000000009
226,1031,30,1,194,8,WAIT_SEND,0.3977381469726562,0.0
134,557,18,1,107,1,EXECUTION,0.22142861022949215,0.0536870247503681
134,557,18,1,107,1,WAIT_SEND,0.27511563497986025,0.0
134,557,18,1,107,1,WAIT_RECV,0.3880579158749986,1.9999999999997797E-4
134,557,18,1,107,1,EXECUTION,0.3880579158749986,0.010000000000000009
134,557,18,1,107,1,WAIT_SEND,0.3980579158749986,0.0
195,942,33,1,208,6,EXECUTION,0.3568190734863281,0.020000000000000018
195,942,33,1,208,6,WAIT_SEND,0.3768190734863281,0.0
195,942,33,1,208,6,WAIT_RECV,0.38721907348632806,1.9999999999997797E-4
195,942,33,1,208,6,EXECUTION,0.38721907348632806,0.011135089294115497
195,942,33,1,208,6,WAIT_SEND,0.39835416278044355,0.0
192,1054,39,5,241,10,EXECUTION,0.39343814697265617,0.0050000000000000044
192,1054,39,5,241,10,WAIT_SEND,0.39843814697265617,0.0
192,1053,39,2,238,9,EXECUTION,0.39343814697265617,0.0050000000000000044
192,1053,39,2,238,9,WAIT_SEND,0.39843814697265617,0.0
188,807,26,0,159,0,WAIT_SEND,0.3101,0.0
188,807,26,0,159,0,WAIT_RECV,0.39853964166111405,0.0013190734863280928
191,1020,39,4,224,5,EXECUTION,0.3832381469726562,0.0050000000000000044
191,1020,39,4,224,5,WAIT_SEND,0.3882381469726562,0.0
191,1020,39,4,224,5,WAIT_RECV,0.39363814697265614,1.9999999999997797E-4
191,1020,39,4,224,5,EXECUTION,0.39363814697265614,0.0050000000000000044
191,1020,39,4,224,5,WAIT_SEND,0.39863814697265615,0.0
190,1019,39,6,226,5,EXECUTION,0.3832381469726562,0.0050000000000000044
190,1019,39,6,226,5,WAIT_SEND,0.3882381469726562,0.0
190,1019,39,6,226,5,WAIT_RECV,0.39363814697265614,1.9999999999997797E-4
190,1019,39,6,226,5,EXECUTION,0.39363814697265614,0.0050000000000000044
190,1019,39,6,226,5,WAIT_SEND,0.39863814697265615,0.0
134,552,23,0,139,0,WAIT_SEND,0.2201,0.0
134,552,23,0,139,0,WAIT_RECV,0.3993769893613267,0.0013190734863280928
160,676,7,1,35,1,EXECUTION,0.2653,0.020000000000000018
160,676,7,1,35,1,WAIT_SEND,0.2853,0.0
160,676,7,1,35,1,WAIT_RECV,0.39062291780175074,1.9999999999997797E-4
160,676,7,1,35,1,EXECUTION,0.39062291780175074,0.010000000000000009
160,676,7,1,35,1,WAIT_SEND,0.40062291780175074,0.0
160,673,7,0,34,0,WAIT_SEND,0.2651,0.0
160,673,7,0,34,0,WAIT_RECV,0.4008229178017507,1.9999999999997797E-4
153,654,20,1,126,1,EXECUTION,0.25529999999999997,0.020000000000000018
153,654,20,1,126,1,WAIT_SEND,0.2753,0.0
153,654,20,1,126,1,WAIT_RECV,0.3709754618714347,1.9999999999997797E-4
153,654,20,1,126,1,EXECUTION,0.3709754618714347,0.030000000000000027
153,654,20,1,126,1,WAIT_SEND,0.40097546187143474,0.0
186,1043,26,5,164,9,EXECUTION,0.39117479925685444,0.010000000000000009
186,1043,26,5,164,9,WAIT_SEND,0.40117479925685445,0.0
153,651,20,0,125,0,WAIT_SEND,0.2551,0.0
153,651,20,0,125,0,WAIT_RECV,0.4011754618714347,1.9999999999997797E-4
204,1046,9,3,50,9,EXECUTION,0.3916190734863281,0.010000000000000009
204,1046,9,3,50,9,WAIT_SEND,0.4016190734863281,0.0
171,1047,31,7,203,9,EXECUTION,0.39170357142857143,0.010000000000000009
171,1047,31,7,203,9,WAIT_SEND,0.40170357142857144,0.0
152,639,16,0,92,0,WAIT_SEND,0.2501,0.0
152,639,16,0,92,0,WAIT_RECV,0.4017572204589842,0.06292861022949214
170,884,3,2,7,7,EXECUTION,0.3366190734863281,0.010000000000000009
170,884,3,2,7,7,WAIT_SEND,0.3466190734863281,0.0
170,884,3,2,7,7,WAIT_RECV,0.382819073486328,1.9999999999997797E-4
170,884,3,2,7,7,EXECUTION,0.382819073486328,0.020000000000000018
170,884,3,2,7,7,WAIT_SEND,0.402819073486328,0.0
223,984,12,5,71,6,EXECUTION,0.37029999999999996,0.010000000000000009
223,984,12,5,71,6,WAIT_SEND,0.38029999999999997,0.0
223,984,12,5,71,6,WAIT_SEND,0.38029999999999997,0.0
223,984,12,5,71,6,WAIT_RECV,0.39069999999999994,1.9999999999997797E-4
223,984,12,5,71,6,WAIT_RECV,0.39303483052065336,0.0014062202911612198
223,984,12,5,71,6,EXECUTION,0.39303483052065336,0.010000000000000009
223,984,12,5,71,6,WAIT_SEND,0.40303483052065336,0.0
223,981,12,0,66,0,WAIT_SEND,0.3701,0.0
223,981,12,0,66,0,WAIT_RECV,0.40323483052065334,1.9999999999997797E-4
115,477,9,1,48,1,EXECUTION,0.19029999999999997,0.03
115,477,9,1,48,1,WAIT_SEND,0.22029999999999997,0.0
115,477,9,1,48,1,WAIT_RECV,0.3469103687837387,0.0013190734863280928
115,477,9,1,48,1,EXECUTION,0.3469103687837387,0.05651098752692896
115,477,9,1,48,1,WAIT_SEND,0.40342135631066767,0.0
115,474,9,0,47,0,WAIT_SEND,0.1901,0.0
115,474,9,0,47,0,WAIT_RECV,0.40362135631066764,1.9999999999997797E-4
192,1032,39,1,229,6,EXECUTION,0.3882381469726562,0.0050000000000000044
192,1032,39,1,229,6,WAIT_SEND,0.3932381469726562,0.0
192,1032,39,1,229,6,WAIT_SEND,0.3932381469726562,0.0
192,1032,39,1,229,6,WAIT_RECV,0.39863814697265615,1.9999999999997797E-4
192,1032,39,1,229,6,WAIT_RECV,0.39863814697265615,1.9999999999997797E-4
192,1032,39,1,229,6,EXECUTION,0.39863814697265615,0.0050000000000000044
192,1032,39,1,229,6,WAIT_SEND,0.40363814697265615,0.0
199,867,4,1,11,1,EXECUTION,0.3303,0.010000000000000009
199,867,4,1,11,1,WAIT_SEND,0.3403,0.0
199,867,4,1,11,1,WAIT_RECV,0.39373814697265613,1.9999999999997797E-4
199,867,4,1,11,1,EXECUTION,0.39373814697265613,0.010000000000000009
199,867,4,1,11,1,WAIT_SEND,0.40373814697265614,0.0
187,988,39,6,218,3,EXECUTION,0.37302861022949213,0.0050000000000000044
187,988,39,6,218,3,WAIT_SEND,0.37802861022949213,0.0
187,988,39,6,218,3,WAIT_RECV,0.39382861022949206,1.9999999999997797E-4
187,988,39,6,218,3,EXECUTION,0.39382861022949206,0.010000000000000009
187,988,39,6,218,3,WAIT_SEND,0.40382861022949207,0.0
190,999,39,7,219,3,EXECUTION,0.3780381469726562,0.0050000000000000044
190,999,39,7,219,3,WAIT_SEND,0.3830381469726562,0.0
190,999,39,7,219,3,WAIT_RECV,0.3988381469726561,1.9999999999997797E-4
190,999,39,7,219,3,EXECUTION,0.3988381469726561,0.0050000000000000044
190,999,39,7,219,3,WAIT_SEND,0.40383814697265613,0.0
191,1000,39,0,220,3,EXECUTION,0.3780381469726562,0.0050000000000000044
191,1000,39,0,220,3,WAIT_SEND,0.3830381469726562,0.0
191,1000,39,0,220,3,WAIT_RECV,0.3988381469726561,1.9999999999997797E-4
191,1000,39,0,220,3,EXECUTION,0.3988381469726561,0.0050000000000000044
191,1000,39,0,220,3,WAIT_SEND,0.40383814697265613,0.0
199,864,4,0,10,0,WAIT_SEND,0.3301,0.0
199,864,4,0,10,0,WAIT_RECV,0.4039381469726561,1.9999999999997797E-4
212,987,19,6,119,6,EXECUTION,0.3718190734863281,0.010000000000000009
212,987,19,6,119,6,WAIT_SEND,0.3818190734863281,0.0
212,987,19,6,119,6,WAIT_RECV,0.3944572204589843,0.0013190734863280928
212,987,19,6,119,6,EXECUTION,0.3944572204589843,0.010000000000000009
212,987,19,6,119,6,WAIT_SEND,0.4044572204589843,0.0
151,642,9,1,48,1,EXECUTION,0.25029999999999997,0.04249999999999998
151,642,9,1,48,1,WAIT_SEND,0.29279999999999995,0.0
151,642,9,1,48,1,WAIT_RECV,0.3501335144042966,0.0013190734863280928
151,642,9,1,48,1,EXECUTION,0.3501335144042966,0.05543660565340963
151,642,9,1,48,1,WAIT_SEND,0.4055701200577062,0.0
166,880,20,3,128,6,EXECUTION,0.3356122410975864,0.02973928117830793
166,880,20,3,128,6,WAIT_SEND,0.36535152227589435,0.0
166,880,20,3,128,6,WAIT_RECV,0.3757515222758943,1.9999999999997797E-4
166,880,20,3,128,6,EXECUTION,0.3757515222758943,0.02999999999999997
166,880,20,3,128,6,WAIT_SEND,0.4057515222758943,0.0
151,638,9,0,47,0,WAIT_SEND,0.2501,0.0
151,638,9,0,47,0,WAIT_RECV,0.4057701200577062,1.9999999999997797E-4
197,853,19,3,116,1,EXECUTION,0.3253,0.010000000000000009
197,853,19,3,116,1,WAIT_SEND,0.3353,0.0
197,853,19,3,116,1,WAIT_RECV,0.3957795495731409,1.9999999999997797E-4
197,853,19,3,116,1,EXECUTION,0.3957795495731409,0.010000000000000009
197,853,19,3,116,1,WAIT_SEND,0.4057795495731409,0.0
197,851,19,0,113,0,WAIT_SEND,0.3251,0.0
197,851,19,0,113,0,WAIT_RECV,0.40597954957314086,1.9999999999997797E-4
157,858,31,5,201,7,EXECUTION,0.32788095238095233,0.029884724519820494
157,858,31,5,201,7,WAIT_SEND,0.3577656769007728,0.0
157,858,31,5,201,7,WAIT_RECV,0.38925998809632767,1.9999999999997797E-4
157,858,31,5,201,7,EXECUTION,0.38925998809632767,0.017017255040123136
157,858,31,5,201,7,WAIT_SEND,0.4062772431364508,0.0
174,916,30,0,193,7,EXECUTION,0.3470828881835937,0.016455258789062455
174,916,30,0,193,7,WAIT_SEND,0.36353814697265613,0.0
174,916,30,0,193,7,WAIT_RECV,0.3966190734863281,1.9999999999997797E-4
174,916,30,0,193,7,EXECUTION,0.3966190734863281,0.010000000000000009
174,916,30,0,193,7,WAIT_SEND,0.4066190734863281,0.0
194,934,26,1,160,6,EXECUTION,0.35413814697265616,0.02236334771580173
194,934,26,1,160,6,WAIT_SEND,0.3765014946884579,0.0
194,934,26,1,160,6,WAIT_RECV,0.38690149468845786,1.9999999999997797E-4
194,934,26,1,160,6,EXECUTION,0.38690149468845786,0.020000000000000018
194,934,26,1,160,6,WAIT_SEND,0.4069014946884579,0.0
184,1064,3,4,9,9,EXECUTION,0.39701907348632803,0.010000000000000009
184,1064,3,4,9,9,WAIT_SEND,0.40701907348632804,0.0
215,1065,9,4,51,9,EXECUTION,0.39701907348632803,0.010000000000000009
215,1065,9,4,51,9,WAIT_SEND,0.40701907348632804,0.0
175,737,2,1,1,1,EXECUTION,0.29029999999999995,0.020000000000000018
175,737,2,1,1,1,WAIT_SEND,0.31029999999999996,0.0
175,737,2,1,1,1,WAIT_RECV,0.3691381469726561,1.9999999999997797E-4
175,737,2,1,1,1,EXECUTION,0.3691381469726561,0.037946048990885384
175,737,2,1,1,1,WAIT_SEND,0.4070841959635415,0.0
175,734,2,0,0,0,WAIT_SEND,0.29009999999999997,0.0
175,734,2,0,0,0,WAIT_RECV,0.4072841959635415,1.9999999999997797E-4
202,881,14,1,80,1,EXECUTION,0.3364190734863281,0.010000000000000009
202,881,14,1,80,1,WAIT_SEND,0.3464190734863281,0.0
202,881,14,1,80,1,WAIT_RECV,0.397619073486328,1.9999999999997797E-4
202,881,14,1,80,1,EXECUTION,0.397619073486328,0.010000000000000009
202,881,14,1,80,1,WAIT_SEND,0.40761907348632803,0.0
164,740,15,4,90,7,EXECUTION,0.2905,0.03831929012110208
164,740,15,4,90,7,WAIT_SEND,0.32881929012110206,0.0
164,740,15,4,90,7,WAIT_RECV,0.3679803623929436,1.9999999999997797E-4
164,740,15,4,90,7,EXECUTION,0.3679803623929436,0.03999999999999998
164,740,15,4,90,7,WAIT_SEND,0.4079803623929436,0.0
165,883,20,3,128,6,EXECUTION,0.3365166799374534,0.03019150059824144
165,883,20,3,128,6,WAIT_SEND,0.3667081805356948,0.0
165,883,20,3,128,6,WAIT_RECV,0.37941444091796855,1.9999999999997797E-4
165,883,20,3,128,6,EXECUTION,0.37941444091796855,0.028779027119308576
165,883,20,3,128,6,WAIT_SEND,0.40819346803727713,0.0
192,1017,39,3,223,4,EXECUTION,0.3830381469726562,0.0050000000000000044
192,1017,39,3,223,4,WAIT_SEND,0.3880381469726562,0.0
192,1017,39,3,223,4,WAIT_RECV,0.40383814697265613,1.9999999999997797E-4
192,1017,39,3,223,4,EXECUTION,0.40383814697265613,0.0050000000000000044
192,1017,39,3,223,4,WAIT_SEND,0.40883814697265614,0.0
202,876,10,0,53,0,WAIT_SEND,0.3351,0.0
202,876,10,0,53,0,WAIT_RECV,0.4089381469726561,0.0013190734863280928
226,996,27,1,166,5,EXECUTION,0.3764190734863281,0.010000000000000009
226,996,27,1,166,5,WAIT_SEND,0.3864190734863281,0.0
226,996,27,1,166,5,WAIT_RECV,0.3990572204589843,0.0013190734863280928
226,996,27,1,166,5,EXECUTION,0.3990572204589843,0.010000000000000009
226,996,27,1,166,5,WAIT_SEND,0.4090572204589843,0.0
196,1072,16,6,98,9,EXECUTION,0.40031546630353093,0.010000000000000009
196,1072,16,6,98,9,WAIT_SEND,0.41031546630353094,0.0
226,992,29,0,175,0,WAIT_SEND,0.3751,0.0
226,992,29,0,175,0,WAIT_RECV,0.4103762939453124,0.0013190734863280928
116,478,9,1,48,1,EXECUTION,0.19029999999999997,0.03
116,478,9,1,48,1,WAIT_SEND,0.22029999999999997,0.0
116,478,9,1,48,1,WAIT_RECV,0.3598068955086601,0.0013190734863280928
116,478,9,1,48,1,EXECUTION,0.3598068955086601,0.05059991510122791
116,478,9,1,48,1,WAIT_SEND,0.410406810609888,0.0
178,857,11,2,64,7,EXECUTION,0.326619073486328,0.02867629394531246
178,857,11,2,64,7,WAIT_SEND,0.3552953674316405,0.0
178,857,11,2,64,7,WAIT_RECV,0.39057166137695287,0.0013190734863280928
178,857,11,2,64,7,EXECUTION,0.39057166137695287,0.020000000000000018
178,857,11,2,64,7,WAIT_SEND,0.4105716613769529,0.0
116,475,9,0,47,0,WAIT_SEND,0.1901,0.0
116,475,9,0,47,0,WAIT_RECV,0.41060681060988796,1.9999999999997797E-4
173,922,20,3,128,6,EXECUTION,0.34980945947846903,0.03019150059824144
173,922,20,3,128,6,WAIT_SEND,0.38000096007671047,0.0
173,922,20,3,128,6,WAIT_RECV,0.39040096007671043,1.9999999999997797E-4
173,922,20,3,128,6,EXECUTION,0.39040096007671043,0.021454681013480636
173,922,20,3,128,6,WAIT_SEND,0.41185564109019107,0.0
171,1012,31,2,198,6,EXECUTION,0.38150357142857144,0.010000000000000009
171,1012,31,2,198,6,WAIT_SEND,0.39150357142857145,0.0
171,1012,31,2,198,6,WAIT_RECV,0.4019035714285714,1.9999999999997797E-4
171,1012,31,2,198,6,EXECUTION,0.4019035714285714,0.010000000000000009
171,1012,31,2,198,6,WAIT_SEND,0.4119035714285714,0.0
221,1078,24,4,150,9,EXECUTION,0.4020088737996417,0.010000000000000009
221,1078,24,4,150,9,WAIT_SEND,0.4120088737996417,0.0
204,1007,8,3,43,6,EXECUTION,0.38029999999999997,0.010000000000000009
204,1007,8,3,43,6,WAIT_SEND,0.3903,0.0
204,1007,8,3,43,6,WAIT_RECV,0.4029381469726562,0.0013190734863280928
204,1007,8,3,43,6,EXECUTION,0.4029381469726562,0.010000000000000009
204,1007,8,3,43,6,WAIT_SEND,0.4129381469726562,0.0
200,1096,39,6,234,8,EXECUTION,0.4084286102294921,0.0050000000000000044
200,1096,39,6,234,8,WAIT_SEND,0.4134286102294921,0.0
185,1085,15,5,91,9,EXECUTION,0.4034652311197914,0.010000000000000009
185,1085,15,5,91,9,WAIT_SEND,0.4134652311197914,0.0
186,975,26,1,160,6,EXECUTION,0.36861145154105274,0.02236334771580173
186,975,26,1,160,6,WAIT_SEND,0.39097479925685447,0.0
186,975,26,1,160,6,WAIT_RECV,0.40137479925685443,1.9999999999997797E-4
186,975,26,1,160,6,EXECUTION,0.40137479925685443,0.012763347715801732
186,975,26,1,160,6,WAIT_SEND,0.41413814697265616,0.0
212,956,19,0,121,7,EXECUTION,0.3616190734863281,0.010000000000000009
212,956,19,0,121,7,WAIT_SEND,0.3716190734863281,0.0
212,956,19,0,121,7,WAIT_RECV,0.4046572204589843,1.9999999999997797E-4
212,956,19,0,121,7,EXECUTION,0.4046572204589843,0.010000000000000009
212,956,19,0,121,7,WAIT_SEND,0.4146572204589843,0.0
225,1090,5,3,27,9,EXECUTION,0.4058999999999999,0.010000000000000009
225,1090,5,3,27,9,WAIT_SEND,0.41589999999999994,0.0
149,630,30,1,186,1,EXECUTION,0.24529999999999996,0.044999999999999984
149,630,30,1,186,1,WAIT_SEND,0.29029999999999995,0.0
149,630,30,1,186,1,WAIT_RECV,0.36019340576171854,1.9999999999997797E-4
149,630,30,1,186,1,EXECUTION,0.36019340576171854,0.05590848498535156
149,630,30,1,186,1,WAIT_SEND,0.4161018907470701,0.0
149,628,30,0,185,0,WAIT_SEND,0.24509999999999998,0.0
149,628,30,0,185,0,WAIT_RECV,0.4163018907470701,1.9999999999997797E-4
194,899,26,3,162,7,EXECUTION,0.34274768371582026,0.011190463256835925
194,899,26,3,162,7,WAIT_SEND,0.3539381469726562,0.0
194,899,26,3,162,7,WAIT_RECV,0.40710149468845785,1.9999999999997797E-4
194,899,26,3,162,7,EXECUTION,0.40710149468845785,0.010000000000000009
194,899,26,3,162,7,WAIT_SEND,0.41710149468845786,0.0
184,1030,3,1,6,6,EXECUTION,0.38681907348632805,0.010000000000000009
184,1030,3,1,6,6,WAIT_SEND,0.39681907348632806,0.0
184,1030,3,1,6,6,WAIT_RECV,0.407219073486328,1.9999999999997797E-4
184,1030,3,1,6,6,EXECUTION,0.407219073486328,0.010000000000000009
184,1030,3,1,6,6,WAIT_SEND,0.41721907348632803,0.0
215,1026,8,4,44,6,EXECUTION,0.38569999999999993,0.010000000000000009
215,1026,8,4,44,6,WAIT_SEND,0.39569999999999994,0.0
215,1026,8,4,44,6,WAIT_RECV,0.40833814697265614,0.0013190734863280928
215,1026,8,4,44,6,EXECUTION,0.40833814697265614,0.010000000000000009
215,1026,8,4,44,6,WAIT_SEND,0.41833814697265614,0.0
206,1112,39,0,236,9,EXECUTION,0.4134286102294921,0.0050000000000000044
206,1112,39,0,236,9,WAIT_SEND,0.4184286102294921,0.0
206,1113,39,3,239,10,EXECUTION,0.4134286102294921,0.0050000000000000044
206,1113,39,3,239,10,WAIT_SEND,0.4184286102294921,0.0
200,1082,39,5,225,5,EXECUTION,0.40322861022949213,0.0050000000000000044
200,1082,39,5,225,5,WAIT_SEND,0.40822861022949214,0.0
200,1082,39,5,225,5,WAIT_RECV,0.4136286102294921,1.9999999999997797E-4
200,1082,39,5,225,5,EXECUTION,0.4136286102294921,0.0050000000000000044
200,1082,39,5,225,5,WAIT_SEND,0.4186286102294921,0.0
195,913,33,2,209,7,EXECUTION,0.3466190734863281,0.010000000000000009
195,913,33,2,209,7,WAIT_SEND,0.3566190734863281,0.0
195,913,33,2,209,7,WAIT_RECV,0.39855416278044353,1.9999999999997797E-4
195,913,33,2,209,7,EXECUTION,0.39855416278044353,0.02137017858823087
195,913,33,2,209,7,WAIT_SEND,0.4199243413686744,0.0
210,1079,2,4,4,9,EXECUTION,0.4025400691303675,0.017735255491044655
210,1079,2,4,4,9,WAIT_SEND,0.42027532462141215,0.0
196,1038,16,3,95,6,EXECUTION,0.39011546630353094,0.010000000000000009
196,1038,16,3,95,6,WAIT_SEND,0.40011546630353095,0.0
196,1038,16,3,95,6,WAIT_RECV,0.4105154663035309,1.9999999999997797E-4
196,1038,16,3,95,6,EXECUTION,0.4105154663035309,0.010000000000000009
196,1038,16,3,95,6,WAIT_SEND,0.4205154663035309,0.0
178,761,11,1,63,1,EXECUTION,0.29641907348632807,0.02999999999999997
178,761,11,1,63,1,WAIT_SEND,0.32641907348632804,0.0
178,761,11,1,63,1,WAIT_RECV,0.41077166137695287,1.9999999999997797E-4
178,761,11,1,63,1,EXECUTION,0.41077166137695287,0.010000000000000009
178,761,11,1,63,1,WAIT_SEND,0.4207716613769529,0.0
178,755,13,0,73,0,WAIT_SEND,0.2951,0.0
178,755,13,0,73,0,WAIT_RECV,0.42209073486328097,0.0013190734863280928
171,954,31,4,200,7,EXECUTION,0.36130357142857145,0.020000000000000018
171,954,31,4,200,7,WAIT_SEND,0.38130357142857146,0.0
171,954,31,4,200,7,WAIT_RECV,0.4121035714285714,1.9999999999997797E-4
171,954,31,4,200,7,EXECUTION,0.4121035714285714,0.010000000000000009
171,954,31,4,200,7,WAIT_SEND,0.4221035714285714,0.0
221,1048,24,2,148,6,EXECUTION,0.3918088737996417,0.010000000000000009
221,1048,24,2,148,6,WAIT_SEND,0.4018088737996417,0.0
221,1048,24,2,148,6,WAIT_RECV,0.41220887379964166,1.9999999999997797E-4
221,1048,24,2,148,6,EXECUTION,0.41220887379964166,0.010000000000000009
221,1048,24,2,148,6,WAIT_SEND,0.42220887379964167,0.0
211,1086,2,4,4,9,EXECUTION,0.40480481363932286,0.017735255491044655
211,1086,2,4,4,9,WAIT_SEND,0.4225400691303675,0.0
206,1095,39,7,227,6,EXECUTION,0.40822861022949214,0.0050000000000000044
206,1095,39,7,227,6,WAIT_SEND,0.41322861022949214,0.0
206,1095,39,7,227,6,WAIT_SEND,0.41322861022949214,0.0
206,1095,39,7,227,6,WAIT_RECV,0.4186286102294921,1.9999999999997797E-4
206,1095,39,7,227,6,WAIT_RECV,0.4186286102294921,1.9999999999997797E-4
206,1095,39,7,227,6,EXECUTION,0.4186286102294921,0.0050000000000000044
206,1095,39,7,227,6,WAIT_SEND,0.4236286102294921,0.0
200,1051,39,6,218,3,EXECUTION,0.39302861022949215,0.010000000000000009
200,1051,39,6,218,3,WAIT_SEND,0.40302861022949216,0.0
200,1051,39,6,218,3,WAIT_RECV,0.4188286102294921,1.9999999999997797E-4
200,1051,39,6,218,3,EXECUTION,0.4188286102294921,0.0050000000000000044
200,1051,39,6,218,3,WAIT_SEND,0.4238286102294921,0.0
224,1114,17,5,105,9,EXECUTION,0.41426675720214834,0.010000000000000009
224,1114,17,5,105,9,WAIT_SEND,0.42426675720214835,0.0
209,1116,11,3,65,9,EXECUTION,0.41455390400698144,0.010000000000000009
209,1116,11,3,65,9,WAIT_SEND,0.42455390400698145,0.0
228,1117,18,5,111,9,EXECUTION,0.4145588482728985,0.010000000000000009
228,1117,18,5,111,9,WAIT_SEND,0.4245588482728985,0.0
212,931,19,4,117,1,EXECUTION,0.3514190734863281,0.010000000000000009
212,931,19,4,117,1,WAIT_SEND,0.3614190734863281,0.0
212,931,19,4,117,1,WAIT_RECV,0.41485722045898427,1.9999999999997797E-4
212,931,19,4,117,1,EXECUTION,0.41485722045898427,0.010000000000000009
212,931,19,4,117,1,WAIT_SEND,0.4248572204589843,0.0
166,799,20,4,129,7,EXECUTION,0.30663814697265623,0.028774094124930205
166,799,20,4,129,7,WAIT_SEND,0.33541224109758644,0.0
166,799,20,4,129,7,WAIT_RECV,0.40595152227589426,1.9999999999997797E-4
166,799,20,4,129,7,EXECUTION,0.40595152227589426,0.020000000000000018
166,799,20,4,129,7,WAIT_SEND,0.4259515222758943,0.0
225,1062,5,5,21,6,EXECUTION,0.39569999999999994,0.010000000000000009
225,1062,5,5,21,6,WAIT_SEND,0.40569999999999995,0.0
225,1062,5,5,21,6,WAIT_RECV,0.4160999999999999,1.9999999999997797E-4
225,1062,5,5,21,6,EXECUTION,0.4160999999999999,0.010000000000000009
225,1062,5,5,21,6,WAIT_SEND,0.4260999999999999,0.0
212,925,25,0,151,0,WAIT_SEND,0.3501,0.0
212,925,25,0,151,0,WAIT_RECV,0.42617629394531237,0.0013190734863280928
170,714,9,1,48,1,EXECUTION,0.2803,0.05499999999999999
170,714,9,1,48,1,WAIT_SEND,0.3353,0.0
170,714,9,1,48,1,WAIT_RECV,0.4041381469726561,0.0013190734863280928
170,714,9,1,48,1,EXECUTION,0.4041381469726561,0.022328216726585637
170,714,9,1,48,1,WAIT_SEND,0.42646636369924174,0.0
203,909,8,6,46,7,EXECUTION,0.3455,0.011657220458984263
203,909,8,6,46,7,WAIT_SEND,0.35715722045898424,0.0
203,909,8,6,46,7,WAIT_RECV,0.3901953674316404,1.9999999999997797E-4
203,909,8,6,46,7,EXECUTION,0.3901953674316404,0.03636203409830713
203,909,8,6,46,7,WAIT_SEND,0.42655740152994753,0.0
243,1126,19,2,123,8,EXECUTION,0.4166190734863281,0.010000000000000009
243,1126,19,2,123,8,WAIT_SEND,0.4266190734863281,0.0
170,711,9,0,47,0,WAIT_SEND,0.2801,0.0
170,711,9,0,47,0,WAIT_RECV,0.4266663636992417,1.9999999999997797E-4
167,697,5,0,16,0,WAIT_SEND,0.2751,0.0
167,697,5,0,16,0,WAIT_RECV,0.42675722045898423,0.06292861022949214
181,855,32,2,206,7,EXECUTION,0.326198536634445,0.02043655265967048
181,855,32,2,206,7,WAIT_SEND,0.34663508929411546,0.0
181,855,32,2,206,7,WAIT_RECV,0.3908083255608871,0.0013190734863280928
181,855,32,2,206,7,EXECUTION,0.3908083255608871,0.03656169430336326
181,855,32,2,206,7,WAIT_SEND,0.4273700198642504,0.0
184,969,3,2,7,7,EXECUTION,0.36661907348632805,0.020000000000000018
184,969,3,2,7,7,WAIT_SEND,0.38661907348632807,0.0
184,969,3,2,7,7,WAIT_RECV,0.417419073486328,1.9999999999997797E-4
184,969,3,2,7,7,EXECUTION,0.417419073486328,0.010000000000000009
184,969,3,2,7,7,WAIT_SEND,0.427419073486328,0.0
232,1129,23,4,143,9,EXECUTION,0.41814768371582023,0.010000000000000009
232,1129,23,4,143,9,WAIT_SEND,0.42814768371582024,0.0
165,779,20,5,130,7,EXECUTION,0.30220722045898435,0.03410945947846905
165,779,20,5,130,7,WAIT_SEND,0.3363166799374534,0.0
165,779,20,5,130,7,WAIT_RECV,0.4083934680372771,1.9999999999997797E-4
165,779,20,5,130,7,EXECUTION,0.4083934680372771,0.020000000000000018
165,779,20,5,130,7,WAIT_SEND,0.4283934680372771,0.0
206,1081,39,1,221,4,EXECUTION,0.40302861022949216,0.0050000000000000044
206,1081,39,1,221,4,WAIT_SEND,0.40802861022949216,0.0
206,1081,39,1,221,4,WAIT_RECV,0.4238286102294921,1.9999999999997797E-4
206,1081,39,1,221,4,EXECUTION,0.4238286102294921,0.0050000000000000044
206,1081,39,1,221,4,WAIT_SEND,0.4288286102294921,0.0
180,839,15,4,90,7,EXECUTION,0.32049999999999995,0.03035821784926046
180,839,15,4,90,7,WAIT_SEND,0.3508582178492604,0.0
180,839,15,4,90,7,WAIT_RECV,0.390019290121102,1.9999999999997797E-4
180,839,15,4,90,7,EXECUTION,0.390019290121102,0.03916012079764786
180,839,15,4,90,7,WAIT_SEND,0.42917941091874984,0.0
189,1130,31,6,202,9,EXECUTION,0.41965998809632765,0.010000000000000009
189,1130,31,6,202,9,WAIT_SEND,0.42965998809632766,0.0
173,827,20,5,130,7,EXECUTION,0.3155,0.03410945947846905
173,827,20,5,130,7,WAIT_SEND,0.34960945947846905,0.0
173,827,20,5,130,7,WAIT_RECV,0.41205564109019105,1.9999999999997797E-4
173,827,20,5,130,7,EXECUTION,0.41205564109019105,0.018168913473543047
173,827,20,5,130,7,WAIT_SEND,0.4302245545637341,0.0
159,678,30,1,186,1,EXECUTION,0.2653,0.05477618530273437
159,678,30,1,186,1,WAIT_SEND,0.32007618530273435,0.0
159,678,30,1,186,1,WAIT_RECV,0.3835143322753905,1.9999999999997797E-4
159,678,30,1,186,1,EXECUTION,0.3835143322753905,0.04677722733561196
159,678,30,1,186,1,WAIT_SEND,0.43029155961100246,0.0
194,843,28,3,172,1,EXECUTION,0.32142861022949215,0.020000000000000018
194,843,28,3,172,1,WAIT_SEND,0.34142861022949217,0.0
194,843,28,3,172,1,WAIT_RECV,0.41842056817478596,0.0013190734863280928
194,843,28,3,172,1,EXECUTION,0.41842056817478596,0.012001494688457903
194,843,28,3,172,1,WAIT_SEND,0.43042206286324386,0.0
159,675,30,0,185,0,WAIT_SEND,0.2651,0.0
159,675,30,0,185,0,WAIT_RECV,0.43049155961100244,1.9999999999997797E-4
196,1002,16,5,97,7,EXECUTION,0.37991546630353096,0.010000000000000009
196,1002,16,5,97,7,WAIT_SEND,0.38991546630353097,0.0
196,1002,16,5,97,7,WAIT_RECV,0.4207154663035309,1.9999999999997797E-4
196,1002,16,5,97,7,EXECUTION,0.4207154663035309,0.010000000000000009
196,1002,16,5,97,7,WAIT_SEND,0.4307154663035309,0.0
148,629,21,1,134,1,EXECUTION,0.24529999999999996,0.07365837481982113
148,629,21,1,134,1,WAIT_SEND,0.3189583748198211,0.0
148,629,21,1,134,1,WAIT_RECV,0.38903682108561155,0.0013190734863280928
148,629,21,1,134,1,EXECUTION,0.38903682108561155,0.041705976626826236
148,629,21,1,134,1,WAIT_SEND,0.4307427977124378,0.0
205,1136,15,5,91,9,EXECUTION,0.42089999999999994,0.010000000000000009
205,1136,15,5,91,9,WAIT_SEND,0.43089999999999995,0.0
148,627,21,0,133,0,WAIT_SEND,0.24509999999999998,0.0
148,627,21,0,133,0,WAIT_RECV,0.43094279771243776,1.9999999999997797E-4
195,854,29,3,178,1,EXECUTION,0.3253,0.020000000000000018
195,854,29,3,178,1,WAIT_SEND,0.3453,0.0
195,854,29,3,178,1,WAIT_RECV,0.4212434148550025,0.0013190734863280928
195,854,29,3,178,1,EXECUTION,0.4212434148550025,0.010000000000000009
195,854,29,3,178,1,WAIT_SEND,0.4312434148550025,0.0
195,852,29,0,175,0,WAIT_SEND,0.3251,0.0
195,852,29,0,175,0,WAIT_RECV,0.4314434148550025,1.9999999999997797E-4
210,1044,7,3,37,6,EXECUTION,0.3912209956440394,0.010000000000000009
210,1044,7,3,37,6,WAIT_SEND,0.4012209956440394,0.0
210,1044,7,3,37,6,WAIT_RECV,0.42159439810774024,0.0013190734863280928
210,1044,7,3,37,6,EXECUTION,0.42159439810774024,0.010000000000000009
210,1044,7,3,37,6,WAIT_SEND,0.43159439810774025,0.0
194,835,26,0,159,0,WAIT_SEND,0.3201,0.0
194,835,26,0,159,0,WAIT_RECV,0.43174113634957195,0.0013190734863280928
235,1137,14,6,85,9,EXECUTION,0.42201907348632806,0.010000000000000009
235,1137,14,6,85,9,WAIT_SEND,0.43201907348632806,0.0
124,518,21,1,134,1,EXECUTION,0.2064190734863281,0.07681690117683615
124,518,21,1,134,1,WAIT_SEND,0.28323597466316425,0.0
124,518,21,1,134,1,WAIT_RECV,0.3913206055031304,0.0013190734863280928
124,518,21,1,134,1,EXECUTION,0.3913206055031304,0.0407674167759805
124,518,21,1,134,1,WAIT_SEND,0.4320880222791109,0.0
217,1154,39,3,231,7,EXECUTION,0.4282286102294921,0.0050000000000000044
217,1154,39,3,231,7,WAIT_SEND,0.4332286102294921,0.0
198,1141,33,3,210,9,EXECUTION,0.42338458437350557,0.010000000000000009
198,1141,33,3,210,9,WAIT_SEND,0.4333845843735056,0.0
124,511,25,0,151,0,WAIT_SEND,0.2051,0.0
124,511,25,0,151,0,WAIT_RECV,0.433407095765439,0.0013190734863280928
214,1157,39,4,240,10,EXECUTION,0.4284286102294921,0.0050000000000000044
214,1157,39,4,240,10,WAIT_SEND,0.4334286102294921,0.0
214,1156,39,1,237,9,EXECUTION,0.4284286102294921,0.0050000000000000044
214,1156,39,1,237,9,WAIT_SEND,0.4334286102294921,0.0
185,1049,15,3,89,6,EXECUTION,0.39198261555989566,0.011282615559895737
185,1049,15,3,89,6,WAIT_SEND,0.4032652311197914,0.0
185,1049,15,3,89,6,WAIT_RECV,0.41366523111979137,1.9999999999997797E-4
185,1049,15,3,89,6,EXECUTION,0.41366523111979137,0.020000000000000018
185,1049,15,3,89,6,WAIT_SEND,0.4336652311197914,0.0
143,604,31,1,197,1,EXECUTION,0.23534942092895497,0.05637203867340082
143,604,31,1,197,1,WAIT_SEND,0.2917214596023558,0.0
143,604,31,1,197,1,WAIT_RECV,0.35731959072113023,1.9999999999997797E-4
143,604,31,1,197,1,EXECUTION,0.35731959072113023,0.07636979891631063
143,604,31,1,197,1,WAIT_SEND,0.43368938963744086,0.0
211,1055,4,2,12,6,EXECUTION,0.39348574015299476,0.010000000000000009
211,1055,4,2,12,6,WAIT_SEND,0.40348574015299477,0.0
211,1055,4,2,12,6,WAIT_RECV,0.4238591426166956,0.0013190734863280928
211,1055,4,2,12,6,EXECUTION,0.4238591426166956,0.010000000000000009
211,1055,4,2,12,6,WAIT_SEND,0.4338591426166956,0.0
143,601,31,0,196,0,WAIT_SEND,0.2351,0.0
143,601,31,0,196,0,WAIT_RECV,0.43388938963744084,1.9999999999997797E-4
204,978,2,3,3,7,EXECUTION,0.3689179153442381,0.010000000000000009
204,978,2,3,3,7,WAIT_SEND,0.37891791534423813,0.0
204,978,2,3,3,7,WAIT_RECV,0.4142572204589843,0.0013190734863280928
204,978,2,3,3,7,EXECUTION,0.4142572204589843,0.019829155137803867
204,978,2,3,3,7,WAIT_SEND,0.43408637559678814,0.0
139,586,31,1,197,1,EXECUTION,0.23029999999999998,0.05388593051147458
139,586,31,1,197,1,WAIT_SEND,0.28418593051147456,0.0
139,586,31,1,197,1,WAIT_RECV,0.35773512594041373,1.9999999999997797E-4
139,586,31,1,197,1,EXECUTION,0.35773512594041373,0.07636979891631063
139,586,31,1,197,1,WAIT_SEND,0.43410492485672436,0.0
139,584,31,0,196,0,WAIT_SEND,0.2301,0.0
139,584,31,0,196,0,WAIT_RECV,0.43430492485672434,1.9999999999997797E-4
135,572,21,1,134,1,EXECUTION,0.22529999999999997,0.0774637222624481
135,572,21,1,134,1,WAIT_SEND,0.3027637222624481,0.0
135,572,21,1,134,1,WAIT_RECV,0.3982935067132027,0.0013190734863280928
135,572,21,1,134,1,EXECUTION,0.3982935067132027,0.036673053688508594
135,572,21,1,134,1,WAIT_SEND,0.4349665604017113,0.0
135,568,21,0,133,0,WAIT_SEND,0.2251,0.0
135,568,21,0,133,0,WAIT_RECV,0.43516656040171126,1.9999999999997797E-4
224,1080,13,1,74,6,EXECUTION,0.40294768371582024,0.010000000000000009
224,1080,13,1,74,6,WAIT_SEND,0.41294768371582025,0.0
224,1080,13,1,74,6,WAIT_RECV,0.42558583068847644,0.0013190734863280928
224,1080,13,1,74,6,EXECUTION,0.42558583068847644,0.010000000000000009
224,1080,13,1,74,6,WAIT_SEND,0.43558583068847645,0.0
209,1083,13,2,75,6,EXECUTION,0.40323483052065334,0.010000000000000009
209,1083,13,2,75,6,WAIT_SEND,0.41323483052065335,0.0
209,1083,13,2,75,6,WAIT_RECV,0.42587297749330955,0.0013190734863280928
209,1083,13,2,75,6,EXECUTION,0.42587297749330955,0.010000000000000009
209,1083,13,2,75,6,WAIT_SEND,0.43587297749330955,0.0
228,1084,19,7,120,6,EXECUTION,0.4032397747865704,0.010000000000000009
228,1084,19,7,120,6,WAIT_SEND,0.4132397747865704,0.0
228,1084,19,7,120,6,WAIT_RECV,0.4258779217592266,0.0013190734863280928
228,1084,19,7,120,6,EXECUTION,0.4258779217592266,0.010000000000000009
228,1084,19,7,120,6,WAIT_SEND,0.4358779217592266,0.0
219,1148,20,7,132,9,EXECUTION,0.42589999999999995,0.010000000000000009
219,1148,20,7,132,9,WAIT_SEND,0.43589999999999995,0.0
225,1025,5,6,22,7,EXECUTION,0.38549999999999995,0.010000000000000009
225,1025,5,6,22,7,WAIT_SEND,0.39549999999999996,0.0
225,1025,5,6,22,7,WAIT_RECV,0.4262999999999999,1.9999999999997797E-4
225,1025,5,6,22,7,EXECUTION,0.4262999999999999,0.010000000000000009
225,1025,5,6,22,7,WAIT_SEND,0.4362999999999999,0.0
243,1092,19,5,118,5,EXECUTION,0.4064190734863281,0.010000000000000009
243,1092,19,5,118,5,WAIT_SEND,0.4164190734863281,0.0
243,1092,19,5,118,5,WAIT_RECV,0.4268190734863281,1.9999999999997797E-4
243,1092,19,5,118,5,EXECUTION,0.4268190734863281,0.010000000000000009
243,1092,19,5,118,5,WAIT_SEND,0.4368190734863281,0.0
243,1088,18,0,106,0,WAIT_SEND,0.4051,0.0
243,1088,18,0,106,0,WAIT_RECV,0.4381381469726562,0.0013190734863280928
164,689,15,2,88,1,EXECUTION,0.2703,0.020000000000000018
164,689,15,2,88,1,WAIT_SEND,0.2903,0.0
164,689,15,2,88,1,WAIT_RECV,0.4081803623929436,1.9999999999997797E-4
164,689,15,2,88,1,EXECUTION,0.4081803623929436,0.02999999999999997
164,689,15,2,88,1,WAIT_SEND,0.43818036239294356,0.0
232,1094,23,1,140,6,EXECUTION,0.40794768371582024,0.010000000000000009
232,1094,23,1,140,6,WAIT_SEND,0.41794768371582025,0.0
232,1094,23,1,140,6,WAIT_RECV,0.4283476837158202,1.9999999999997797E-4
232,1094,23,1,140,6,EXECUTION,0.4283476837158202,0.010000000000000009
232,1094,23,1,140,6,WAIT_SEND,0.4383476837158202,0.0
164,686,15,0,86,0,WAIT_SEND,0.2701,0.0
164,686,15,0,86,0,WAIT_RECV,0.43838036239294353,1.9999999999997797E-4
217,1169,39,7,235,8,EXECUTION,0.4334286102294921,0.0050000000000000044
217,1169,39,7,235,8,WAIT_SEND,0.4384286102294921,0.0
214,1140,39,0,228,6,EXECUTION,0.4232286102294921,0.0050000000000000044
214,1140,39,0,228,6,WAIT_SEND,0.4282286102294921,0.0
214,1140,39,0,228,6,WAIT_SEND,0.4282286102294921,0.0
214,1140,39,0,228,6,WAIT_RECV,0.43362861022949206,1.9999999999997797E-4
214,1140,39,0,228,6,WAIT_RECV,0.43362861022949206,1.9999999999997797E-4
214,1140,39,0,228,6,EXECUTION,0.43362861022949206,0.0050000000000000044
214,1140,39,0,228,6,WAIT_SEND,0.43862861022949207,0.0
184,792,9,1,48,1,EXECUTION,0.30529999999999996,0.06
184,792,9,1,48,1,WAIT_SEND,0.36529999999999996,0.0
184,792,9,1,48,1,WAIT_RECV,0.4287381469726561,0.0013190734863280928
184,792,9,1,48,1,EXECUTION,0.4287381469726561,0.010000000000000009
184,792,9,1,48,1,WAIT_SEND,0.4387381469726561,0.0
184,789,9,0,47,0,WAIT_SEND,0.3051,0.0
184,789,9,0,47,0,WAIT_RECV,0.4389381469726561,1.9999999999997797E-4
189,1097,31,3,199,6,EXECUTION,0.40945998809632767,0.010000000000000009
189,1097,31,3,199,6,WAIT_SEND,0.4194599880963277,0.0
189,1097,31,3,199,6,WAIT_RECV,0.42985998809632764,1.9999999999997797E-4
189,1097,31,3,199,6,EXECUTION,0.42985998809632764,0.010000000000000009
189,1097,31,3,199,6,WAIT_SEND,0.43985998809632765,0.0
210,986,7,5,39,7,EXECUTION,0.3716190734863281,0.019401922157711304
210,986,7,5,39,7,WAIT_SEND,0.3910209956440394,0.0
210,986,7,5,39,7,WAIT_RECV,0.43179439810774023,1.9999999999997797E-4
210,986,7,5,39,7,EXECUTION,0.43179439810774023,0.010000000000000009
210,986,7,5,39,7,WAIT_SEND,0.44179439810774024,0.0
205,1074,15,3,89,6,EXECUTION,0.40069999999999995,0.020000000000000018
205,1074,15,3,89,6,WAIT_SEND,0.42069999999999996,0.0
205,1074,15,3,89,6,WAIT_RECV,0.4310999999999999,1.9999999999997797E-4
205,1074,15,3,89,6,EXECUTION,0.4310999999999999,0.011282615559895737
205,1074,15,3,89,6,WAIT_SEND,0.44238261555989566,0.0
217,1155,39,6,226,5,EXECUTION,0.4282286102294921,0.0050000000000000044
217,1155,39,6,226,5,WAIT_SEND,0.4332286102294921,0.0
217,1155,39,6,226,5,WAIT_RECV,0.43862861022949207,1.9999999999997797E-4
217,1155,39,6,226,5,EXECUTION,0.43862861022949207,0.0050000000000000044
217,1155,39,6,226,5,WAIT_SEND,0.44362861022949207,0.0
213,1171,33,4,211,9,EXECUTION,0.43374312609863264,0.010000000000000009
213,1171,33,4,211,9,WAIT_SEND,0.44374312609863265,0.0
214,1128,39,2,222,4,EXECUTION,0.4180286102294921,0.0050000000000000044
214,1128,39,2,222,4,WAIT_SEND,0.4230286102294921,0.0
214,1128,39,2,222,4,WAIT_RECV,0.43882861022949204,1.9999999999997797E-4
214,1128,39,2,222,4,EXECUTION,0.43882861022949204,0.0050000000000000044
214,1128,39,2,222,4,WAIT_SEND,0.44382861022949205,0.0
174,742,30,1,186,1,EXECUTION,0.29141907348632806,0.055463814697265634
174,742,30,1,186,1,WAIT_SEND,0.3468828881835937,0.0
174,742,30,1,186,1,WAIT_RECV,0.40681907348632806,1.9999999999997797E-4
174,742,30,1,186,1,EXECUTION,0.40681907348632806,0.037260544120279904
174,742,30,1,186,1,WAIT_SEND,0.44407961760660797,0.0
174,736,33,0,207,0,WAIT_SEND,0.29009999999999997,0.0
174,736,33,0,207,0,WAIT_RECV,0.44539869109293606,0.0013190734863280928
209,1052,13,3,76,7,EXECUTION,0.39303483052065336,0.010000000000000009
209,1052,13,3,76,7,WAIT_SEND,0.40303483052065336,0.0
209,1052,13,3,76,7,WAIT_RECV,0.43607297749330953,1.9999999999997797E-4
209,1052,13,3,76,7,EXECUTION,0.43607297749330953,0.010000000000000009
209,1052,13,3,76,7,WAIT_SEND,0.44607297749330954,0.0
228,1042,19,1,122,7,EXECUTION,0.39049999999999996,0.012539774786570479
228,1042,19,1,122,7,WAIT_SEND,0.40303977478657044,0.0
228,1042,19,1,122,7,WAIT_RECV,0.4360779217592266,1.9999999999997797E-4
228,1042,19,1,122,7,EXECUTION,0.4360779217592266,0.010000000000000009
228,1042,19,1,122,7,WAIT_SEND,0.4460779217592266,0.0
219,1124,20,3,128,6,EXECUTION,0.41569999999999996,0.010000000000000009
219,1124,20,3,128,6,WAIT_SEND,0.42569999999999997,0.0
219,1124,20,3,128,6,WAIT_RECV,0.43609999999999993,1.9999999999997797E-4
219,1124,20,3,128,6,EXECUTION,0.43609999999999993,0.010000000000000009
219,1124,20,3,128,6,WAIT_SEND,0.44609999999999994,0.0
225,994,5,1,17,1,EXECUTION,0.37529999999999997,0.010000000000000009
225,994,5,1,17,1,WAIT_SEND,0.3853,0.0
225,994,5,1,17,1,WAIT_RECV,0.4364999999999999,1.9999999999997797E-4
225,994,5,1,17,1,EXECUTION,0.4364999999999999,0.010000000000000009
225,994,5,1,17,1,WAIT_SEND,0.4464999999999999,0.0
225,991,5,0,16,0,WAIT_SEND,0.3751,0.0
225,991,5,0,16,0,WAIT_RECV,0.4466999999999999,1.9999999999997797E-4
177,756,23,0,139,0,WAIT_SEND,0.2951,0.0
177,756,23,0,139,0,WAIT_RECV,0.4467572204589842,0.06292861022949214
216,1183,31,7,203,9,EXECUTION,0.4378920270589191,0.010000000000000009
216,1183,31,7,203,9,WAIT_SEND,0.4478920270589191,0.0
222,1184,5,4,28,9,EXECUTION,0.43853342386881494,0.010000000000000009
222,1184,5,4,28,9,WAIT_SEND,0.44853342386881495,0.0
232,1066,23,2,141,7,EXECUTION,0.39774768371582025,0.010000000000000009
232,1066,23,2,141,7,WAIT_SEND,0.40774768371582026,0.0
232,1066,23,2,141,7,WAIT_RECV,0.4385476837158202,1.9999999999997797E-4
232,1066,23,2,141,7,EXECUTION,0.4385476837158202,0.010000000000000009
232,1066,23,2,141,7,WAIT_SEND,0.4485476837158202,0.0
217,1139,39,4,216,2,EXECUTION,0.4230286102294921,0.0050000000000000044
217,1139,39,4,216,2,WAIT_SEND,0.4280286102294921,0.0
217,1139,39,4,216,2,WAIT_SEND,0.4280286102294921,0.0
217,1139,39,4,216,2,WAIT_RECV,0.4334286102294921,1.9999999999997797E-4
217,1139,39,4,216,2,WAIT_RECV,0.44382861022949205,1.9999999999997797E-4
217,1139,39,4,216,2,EXECUTION,0.44382861022949205,0.0050000000000000044
217,1139,39,4,216,2,WAIT_SEND,0.44882861022949205,0.0
180,772,15,1,87,1,EXECUTION,0.30029999999999996,0.020000000000000018
180,772,15,1,87,1,WAIT_SEND,0.3203,0.0
180,772,15,1,87,1,WAIT_RECV,0.4293794109187498,1.9999999999997797E-4
180,772,15,1,87,1,EXECUTION,0.4293794109187498,0.020000000000000018
180,772,15,1,87,1,WAIT_SEND,0.44937941091874983,0.0
180,769,15,0,86,0,WAIT_SEND,0.3001,0.0
180,769,15,0,86,0,WAIT_RECV,0.4495794109187498,1.9999999999997797E-4
215,967,8,6,46,7,EXECUTION,0.36549999999999994,0.020000000000000018
215,967,8,6,46,7,WAIT_SEND,0.38549999999999995,0.0
215,967,8,6,46,7,WAIT_RECV,0.4185381469726561,1.9999999999997797E-4
215,967,8,6,46,7,EXECUTION,0.4185381469726561,0.03269903089735232
215,967,8,6,46,7,WAIT_SEND,0.45123717787000844,0.0
210,930,7,2,36,1,EXECUTION,0.3514190734863281,0.020000000000000018
210,930,7,2,36,1,WAIT_SEND,0.37141907348632813,0.0
210,930,7,2,36,1,WAIT_RECV,0.4419943981077402,1.9999999999997797E-4
210,930,7,2,36,1,EXECUTION,0.4419943981077402,0.010000000000000009
210,930,7,2,36,1,WAIT_SEND,0.4519943981077402,0.0
210,924,3,0,5,0,WAIT_SEND,0.3501,0.0
210,924,3,0,5,0,WAIT_RECV,0.4533134715940683,0.0013190734863280928
235,1108,14,3,82,6,EXECUTION,0.41181907348632807,0.010000000000000009
235,1108,14,3,82,6,WAIT_SEND,0.4218190734863281,0.0
235,1108,14,3,82,6,WAIT_RECV,0.43221907348632804,1.9999999999997797E-4
235,1108,14,3,82,6,EXECUTION,0.43221907348632804,0.022180926513671817
235,1108,14,3,82,6,WAIT_SEND,0.45439999999999986,0.0
213,1138,30,5,190,6,EXECUTION,0.42242405261230453,0.010000000000000009
213,1138,30,5,190,6,WAIT_SEND,0.43242405261230454,0.0
213,1138,30,5,190,6,WAIT_RECV,0.44506219958496074,0.0013190734863280928
213,1138,30,5,190,6,EXECUTION,0.44506219958496074,0.010000000000000009
213,1138,30,5,190,6,WAIT_SEND,0.45506219958496075,0.0
211,1016,2,2,2,7,EXECUTION,0.38216666666666665,0.010000000000000009
211,1016,2,2,2,7,WAIT_SEND,0.39216666666666666,0.0
211,1016,2,2,2,7,WAIT_RECV,0.4351782161030237,0.0013190734863280928
211,1016,2,2,2,7,EXECUTION,0.4351782161030237,0.020000000000000018
211,1016,2,2,2,7,WAIT_SEND,0.4551782161030237,0.0
227,1206,3,3,8,9,EXECUTION,0.4457762939453124,0.010000000000000009
227,1206,3,3,8,9,WAIT_SEND,0.4557762939453124,0.0
166,706,20,1,126,1,EXECUTION,0.27643814697265623,0.030000000000000027
166,706,20,1,126,1,WAIT_SEND,0.30643814697265626,0.0
166,706,20,1,126,1,WAIT_RECV,0.42615152227589426,1.9999999999997797E-4
166,706,20,1,126,1,EXECUTION,0.42615152227589426,0.030000000000000027
166,706,20,1,126,1,WAIT_SEND,0.4561515222758943,0.0
228,1009,19,1,114,1,EXECUTION,0.38029999999999997,0.010000000000000009
228,1009,19,1,114,1,WAIT_SEND,0.3903,0.0
228,1009,19,1,114,1,WAIT_RECV,0.4462779217592266,1.9999999999997797E-4
228,1009,19,1,114,1,EXECUTION,0.4462779217592266,0.010000000000000009
228,1009,19,1,114,1,WAIT_SEND,0.4562779217592266,0.0
228,1004,19,0,113,0,WAIT_SEND,0.3801,0.0
228,1004,19,0,113,0,WAIT_RECV,0.4564779217592266,1.9999999999997797E-4
166,699,23,0,139,0,WAIT_SEND,0.2751,0.0
166,699,23,0,139,0,WAIT_RECV,0.4574705957622224,0.0013190734863280928
231,1208,24,4,150,9,EXECUTION,0.4476781427013587,0.010000000000000009
231,1208,24,4,150,9,WAIT_SEND,0.4576781427013587,0.0
221,995,24,3,149,7,EXECUTION,0.37549999999999994,0.016108873799641765
221,995,24,3,149,7,WAIT_SEND,0.3916088737996417,0.0
221,995,24,3,149,7,WAIT_RECV,0.42240887379964165,1.9999999999997797E-4
221,995,24,3,149,7,EXECUTION,0.42240887379964165,0.035301185812524005
221,995,24,3,149,7,WAIT_SEND,0.45771005961216565,0.0
230,1210,6,4,33,9,EXECUTION,0.44853342386881495,0.010000000000000009
230,1210,6,4,33,9,WAIT_SEND,0.45853342386881496,0.0
216,1151,30,2,187,6,EXECUTION,0.426572953572591,0.010000000000000009
216,1151,30,2,187,6,WAIT_SEND,0.436572953572591,0.0
216,1151,30,2,187,6,WAIT_RECV,0.4492111005452472,0.0013190734863280928
216,1151,30,2,187,6,EXECUTION,0.4492111005452472,0.010000000000000009
216,1151,30,2,187,6,WAIT_SEND,0.4592111005452472,0.0
165,705,20,2,127,1,EXECUTION,0.27643814697265623,0.025569073486328142
165,705,20,2,127,1,WAIT_SEND,0.30200722045898437,0.0
165,705,20,2,127,1,WAIT_RECV,0.4285934680372771,1.9999999999997797E-4
165,705,20,2,127,1,EXECUTION,0.4285934680372771,0.03109782267909239
165,705,20,2,127,1,WAIT_SEND,0.4596912907163695,0.0
222,1153,8,5,45,6,EXECUTION,0.42721435038248684,0.010000000000000009
222,1153,8,5,45,6,WAIT_SEND,0.43721435038248685,0.0
222,1153,8,5,45,6,WAIT_RECV,0.44985249735514304,0.0013190734863280928
222,1153,8,5,45,6,EXECUTION,0.44985249735514304,0.010000000000000009
222,1153,8,5,45,6,WAIT_SEND,0.45985249735514305,0.0
232,1028,22,1,137,1,EXECUTION,0.38642861022949215,0.010000000000000009
232,1028,22,1,137,1,WAIT_SEND,0.39642861022949216,0.0
232,1028,22,1,137,1,WAIT_RECV,0.4498667572021483,0.0013190734863280928
232,1028,22,1,137,1,EXECUTION,0.4498667572021483,0.010000000000000009
232,1028,22,1,137,1,WAIT_SEND,0.4598667572021483,0.0
189,1050,31,5,201,7,EXECUTION,0.39224273305620455,0.017017255040123136
189,1050,31,5,201,7,WAIT_SEND,0.4092599880963277,0.0
189,1050,31,5,201,7,WAIT_RECV,0.4400599880963276,1.9999999999997797E-4
189,1050,31,5,201,7,EXECUTION,0.4400599880963276,0.020000000000000018
189,1050,31,5,201,7,WAIT_SEND,0.46005998809632764,0.0
150,643,31,1,197,1,EXECUTION,0.25029999999999997,0.062352270301818835
150,643,31,1,197,1,WAIT_SEND,0.3126522703018188,0.0
150,643,31,1,197,1,WAIT_RECV,0.3857859305114745,1.9999999999997797E-4
150,643,31,1,197,1,EXECUTION,0.3857859305114745,0.07493145660265771
150,643,31,1,197,1,WAIT_SEND,0.4607173871141322,0.0
150,640,31,0,196,0,WAIT_SEND,0.2501,0.0
150,640,31,0,196,0,WAIT_RECV,0.46091738711413216,1.9999999999997797E-4
165,698,23,0,139,0,WAIT_SEND,0.2751,0.0
165,698,23,0,139,0,WAIT_RECV,0.4610103642026976,0.0013190734863280928
232,1024,25,0,151,0,WAIT_SEND,0.3851,0.0
232,1024,25,0,151,0,WAIT_RECV,0.4611858306884764,0.0013190734863280928
173,727,20,2,127,1,EXECUTION,0.2853,0.030000000000000027
173,727,20,2,127,1,WAIT_SEND,0.3153,0.0
173,727,20,2,127,1,WAIT_RECV,0.4304245545637341,1.9999999999997797E-4
173,727,20,2,127,1,EXECUTION,0.4304245545637341,0.03109782267909239
173,727,20,2,127,1,WAIT_SEND,0.46152237724282646,0.0
266,1218,19,2,123,8,EXECUTION,0.45161907348632807,0.010000000000000009
266,1218,19,2,123,8,WAIT_SEND,0.4616190734863281,0.0
173,725,20,0,125,0,WAIT_SEND,0.2851,0.0
173,725,20,0,125,0,WAIT_RECV,0.46172237724282644,1.9999999999997797E-4
252,1220,26,4,163,9,EXECUTION,0.452019073486328,0.010000000000000009
252,1220,26,4,163,9,WAIT_SEND,0.46201907348632804,0.0
236,1221,33,3,210,9,EXECUTION,0.45284539045691463,0.010000000000000009
236,1221,33,3,210,9,WAIT_SEND,0.46284539045691464,0.0
203,878,8,1,41,1,EXECUTION,0.3353,0.010000000000000009
203,878,8,1,41,1,WAIT_SEND,0.3453,0.0
203,878,8,1,41,1,WAIT_RECV,0.4267574015299475,1.9999999999997797E-4
203,878,8,1,41,1,EXECUTION,0.4267574015299475,0.036779442681206476
203,878,8,1,41,1,WAIT_SEND,0.463536844211154,0.0
203,875,8,0,40,0,WAIT_SEND,0.3351,0.0
203,875,8,0,40,0,WAIT_RECV,0.46373684421115396,1.9999999999997797E-4
235,1076,14,5,84,7,EXECUTION,0.4016190734863281,0.010000000000000009
235,1076,14,5,84,7,WAIT_SEND,0.4116190734863281,0.0
235,1076,14,5,84,7,WAIT_RECV,0.45459999999999984,1.9999999999997797E-4
235,1076,14,5,84,7,EXECUTION,0.45459999999999984,0.010000000000000009
235,1076,14,5,84,7,WAIT_SEND,0.46459999999999985,0.0
213,1110,30,6,191,7,EXECUTION,0.41222405261230455,0.010000000000000009
213,1110,30,6,191,7,WAIT_SEND,0.42222405261230456,0.0
213,1110,30,6,191,7,WAIT_RECV,0.4552621995849607,1.9999999999997797E-4
213,1110,30,6,191,7,EXECUTION,0.4552621995849607,0.010000000000000009
213,1110,30,6,191,7,WAIT_SEND,0.46526219958496073,0.0
198,1111,33,1,208,6,EXECUTION,0.4131845843735056,0.010000000000000009
198,1111,33,1,208,6,WAIT_SEND,0.4231845843735056,0.0
198,1111,33,1,208,6,WAIT_RECV,0.43358458437350555,1.9999999999997797E-4
198,1111,33,1,208,6,EXECUTION,0.43358458437350555,0.03225517029572583
198,1111,33,1,208,6,WAIT_SEND,0.4658397546692314,0.0
227,1178,3,1,6,6,EXECUTION,0.4355762939453124,0.010000000000000009
227,1178,3,1,6,6,WAIT_SEND,0.4455762939453124,0.0
227,1178,3,1,6,6,WAIT_RECV,0.45597629394531236,1.9999999999997797E-4
227,1178,3,1,6,6,EXECUTION,0.45597629394531236,0.010000000000000009
227,1178,3,1,6,6,WAIT_SEND,0.46597629394531237,0.0
241,1229,14,6,85,9,EXECUTION,0.45603814697265616,0.010000000000000009
241,1229,14,6,85,9,WAIT_SEND,0.46603814697265616,0.0
219,1061,20,4,129,7,EXECUTION,0.39549999999999996,0.020000000000000018
219,1061,20,4,129,7,WAIT_SEND,0.4155,0.0
219,1061,20,4,129,7,WAIT_RECV,0.4462999999999999,1.9999999999997797E-4
219,1061,20,4,129,7,EXECUTION,0.4462999999999999,0.020000000000000018
219,1061,20,4,129,7,WAIT_SEND,0.46629999999999994,0.0
190,821,13,0,73,0,WAIT_SEND,0.3151,0.0
190,821,13,0,73,0,WAIT_RECV,0.4667858306884764,0.06294768371582027
187,806,19,0,113,0,WAIT_SEND,0.3101,0.0
187,806,19,0,113,0,WAIT_RECV,0.46679536743164046,0.0629667572021484
191,822,21,0,133,0,WAIT_SEND,0.3151,0.0
191,822,21,0,133,0,WAIT_RECV,0.46679536743164046,0.06295722045898433
218,1232,31,6,202,9,EXECUTION,0.4569491896588623,0.010000000000000009
218,1232,31,6,202,9,WAIT_SEND,0.4669491896588623,0.0
186,908,32,2,206,7,EXECUTION,0.34532543131510407,0.021966946739620574
186,908,32,2,206,7,WAIT_SEND,0.36729237805472464,0.0
186,908,32,2,206,7,WAIT_RECV,0.41545722045898426,0.0013190734863280928
186,908,32,2,206,7,EXECUTION,0.41545722045898426,0.05205040861552607
186,908,32,2,206,7,WAIT_SEND,0.4675076290745103,0.0
224,1014,11,2,64,7,EXECUTION,0.3816286102294921,0.020000000000000018
224,1014,11,2,64,7,WAIT_SEND,0.40162861022949214,0.0
224,1014,11,2,64,7,WAIT_RECV,0.43690490417480454,0.0013190734863280928
224,1014,11,2,64,7,EXECUTION,0.43690490417480454,0.031031879679361885
224,1014,11,2,64,7,WAIT_SEND,0.4679367838541664,0.0
245,1233,9,5,52,9,EXECUTION,0.4587335144042968,0.010000000000000009
245,1233,9,5,52,9,WAIT_SEND,0.46873351440429684,0.0
216,1125,30,7,192,7,EXECUTION,0.416372953572591,0.010000000000000009
216,1125,30,7,192,7,WAIT_SEND,0.42637295357259103,0.0
216,1125,30,7,192,7,WAIT_RECV,0.4594111005452472,1.9999999999997797E-4
216,1125,30,7,192,7,EXECUTION,0.4594111005452472,0.010000000000000009
216,1125,30,7,192,7,WAIT_SEND,0.4694111005452472,0.0
230,1181,8,3,43,6,EXECUTION,0.43721435038248685,0.010000000000000009
230,1181,8,3,43,6,WAIT_SEND,0.44721435038248686,0.0
230,1181,8,3,43,6,WAIT_RECV,0.45985249735514305,0.0013190734863280928
230,1181,8,3,43,6,EXECUTION,0.45985249735514305,0.010000000000000009
230,1181,8,3,43,6,WAIT_SEND,0.46985249735514306,0.0
234,1240,15,5,91,9,EXECUTION,0.4604598036395832,0.010000000000000009
234,1240,15,5,91,9,WAIT_SEND,0.47045980363958323,0.0
247,1243,20,6,131,9,EXECUTION,0.4609,0.010000000000000009
247,1243,20,6,131,9,WAIT_SEND,0.4709,0.0
192,834,26,0,159,0,WAIT_SEND,0.3201,0.0
192,834,26,0,159,0,WAIT_RECV,0.4717667572021483,0.06292861022949214
266,1196,19,5,118,5,EXECUTION,0.4414190734863281,0.010000000000000009
266,1196,19,5,118,5,WAIT_SEND,0.4514190734863281,0.0
266,1196,19,5,118,5,WAIT_RECV,0.46181907348632806,1.9999999999997797E-4
266,1196,19,5,118,5,EXECUTION,0.46181907348632806,0.010000000000000009
266,1196,19,5,118,5,WAIT_SEND,0.47181907348632807,0.0
254,1246,2,4,4,9,EXECUTION,0.46201907348632804,0.010000000000000009
254,1246,2,4,4,9,WAIT_SEND,0.47201907348632804,0.0
196,856,17,1,101,1,EXECUTION,0.3264190734863281,0.05217731933087477
196,856,17,1,101,1,WAIT_SEND,0.37859639281720286,0.0
196,856,17,1,101,1,WAIT_RECV,0.432034539789859,0.0013190734863280928
196,856,17,1,101,1,EXECUTION,0.432034539789859,0.03999999999999998
196,856,17,1,101,1,WAIT_SEND,0.472034539789859,0.0
252,1199,26,1,160,6,EXECUTION,0.44181907348632804,0.010000000000000009
252,1199,26,1,160,6,WAIT_SEND,0.45181907348632805,0.0
252,1199,26,1,160,6,WAIT_RECV,0.462219073486328,1.9999999999997797E-4
252,1199,26,1,160,6,EXECUTION,0.462219073486328,0.010000000000000009
252,1199,26,1,160,6,WAIT_SEND,0.472219073486328,0.0
266,1190,22,0,136,0,WAIT_SEND,0.4401,0.0
266,1190,22,0,136,0,WAIT_RECV,0.47313814697265616,0.0013190734863280928
196,850,13,0,73,0,WAIT_SEND,0.3251,0.0
196,850,13,0,73,0,WAIT_RECV,0.4733536132761871,0.0013190734863280928
185,933,15,4,90,7,EXECUTION,0.3539619616699218,0.03782065388997391
185,933,15,4,90,7,WAIT_SEND,0.3917826155598957,0.0
185,933,15,4,90,7,WAIT_RECV,0.43386523111979136,1.9999999999997797E-4
185,933,15,4,90,7,EXECUTION,0.43386523111979136,0.03999999999999998
185,933,15,4,90,7,WAIT_SEND,0.47386523111979134,0.0
235,1045,14,2,81,1,EXECUTION,0.3914190734863281,0.010000000000000009
235,1045,14,2,81,1,WAIT_SEND,0.4014190734863281,0.0
235,1045,14,2,81,1,WAIT_RECV,0.4647999999999998,1.9999999999997797E-4
235,1045,14,2,81,1,EXECUTION,0.4647999999999998,0.010000000000000009
235,1045,14,2,81,1,WAIT_SEND,0.47479999999999983,0.0
237,1258,33,4,211,9,EXECUTION,0.46588925207455884,0.010000000000000009
237,1258,33,4,211,9,WAIT_SEND,0.47588925207455884,0.0
235,1035,10,0,53,0,WAIT_SEND,0.3901,0.0
235,1035,10,0,53,0,WAIT_RECV,0.4761190734863279,0.0013190734863280928
231,1182,24,2,148,6,EXECUTION,0.4374781427013587,0.010000000000000009
231,1182,24,2,148,6,WAIT_SEND,0.4474781427013587,0.0
231,1182,24,2,148,6,WAIT_RECV,0.45791005961216563,2.3191691080692856E-4
231,1182,24,2,148,6,EXECUTION,0.45791005961216563,0.018315089418248498
231,1182,24,2,148,6,WAIT_SEND,0.47622514903041413,0.0
218,1207,31,2,198,6,EXECUTION,0.4467491896588623,0.010000000000000009
218,1207,31,2,198,6,WAIT_SEND,0.4567491896588623,0.0
218,1207,31,2,198,6,WAIT_RECV,0.46714918965886226,1.9999999999997797E-4
218,1207,31,2,198,6,EXECUTION,0.46714918965886226,0.010000000000000009
218,1207,31,2,198,6,WAIT_SEND,0.47714918965886227,0.0
157,665,31,1,197,1,EXECUTION,0.2603,0.06738095238095237
157,665,31,1,197,1,WAIT_SEND,0.32768095238095235,0.0
157,665,31,1,197,1,WAIT_RECV,0.4064772431364508,1.9999999999997797E-4
157,665,31,1,197,1,EXECUTION,0.4064772431364508,0.07124374991541443
157,665,31,1,197,1,WAIT_SEND,0.4777209930518652,0.0
157,664,31,0,196,0,WAIT_SEND,0.2601,0.0
157,664,31,0,196,0,WAIT_RECV,0.4779209930518652,1.9999999999997797E-4
255,1263,14,6,85,9,EXECUTION,0.4687999999999999,0.010000000000000009
255,1263,14,6,85,9,WAIT_SEND,0.4787999999999999,0.0
224,985,12,3,69,1,EXECUTION,0.37029999999999996,0.010000000000000009
224,985,12,3,69,1,WAIT_SEND,0.38029999999999997,0.0
224,985,12,3,69,1,WAIT_RECV,0.4692558573404945,0.0013190734863280928
224,985,12,3,69,1,EXECUTION,0.4692558573404945,0.010000000000000009
224,985,12,3,69,1,WAIT_SEND,0.47925585734049453,0.0
224,982,12,0,66,0,WAIT_SEND,0.3701,0.0
224,982,12,0,66,0,WAIT_RECV,0.4794558573404945,1.9999999999997797E-4
257,1268,31,7,203,9,EXECUTION,0.47013964166111405,0.010000000000000009
257,1268,31,7,203,9,WAIT_SEND,0.48013964166111406,0.0
205,953,15,4,90,7,EXECUTION,0.3605,0.03999999999999998
205,953,15,4,90,7,WAIT_SEND,0.40049999999999997,0.0
205,953,15,4,90,7,WAIT_RECV,0.44258261555989564,1.9999999999997797E-4
205,953,15,4,90,7,EXECUTION,0.44258261555989564,0.03782065388997391
205,953,15,4,90,7,WAIT_SEND,0.48040326944986955,0.0
252,1167,26,2,161,7,EXECUTION,0.43161907348632805,0.010000000000000009
252,1167,26,2,161,7,WAIT_SEND,0.44161907348632806,0.0
252,1167,26,2,161,7,WAIT_RECV,0.472419073486328,1.9999999999997797E-4
252,1167,26,2,161,7,EXECUTION,0.472419073486328,0.010000000000000009
252,1167,26,2,161,7,WAIT_SEND,0.482419073486328,0.0
207,1276,29,7,182,9,EXECUTION,0.4728900202047673,0.010000000000000009
207,1276,29,7,182,9,WAIT_SEND,0.4828900202047673,0.0
208,1277,29,0,183,9,EXECUTION,0.4728900202047673,0.010000000000000009
208,1277,29,0,183,9,WAIT_SEND,0.4828900202047673,0.0
244,1295,39,5,241,10,EXECUTION,0.4784286102294921,0.0050000000000000044
244,1295,39,5,241,10,WAIT_SEND,0.48342861022949213,0.0
244,1294,39,2,238,9,EXECUTION,0.4784286102294921,0.0050000000000000044
244,1294,39,2,238,9,WAIT_SEND,0.48342861022949213,0.0
209,907,17,1,101,1,EXECUTION,0.3453,0.04641575703432527
209,907,17,1,101,1,WAIT_SEND,0.39171575703432526,0.0
209,907,17,1,101,1,WAIT_RECV,0.44739205097963763,0.0013190734863280928
209,907,17,1,101,1,EXECUTION,0.44739205097963763,0.03616062220255534
209,907,17,1,101,1,WAIT_SEND,0.48355267318219297,0.0
209,903,17,0,100,0,WAIT_SEND,0.3451,0.0
209,903,17,0,100,0,WAIT_RECV,0.48375267318219295,1.9999999999997797E-4
213,939,30,1,186,1,EXECUTION,0.35529999999999995,0.05672405261230462
213,939,30,1,186,1,WAIT_SEND,0.41202405261230457,0.0
213,939,30,1,186,1,WAIT_RECV,0.4654621995849607,1.9999999999997797E-4
213,939,30,1,186,1,EXECUTION,0.4654621995849607,0.020000000000000018
213,939,30,1,186,1,WAIT_SEND,0.48546219958496073,0.0
213,937,30,0,185,0,WAIT_SEND,0.35509999999999997,0.0
213,937,30,0,185,0,WAIT_RECV,0.4856621995849607,1.9999999999997797E-4
241,1168,14,3,82,6,EXECUTION,0.4329381469726562,0.022899999999999976
241,1168,14,3,82,6,WAIT_SEND,0.4558381469726562,0.0
241,1168,14,3,82,6,WAIT_RECV,0.46623814697265614,1.9999999999997797E-4
241,1168,14,3,82,6,EXECUTION,0.46623814697265614,0.020000000000000018
241,1168,14,3,82,6,WAIT_SEND,0.48623814697265616,0.0
200,865,4,0,10,0,WAIT_SEND,0.3301,0.0
200,865,4,0,10,0,WAIT_RECV,0.48675722045898423,0.06292861022949214
227,1115,2,3,3,7,EXECUTION,0.4144280653211804,0.019829155137803867
227,1115,2,3,3,7,WAIT_SEND,0.4342572204589843,0.0
227,1115,2,3,3,7,WAIT_RECV,0.46729536743164046,0.0013190734863280928
227,1115,2,3,3,7,EXECUTION,0.46729536743164046,0.020000000000000018
227,1115,2,3,3,7,WAIT_SEND,0.4872953674316405,0.0
216,951,30,1,186,1,EXECUTION,0.36029999999999995,0.05587295357259109
216,951,30,1,186,1,WAIT_SEND,0.41617295357259104,0.0
216,951,30,1,186,1,WAIT_RECV,0.4696111005452472,1.9999999999997797E-4
216,951,30,1,186,1,EXECUTION,0.4696111005452472,0.017925549519856754
216,951,30,1,186,1,WAIT_SEND,0.48753665006510394,0.0
216,949,30,0,185,0,WAIT_SEND,0.3601,0.0
216,949,30,0,185,0,WAIT_RECV,0.4877366500651039,1.9999999999997797E-4
221,965,24,1,147,1,EXECUTION,0.36529999999999996,0.010000000000000009
221,965,24,1,147,1,WAIT_SEND,0.37529999999999997,0.0
221,965,24,1,147,1,WAIT_RECV,0.45791005961216563,1.9999999999997797E-4
221,965,24,1,147,1,EXECUTION,0.45791005961216563,0.02999999999999997
221,965,24,1,147,1,WAIT_SEND,0.4879100596121656,0.0
221,962,24,0,146,0,WAIT_SEND,0.3651,0.0
221,962,24,0,146,0,WAIT_RECV,0.4881100596121656,1.9999999999997797E-4
244,1279,39,1,229,6,EXECUTION,0.47322861022949214,0.0050000000000000044
244,1279,39,1,229,6,WAIT_SEND,0.47822861022949215,0.0
244,1279,39,1,229,6,WAIT_SEND,0.47822861022949215,0.0
244,1279,39,1,229,6,WAIT_RECV,0.4836286102294921,1.9999999999997797E-4
244,1279,39,1,229,6,WAIT_RECV,0.4836286102294921,1.9999999999997797E-4
244,1279,39,1,229,6,EXECUTION,0.4836286102294921,0.0050000000000000044
244,1279,39,1,229,6,WAIT_SEND,0.4886286102294921,0.0
219,964,20,1,126,1,EXECUTION,0.36529999999999996,0.030000000000000027
219,964,20,1,126,1,WAIT_SEND,0.3953,0.0
219,964,20,1,126,1,WAIT_RECV,0.4664999999999999,1.9999999999997797E-4
219,964,20,1,126,1,EXECUTION,0.4664999999999999,0.022540463256835952
219,964,20,1,126,1,WAIT_SEND,0.48904046325683587,0.0
204,894,2,1,1,1,EXECUTION,0.3403,0.028417915344238154
204,894,2,1,1,1,WAIT_SEND,0.36871791534423815,0.0
204,894,2,1,1,1,WAIT_RECV,0.4342863755967881,1.9999999999997797E-4
204,894,2,1,1,1,EXECUTION,0.4342863755967881,0.05490644836425779
204,894,2,1,1,1,WAIT_SEND,0.4891928239610459,0.0
219,961,20,0,125,0,WAIT_SEND,0.3651,0.0
219,961,20,0,125,0,WAIT_RECV,0.48924046325683584,1.9999999999997797E-4
204,890,2,0,0,0,WAIT_SEND,0.3401,0.0
204,890,2,0,0,0,WAIT_RECV,0.4893928239610459,1.9999999999997797E-4
171,728,31,1,197,1,EXECUTION,0.2853,0.07580357142857147
171,728,31,1,197,1,WAIT_SEND,0.36110357142857147,0.0
171,728,31,1,197,1,WAIT_RECV,0.4223035714285714,1.9999999999997797E-4
171,728,31,1,197,1,EXECUTION,0.4223035714285714,0.06781577880648887
171,728,31,1,197,1,WAIT_SEND,0.49011935023506026,0.0
171,726,31,0,196,0,WAIT_SEND,0.2851,0.0
171,726,31,0,196,0,WAIT_RECV,0.49031935023506024,1.9999999999997797E-4
257,1234,31,3,199,6,EXECUTION,0.45993964166111406,0.010000000000000009
257,1234,31,3,199,6,WAIT_SEND,0.46993964166111407,0.0
257,1234,31,3,199,6,WAIT_RECV,0.48033964166111404,1.9999999999997797E-4
257,1234,31,3,199,6,EXECUTION,0.48033964166111404,0.010000000000000009
257,1234,31,3,199,6,WAIT_SEND,0.49033964166111405,0.0
234,1214,15,3,89,6,EXECUTION,0.45025980363958323,0.010000000000000009
234,1214,15,3,89,6,WAIT_SEND,0.46025980363958324,0.0
234,1214,15,3,89,6,WAIT_RECV,0.4706598036395832,1.9999999999997797E-4
234,1214,15,3,89,6,EXECUTION,0.4706598036395832,0.019959803639583273
234,1214,15,3,89,6,WAIT_SEND,0.4906196072791665,0.0
270,1302,16,7,99,9,EXECUTION,0.48089999999999994,0.010000000000000009
270,1302,16,7,99,9,WAIT_SEND,0.49089999999999995,0.0
247,1217,20,3,128,6,EXECUTION,0.4507,0.010000000000000009
247,1217,20,3,128,6,WAIT_SEND,0.4607,0.0
247,1217,20,3,128,6,WAIT_RECV,0.47109999999999996,1.9999999999997797E-4
247,1217,20,3,128,6,EXECUTION,0.47109999999999996,0.020000000000000018
247,1217,20,3,128,6,WAIT_SEND,0.4911,0.0
215,938,8,2,42,1,EXECUTION,0.35529999999999995,0.010000000000000009
215,938,8,2,42,1,WAIT_SEND,0.36529999999999996,0.0
215,938,8,2,42,1,WAIT_RECV,0.4514371778700084,1.9999999999997797E-4
215,938,8,2,42,1,EXECUTION,0.4514371778700084,0.03999999999999998
215,938,8,2,42,1,WAIT_SEND,0.4914371778700084,0.0
215,935,8,0,40,0,WAIT_SEND,0.35509999999999997,0.0
215,935,8,0,40,0,WAIT_RECV,0.4916371778700084,1.9999999999997797E-4
206,891,4,0,10,0,WAIT_SEND,0.3401,0.0
206,891,4,0,10,0,WAIT_RECV,0.49175722045898423,0.06292861022949214
246,1304,20,7,132,9,EXECUTION,0.4820190734863281,0.010000000000000009
246,1304,20,7,132,9,WAIT_SEND,0.4920190734863281,0.0
255,1205,14,3,82,6,EXECUTION,0.44569999999999993,0.022899999999999976
255,1205,14,3,82,6,WAIT_SEND,0.4685999999999999,0.0
255,1205,14,3,82,6,WAIT_RECV,0.47899999999999987,1.9999999999997797E-4
255,1205,14,3,82,6,EXECUTION,0.47899999999999987,0.013619073486328126
255,1205,14,3,82,6,WAIT_SEND,0.492619073486328,0.0
207,1249,29,5,180,6,EXECUTION,0.4626900202047673,0.010000000000000009
207,1249,29,5,180,6,WAIT_SEND,0.4726900202047673,0.0
207,1249,29,5,180,6,WAIT_RECV,0.48309002020476727,1.9999999999997797E-4
207,1249,29,5,180,6,EXECUTION,0.48309002020476727,0.010000000000000009
207,1249,29,5,180,6,WAIT_SEND,0.4930900202047673,0.0
208,1250,29,6,181,6,EXECUTION,0.4626900202047673,0.010000000000000009
208,1250,29,6,181,6,WAIT_SEND,0.4726900202047673,0.0
208,1250,29,6,181,6,WAIT_RECV,0.48309002020476727,1.9999999999997797E-4
208,1250,29,6,181,6,EXECUTION,0.48309002020476727,0.010000000000000009
208,1250,29,6,181,6,WAIT_SEND,0.4930900202047673,0.0
265,1306,6,3,32,9,EXECUTION,0.48313814697265617,0.010000000000000009
265,1306,6,3,32,9,WAIT_SEND,0.4931381469726562,0.0
252,1135,29,1,176,1,EXECUTION,0.42029999999999995,0.010000000000000009
252,1135,29,1,176,1,WAIT_SEND,0.43029999999999996,0.0
252,1135,29,1,176,1,WAIT_RECV,0.4837381469726561,0.0013190734863280928
252,1135,29,1,176,1,EXECUTION,0.4837381469726561,0.010000000000000009
252,1135,29,1,176,1,WAIT_SEND,0.4937381469726561,0.0
244,1262,39,3,223,4,EXECUTION,0.46802861022949216,0.0050000000000000044
244,1262,39,3,223,4,WAIT_SEND,0.47302861022949216,0.0
244,1262,39,3,223,4,WAIT_RECV,0.4888286102294921,1.9999999999997797E-4
244,1262,39,3,223,4,EXECUTION,0.4888286102294921,0.0050000000000000044
244,1262,39,3,223,4,WAIT_SEND,0.4938286102294921,0.0
252,1132,29,0,175,0,WAIT_SEND,0.4201,0.0
252,1132,29,0,175,0,WAIT_RECV,0.4939381469726561,1.9999999999997797E-4
248,1308,9,3,50,9,EXECUTION,0.4843881469726562,0.010000000000000009
248,1308,9,3,50,9,WAIT_SEND,0.4943881469726562,0.0
272,1309,18,6,112,9,EXECUTION,0.48478092651367183,0.010000000000000009
272,1309,18,6,112,9,WAIT_SEND,0.49478092651367184,0.0
273,1316,5,2,26,9,EXECUTION,0.48589999999999994,0.010000000000000009
273,1316,5,2,26,9,WAIT_SEND,0.49589999999999995,0.0
259,1317,12,6,72,9,EXECUTION,0.4859675745646157,0.010000000000000009
259,1317,12,6,72,9,WAIT_SEND,0.4959675745646157,0.0
218,1180,31,4,200,7,EXECUTION,0.4365491896588623,0.010000000000000009
218,1180,31,4,200,7,WAIT_SEND,0.4465491896588623,0.0
218,1180,31,4,200,7,WAIT_RECV,0.47734918965886225,1.9999999999997797E-4
218,1180,31,4,200,7,EXECUTION,0.47734918965886225,0.020000000000000018
218,1180,31,4,200,7,WAIT_SEND,0.49734918965886227,0.0
185,796,17,1,101,1,EXECUTION,0.3064190734863281,0.04622381469726561
185,796,17,1,101,1,WAIT_SEND,0.3526428881835937,0.0
185,796,17,1,101,1,WAIT_RECV,0.47518430460611943,0.0013190734863280928
185,796,17,1,101,1,EXECUTION,0.47518430460611943,0.022789456192024493
185,796,17,1,101,1,WAIT_SEND,0.4979737607981439,0.0
253,1333,39,5,233,8,EXECUTION,0.4934286102294921,0.0050000000000000044
253,1333,39,5,233,8,WAIT_SEND,0.4984286102294921,0.0
185,790,13,0,73,0,WAIT_SEND,0.3051,0.0
185,790,13,0,73,0,WAIT_RECV,0.499292834284472,0.0013190734863280928
245,1186,4,2,12,6,EXECUTION,0.4390572204589843,0.018357220458984413
245,1186,4,2,12,6,WAIT_SEND,0.45741444091796873,0.0
245,1186,4,2,12,6,WAIT_RECV,0.47005258789062493,0.0013190734863280928
245,1186,4,2,12,6,EXECUTION,0.47005258789062493,0.02999999999999997
245,1186,4,2,12,6,WAIT_SEND,0.5000525878906249,0.0
205,895,15,2,88,1,EXECUTION,0.3403,0.020000000000000018
205,895,15,2,88,1,WAIT_SEND,0.3603,0.0
205,895,15,2,88,1,WAIT_RECV,0.48060326944986953,1.9999999999997797E-4
205,895,15,2,88,1,EXECUTION,0.48060326944986953,0.020000000000000018
205,895,15,2,88,1,WAIT_SEND,0.5006032694498695,0.0
205,892,15,0,86,0,WAIT_SEND,0.3401,0.0
205,892,15,0,86,0,WAIT_RECV,0.5008032694498695,1.9999999999997797E-4
240,1328,15,5,91,9,EXECUTION,0.4908598036395832,0.009999999999999953
240,1328,15,5,91,9,WAIT_SEND,0.5008598036395832,0.0
239,1315,24,4,150,9,EXECUTION,0.48569852763148913,0.015176936038647004
239,1315,24,4,150,9,WAIT_SEND,0.5008754636701361,0.0
270,1272,16,2,94,6,EXECUTION,0.47069999999999995,0.010000000000000009
270,1272,16,2,94,6,WAIT_SEND,0.48069999999999996,0.0
270,1272,16,2,94,6,WAIT_RECV,0.4910999999999999,1.9999999999997797E-4
270,1272,16,2,94,6,EXECUTION,0.4910999999999999,0.009999999999999953
270,1272,16,2,94,6,WAIT_SEND,0.5010999999999999,0.0
236,1149,33,1,208,6,EXECUTION,0.4262541627804435,0.026391227676471174
236,1149,33,1,208,6,WAIT_SEND,0.45264539045691465,0.0
236,1149,33,1,208,6,WAIT_RECV,0.4630453904569146,1.9999999999997797E-4
236,1149,33,1,208,6,EXECUTION,0.4630453904569146,0.03814022706096776
236,1149,33,1,208,6,WAIT_SEND,0.5011856175178824,0.0
254,1195,4,2,12,6,EXECUTION,0.4406999999999999,0.020000000000000018
254,1195,4,2,12,6,WAIT_SEND,0.46069999999999994,0.0
254,1195,4,2,12,6,WAIT_RECV,0.47333814697265614,0.0013190734863280928
254,1195,4,2,12,6,EXECUTION,0.47333814697265614,0.0289048136393229
254,1195,4,2,12,6,WAIT_SEND,0.502242960611979,0.0
255,1177,14,4,83,7,EXECUTION,0.43549999999999994,0.010000000000000009
255,1177,14,4,83,7,WAIT_SEND,0.44549999999999995,0.0
255,1177,14,4,83,7,WAIT_RECV,0.492819073486328,1.9999999999997797E-4
255,1177,14,4,83,7,EXECUTION,0.492819073486328,0.009999999999999953
255,1177,14,4,83,7,WAIT_SEND,0.5028190734863279,0.0
253,1321,39,4,224,5,EXECUTION,0.4882286102294921,0.0050000000000000044
253,1321,39,4,224,5,WAIT_SEND,0.4932286102294921,0.0
253,1321,39,4,224,5,WAIT_RECV,0.49862861022949206,1.9999999999997797E-4
253,1321,39,4,224,5,EXECUTION,0.49862861022949206,0.004999999999999949
253,1321,39,4,224,5,WAIT_SEND,0.503628610229492,0.0
257,1187,31,5,201,7,EXECUTION,0.43973964166111407,0.020000000000000018
257,1187,31,5,201,7,WAIT_SEND,0.4597396416611141,0.0
257,1187,31,5,201,7,WAIT_RECV,0.490539641661114,1.9999999999997797E-4
257,1187,31,5,201,7,EXECUTION,0.490539641661114,0.01338366488273629
257,1187,31,5,201,7,WAIT_SEND,0.5039233065438503,0.0
265,1275,7,4,38,6,EXECUTION,0.47181907348632807,0.010000000000000009
265,1275,7,4,38,6,WAIT_SEND,0.4818190734863281,0.0
265,1275,7,4,38,6,WAIT_RECV,0.49445722045898427,0.0013190734863280928
265,1275,7,4,38,6,EXECUTION,0.49445722045898427,0.009999999999999953
265,1275,7,4,38,6,WAIT_SEND,0.5044572204589842,0.0
251,1335,6,4,33,9,EXECUTION,0.494878867594401,0.009999999999999953
251,1335,6,4,33,9,WAIT_SEND,0.5048788675944009,0.0
272,1282,18,2,108,6,EXECUTION,0.47458092651367184,0.010000000000000009
272,1282,18,2,108,6,WAIT_SEND,0.48458092651367185,0.0
272,1282,18,2,108,6,WAIT_RECV,0.4949809265136718,1.9999999999997797E-4
272,1282,18,2,108,6,EXECUTION,0.4949809265136718,0.009999999999999953
272,1282,18,2,108,6,WAIT_SEND,0.5049809265136718,0.0
222,1041,8,6,46,7,EXECUTION,0.39049999999999996,0.036514350382486904
222,1041,8,6,46,7,WAIT_SEND,0.42701435038248686,0.0
222,1041,8,6,46,7,WAIT_RECV,0.46005249735514303,1.9999999999997797E-4
222,1041,8,6,46,7,EXECUTION,0.46005249735514303,0.04510323927137577
222,1041,8,6,46,7,WAIT_SEND,0.5051557366265188,0.0
249,1339,33,3,210,9,EXECUTION,0.49515930054729584,0.010000000000000009
249,1339,33,3,210,9,WAIT_SEND,0.5051593005472959,0.0
233,1326,24,4,150,9,EXECUTION,0.4905215915928421,0.01517693603864706
233,1326,24,4,150,9,WAIT_SEND,0.5056985276314891,0.0
248,1278,8,4,44,6,EXECUTION,0.4730690734863281,0.010000000000000009
248,1278,8,4,44,6,WAIT_SEND,0.4830690734863281,0.0
248,1278,8,4,44,6,WAIT_RECV,0.4957072204589843,0.0013190734863280928
248,1278,8,4,44,6,EXECUTION,0.4957072204589843,0.010000000000000009
248,1278,8,4,44,6,WAIT_SEND,0.5057072204589843,0.0
246,1245,20,3,128,6,EXECUTION,0.4618190734863281,0.020000000000000018
246,1245,20,3,128,6,WAIT_SEND,0.48181907348632813,0.0
246,1245,20,3,128,6,WAIT_RECV,0.4922190734863281,1.9999999999997797E-4
246,1245,20,3,128,6,EXECUTION,0.4922190734863281,0.013713065952657755
246,1245,20,3,128,6,WAIT_SEND,0.5059321394389859,0.0
273,1290,5,4,20,6,EXECUTION,0.47569999999999996,0.010000000000000009
273,1290,5,4,20,6,WAIT_SEND,0.48569999999999997,0.0
273,1290,5,4,20,6,WAIT_RECV,0.49609999999999993,1.9999999999997797E-4
273,1290,5,4,20,6,EXECUTION,0.49609999999999993,0.009999999999999953
273,1290,5,4,20,6,WAIT_SEND,0.5060999999999999,0.0
231,1109,24,3,149,7,EXECUTION,0.4121929153442382,0.025085227357120543
231,1109,24,3,149,7,WAIT_SEND,0.43727814270135873,0.0
231,1109,24,3,149,7,WAIT_RECV,0.4764251490304141,1.9999999999997797E-4
231,1109,24,3,149,7,EXECUTION,0.4764251490304141,0.030000000000000027
231,1109,24,3,149,7,WAIT_SEND,0.5064251490304141,0.0
214,936,19,0,113,0,WAIT_SEND,0.35509999999999997,0.0
214,936,19,0,113,0,WAIT_RECV,0.5067572204589841,0.06292861022949203
261,1345,3,4,9,9,EXECUTION,0.497019073486328,0.010000000000000009
261,1345,3,4,9,9,WAIT_SEND,0.507019073486328,0.0
268,1346,18,5,111,9,EXECUTION,0.49701907348632807,0.009999999999999953
268,1346,18,5,111,9,WAIT_SEND,0.507019073486328,0.0
259,1283,13,1,74,6,EXECUTION,0.4746485010782876,0.010000000000000009
259,1283,13,1,74,6,WAIT_SEND,0.4846485010782876,0.0
259,1283,13,1,74,6,WAIT_RECV,0.4972866480509438,0.0013190734863280928
259,1283,13,1,74,6,EXECUTION,0.4972866480509438,0.010000000000000009
259,1283,13,1,74,6,WAIT_SEND,0.5072866480509438,0.0
279,1348,18,6,112,9,EXECUTION,0.4981381469726562,0.009999999999999953
279,1348,18,6,112,9,WAIT_SEND,0.5081381469726561,0.0
253,1305,39,7,219,3,EXECUTION,0.4830286102294921,0.0050000000000000044
253,1305,39,7,219,3,WAIT_SEND,0.4880286102294921,0.0
253,1305,39,7,219,3,WAIT_RECV,0.503828610229492,1.9999999999997797E-4
253,1305,39,7,219,3,EXECUTION,0.503828610229492,0.0050000000000000044
253,1305,39,7,219,3,WAIT_SEND,0.508828610229492,0.0
238,1355,31,6,202,9,EXECUTION,0.5004315096640066,0.010000000000000009
238,1355,31,6,202,9,WAIT_SEND,0.5104315096640066,0.0
250,1357,16,6,98,9,EXECUTION,0.5009675745646157,0.010000000000000009
250,1357,16,6,98,9,WAIT_SEND,0.5109675745646157,0.0
240,1271,15,3,89,6,EXECUTION,0.47069999999999995,0.019959803639583273
240,1271,15,3,89,6,WAIT_SEND,0.4906598036395832,0.0
240,1271,15,3,89,6,WAIT_RECV,0.5010598036395831,1.9999999999997797E-4
240,1271,15,3,89,6,EXECUTION,0.5010598036395831,0.010000000000000009
240,1271,15,3,89,6,WAIT_SEND,0.5110598036395831,0.0
270,1241,16,4,96,7,EXECUTION,0.46049999999999996,0.010000000000000009
270,1241,16,4,96,7,WAIT_SEND,0.4705,0.0
270,1241,16,4,96,7,WAIT_RECV,0.5012999999999999,1.9999999999997797E-4
270,1241,16,4,96,7,EXECUTION,0.5012999999999999,0.010000000000000009
270,1241,16,4,96,7,WAIT_SEND,0.5112999999999999,0.0
247,1194,20,5,130,7,EXECUTION,0.4405,0.010000000000000009
247,1194,20,5,130,7,WAIT_SEND,0.4505,0.0
247,1194,20,5,130,7,WAIT_RECV,0.49129999999999996,1.9999999999997797E-4
247,1194,20,5,130,7,EXECUTION,0.49129999999999996,0.020000000000000018
247,1194,20,5,130,7,WAIT_SEND,0.5113,0.0
217,948,27,0,165,0,WAIT_SEND,0.3601,0.0
217,948,27,0,165,0,WAIT_RECV,0.5117572204589842,0.06292861022949214
237,1170,33,1,208,6,EXECUTION,0.4334717074275012,0.03221754464705767
237,1170,33,1,208,6,WAIT_SEND,0.46568925207455886,0.0
237,1170,33,1,208,6,WAIT_RECV,0.4760892520745588,1.9999999999997797E-4
237,1170,33,1,208,6,EXECUTION,0.4760892520745588,0.036274091360830873
237,1170,33,1,208,6,WAIT_SEND,0.5123633434353897,0.0
255,1145,14,1,80,1,EXECUTION,0.42529999999999996,0.010000000000000009
255,1145,14,1,80,1,WAIT_SEND,0.43529999999999996,0.0
255,1145,14,1,80,1,WAIT_RECV,0.5030190734863279,1.9999999999997797E-4
255,1145,14,1,80,1,EXECUTION,0.5030190734863279,0.010000000000000009
255,1145,14,1,80,1,WAIT_SEND,0.5130190734863279,0.0
277,1361,3,3,8,9,EXECUTION,0.5031381469726561,0.010000000000000009
277,1361,3,3,8,9,WAIT_SEND,0.5131381469726561,0.0
255,1142,14,0,79,0,WAIT_SEND,0.4251,0.0
255,1142,14,0,79,0,WAIT_RECV,0.5132190734863279,1.9999999999997797E-4
257,1150,28,3,172,1,EXECUTION,0.42641907348632807,0.012001494688457903
257,1150,28,3,172,1,WAIT_SEND,0.438420568174786,0.0
257,1150,28,3,172,1,WAIT_RECV,0.5052423800301783,0.0013190734863279818
257,1150,28,3,172,1,EXECUTION,0.5052423800301783,0.010000000000000009
257,1150,28,3,172,1,WAIT_SEND,0.5152423800301783,0.0
234,1103,15,4,90,7,EXECUTION,0.4105,0.03955980363958328
234,1103,15,4,90,7,WAIT_SEND,0.45005980363958326,0.0
234,1103,15,4,90,7,WAIT_RECV,0.49081960727916646,1.9999999999997797E-4
234,1103,15,4,90,7,EXECUTION,0.49081960727916646,0.02515980363958331
234,1103,15,4,90,7,WAIT_SEND,0.5159794109187498,0.0
251,1307,8,5,45,6,EXECUTION,0.48355979410807287,0.010000000000000009
251,1307,8,5,45,6,WAIT_SEND,0.4935597941080729,0.0
251,1307,8,5,45,6,WAIT_RECV,0.5061979410807289,0.0013190734863279818
251,1307,8,5,45,6,EXECUTION,0.5061979410807289,0.010000000000000009
251,1307,8,5,45,6,WAIT_SEND,0.5161979410807289,0.0
273,1256,5,7,23,7,EXECUTION,0.46549999999999997,0.010000000000000009
273,1256,5,7,23,7,WAIT_SEND,0.4755,0.0
273,1256,5,7,23,7,WAIT_RECV,0.5062999999999999,1.9999999999997797E-4
273,1256,5,7,23,7,EXECUTION,0.5062999999999999,0.010000000000000009
273,1256,5,7,23,7,WAIT_SEND,0.5162999999999999,0.0
257,1144,33,0,207,0,WAIT_SEND,0.4251,0.0
257,1144,33,0,207,0,WAIT_RECV,0.5165614535165063,0.0013190734863279818
254,1164,4,4,14,7,EXECUTION,0.43049999999999994,0.010000000000000009
254,1164,4,4,14,7,WAIT_SEND,0.44049999999999995,0.0
254,1164,4,4,14,7,WAIT_RECV,0.502442960611979,1.9999999999997797E-4
254,1164,4,4,14,7,EXECUTION,0.502442960611979,0.014442960611979028
254,1164,4,4,14,7,WAIT_SEND,0.516885921223958,0.0
280,1371,5,3,27,9,EXECUTION,0.5070262939453123,0.010000000000000009
280,1371,5,3,27,9,WAIT_SEND,0.5170262939453123,0.0
268,1319,18,3,109,6,EXECUTION,0.4868190734863281,0.010000000000000009
268,1319,18,3,109,6,WAIT_SEND,0.4968190734863281,0.0
268,1319,18,3,109,6,WAIT_RECV,0.507219073486328,1.9999999999997797E-4
268,1319,18,3,109,6,EXECUTION,0.507219073486328,0.010000000000000009
268,1319,18,3,109,6,WAIT_SEND,0.517219073486328,0.0
261,1257,4,2,12,6,EXECUTION,0.46569999999999995,0.02999999999999997
261,1257,4,2,12,6,WAIT_SEND,0.4956999999999999,0.0
261,1257,4,2,12,6,WAIT_RECV,0.508338146972656,0.0013190734863279818
261,1257,4,2,12,6,EXECUTION,0.508338146972656,0.010000000000000009
261,1257,4,2,12,6,WAIT_SEND,0.518338146972656,0.0
284,1375,33,4,211,9,EXECUTION,0.5090607094942167,0.010000000000000009
284,1375,33,4,211,9,WAIT_SEND,0.5190607094942167,0.0
279,1320,19,6,119,6,EXECUTION,0.4868190734863281,0.010000000000000009
279,1320,19,6,119,6,WAIT_SEND,0.4968190734863281,0.0
279,1320,19,6,119,6,WAIT_RECV,0.5094572204589841,0.0013190734863279818
279,1320,19,6,119,6,EXECUTION,0.5094572204589841,0.010000000000000009
279,1320,19,6,119,6,WAIT_SEND,0.5194572204589841,0.0
284,1379,30,2,195,10,EXECUTION,0.5101797829805447,0.010000000000000009
284,1379,30,2,195,10,WAIT_SEND,0.5201797829805447,0.0
238,1325,31,2,198,6,EXECUTION,0.4902315096640067,0.009999999999999953
238,1325,31,2,198,6,WAIT_SEND,0.5002315096640066,0.0
238,1325,31,2,198,6,WAIT_RECV,0.5106315096640066,1.9999999999997797E-4
238,1325,31,2,198,6,EXECUTION,0.5106315096640066,0.010000000000000009
238,1325,31,2,198,6,WAIT_SEND,0.5206315096640066,0.0
239,1248,24,2,148,6,EXECUTION,0.46254674891270314,0.02295177871878601
239,1248,24,2,148,6,WAIT_SEND,0.48549852763148915,0.0
239,1248,24,2,148,6,WAIT_RECV,0.5010754636701361,1.9999999999997797E-4
239,1248,24,2,148,6,EXECUTION,0.5010754636701361,0.020000000000000018
239,1248,24,2,148,6,WAIT_SEND,0.5210754636701361,0.0
250,1327,16,3,95,6,EXECUTION,0.4907675745646157,0.010000000000000009
250,1327,16,3,95,6,WAIT_SEND,0.5007675745646157,0.0
250,1327,16,3,95,6,WAIT_RECV,0.5111675745646157,1.9999999999997797E-4
250,1327,16,3,95,6,EXECUTION,0.5111675745646157,0.010000000000000009
250,1327,16,3,95,6,WAIT_SEND,0.5211675745646157,0.0
189,824,31,1,197,1,EXECUTION,0.31529999999999997,0.0767427330562046
189,824,31,1,197,1,WAIT_SEND,0.3920427330562046,0.0
189,824,31,1,197,1,WAIT_RECV,0.4602599880963276,1.9999999999997797E-4
189,824,31,1,197,1,EXECUTION,0.4602599880963276,0.06093980983120029
189,824,31,1,197,1,WAIT_SEND,0.5211997979275279,0.0
245,1127,2,2,2,7,EXECUTION,0.4177381469726562,0.020000000000000018
245,1127,2,2,2,7,WAIT_SEND,0.43773814697265623,0.0
245,1127,2,2,2,7,WAIT_RECV,0.5013716613769529,0.0013190734863279818
245,1127,2,2,2,7,EXECUTION,0.5013716613769529,0.020000000000000018
245,1127,2,2,2,7,WAIT_SEND,0.5213716613769529,0.0
189,823,31,0,196,0,WAIT_SEND,0.3151,0.0
189,823,31,0,196,0,WAIT_RECV,0.5213997979275279,1.9999999999997797E-4
270,1215,16,1,93,1,EXECUTION,0.4503,0.010000000000000009
270,1215,16,1,93,1,WAIT_SEND,0.4603,0.0
270,1215,16,1,93,1,WAIT_RECV,0.5114999999999998,1.9999999999997797E-4
270,1215,16,1,93,1,EXECUTION,0.5114999999999998,0.010000000000000009
270,1215,16,1,93,1,WAIT_SEND,0.5214999999999999,0.0
270,1212,16,0,92,0,WAIT_SEND,0.4501,0.0
270,1212,16,0,92,0,WAIT_RECV,0.5216999999999998,1.9999999999997797E-4
230,1073,8,6,46,7,EXECUTION,0.40049999999999997,0.036514350382486904
230,1073,8,6,46,7,WAIT_SEND,0.43701435038248687,0.0
230,1073,8,6,46,7,WAIT_RECV,0.47005249735514304,1.9999999999997797E-4
230,1073,8,6,46,7,EXECUTION,0.47005249735514304,0.05176990593804248
230,1073,8,6,46,7,WAIT_SEND,0.5218224032931855,0.0
274,1388,20,6,131,9,EXECUTION,0.5124190734863281,0.010000000000000009
274,1388,20,6,131,9,WAIT_SEND,0.5224190734863281,0.0
211,926,2,1,1,1,EXECUTION,0.3503,0.031666666666666676
211,926,2,1,1,1,WAIT_SEND,0.3819666666666667,0.0
211,926,2,1,1,1,WAIT_RECV,0.4553782161030237,1.9999999999997797E-4
211,926,2,1,1,1,EXECUTION,0.4553782161030237,0.06781335832366525
211,926,2,1,1,1,WAIT_SEND,0.523191574426689,0.0
277,1332,3,1,6,6,EXECUTION,0.4929381469726562,0.009999999999999953
277,1332,3,1,6,6,WAIT_SEND,0.5029381469726562,0.0
277,1332,3,1,6,6,WAIT_RECV,0.5133381469726561,1.9999999999997797E-4
277,1332,3,1,6,6,EXECUTION,0.5133381469726561,0.010000000000000009
277,1332,3,1,6,6,WAIT_SEND,0.5233381469726561,0.0
211,923,2,0,0,0,WAIT_SEND,0.3501,0.0
211,923,2,0,0,0,WAIT_RECV,0.5233915744266889,1.9999999999997797E-4
267,1402,39,0,236,9,EXECUTION,0.5184286102294922,0.0050000000000000044
267,1402,39,0,236,9,WAIT_SEND,0.5234286102294922,0.0
267,1403,39,3,239,10,EXECUTION,0.5184286102294922,0.0050000000000000044
267,1403,39,3,239,10,WAIT_SEND,0.5234286102294922,0.0
233,1261,24,2,148,6,EXECUTION,0.4673698128740561,0.02295177871878601
233,1261,24,2,148,6,WAIT_SEND,0.4903215915928421,0.0
233,1261,24,2,148,6,WAIT_RECV,0.5058985276314891,1.9999999999997797E-4
233,1261,24,2,148,6,EXECUTION,0.5058985276314891,0.017588468019323455
233,1261,24,2,148,6,WAIT_SEND,0.5234869956508126,0.0
241,1107,11,2,64,7,EXECUTION,0.4116190734863281,0.020000000000000018
241,1107,11,2,64,7,WAIT_SEND,0.4316190734863281,0.0
241,1107,11,2,64,7,WAIT_RECV,0.48755722045898425,0.0013190734863280928
241,1107,11,2,64,7,EXECUTION,0.48755722045898425,0.03697938232421877
241,1107,11,2,64,7,WAIT_SEND,0.524536602783203,0.0
272,1242,18,4,110,7,EXECUTION,0.46049999999999996,0.013880926513671898
272,1242,18,4,110,7,WAIT_SEND,0.47438092651367186,0.0
272,1242,18,4,110,7,WAIT_RECV,0.5051809265136717,1.9999999999997797E-4
272,1242,18,4,110,7,EXECUTION,0.5051809265136717,0.020000000000000018
272,1242,18,4,110,7,WAIT_SEND,0.5251809265136718,0.0
260,1394,26,5,164,9,EXECUTION,0.515218853579272,0.010000000000000009
260,1394,26,5,164,9,WAIT_SEND,0.525218853579272,0.0
248,1219,2,3,3,7,EXECUTION,0.45175,0.020000000000000018
248,1219,2,3,3,7,WAIT_SEND,0.47175,0.0
248,1219,2,3,3,7,WAIT_RECV,0.5070262939453123,0.0013190734863279818
248,1219,2,3,3,7,EXECUTION,0.5070262939453123,0.01873066886619268
248,1219,2,3,3,7,WAIT_SEND,0.525756962811505,0.0
246,1198,20,4,129,7,EXECUTION,0.4416190734863281,0.020000000000000018
246,1198,20,4,129,7,WAIT_SEND,0.46161907348632814,0.0
246,1198,20,4,129,7,WAIT_RECV,0.5061321394389858,1.9999999999997797E-4
246,1198,20,4,129,7,EXECUTION,0.5061321394389858,0.020000000000000018
246,1198,20,4,129,7,WAIT_SEND,0.5261321394389858,0.0
273,1225,5,2,18,1,EXECUTION,0.4553,0.010000000000000009
273,1225,5,2,18,1,WAIT_SEND,0.4653,0.0
273,1225,5,2,18,1,WAIT_RECV,0.5164999999999998,1.9999999999997797E-4
273,1225,5,2,18,1,EXECUTION,0.5164999999999998,0.010000000000000009
273,1225,5,2,18,1,WAIT_SEND,0.5264999999999999,0.0
231,1029,24,1,147,1,EXECUTION,0.38642861022949215,0.025564305114746055
231,1029,24,1,147,1,WAIT_SEND,0.4119929153442382,0.0
231,1029,24,1,147,1,WAIT_RECV,0.5066251490304141,1.9999999999997797E-4
231,1029,24,1,147,1,EXECUTION,0.5066251490304141,0.020000000000000018
231,1029,24,1,147,1,WAIT_SEND,0.5266251490304141,0.0
273,1222,5,0,16,0,WAIT_SEND,0.4551,0.0
273,1222,5,0,16,0,WAIT_RECV,0.5266999999999998,1.9999999999997797E-4
291,1399,23,5,144,9,EXECUTION,0.517019073486328,0.010000000000000009
291,1399,23,5,144,9,WAIT_SEND,0.527019073486328,0.0
220,1400,33,3,210,9,EXECUTION,0.5173381469726559,0.010000000000000009
220,1400,33,3,210,9,WAIT_SEND,0.5273381469726559,0.0
249,1231,33,1,208,6,EXECUTION,0.4568190734863281,0.03814022706096776
249,1231,33,1,208,6,WAIT_SEND,0.49495930054729587,0.0
249,1231,33,1,208,6,WAIT_RECV,0.5053593005472958,1.9999999999997797E-4
249,1231,33,1,208,6,EXECUTION,0.5053593005472958,0.022334680962697973
249,1231,33,1,208,6,WAIT_SEND,0.5276939815099938,0.0
231,1023,25,0,151,0,WAIT_SEND,0.3851,0.0
231,1023,25,0,151,0,WAIT_RECV,0.5279442225167421,0.0013190734863279818
280,1341,7,3,37,6,EXECUTION,0.4957,0.009999999999999953
280,1341,7,3,37,6,WAIT_SEND,0.5056999999999999,0.0
280,1341,7,3,37,6,WAIT_RECV,0.5183453674316403,0.0013190734863279818
280,1341,7,3,37,6,EXECUTION,0.5183453674316403,0.010000000000000009
280,1341,7,3,37,6,WAIT_SEND,0.5283453674316403,0.0
271,1416,39,4,240,10,EXECUTION,0.523428610229492,0.0050000000000000044
271,1416,39,4,240,10,WAIT_SEND,0.5284286102294921,0.0
271,1415,39,1,237,9,EXECUTION,0.523428610229492,0.0050000000000000044
271,1415,39,1,237,9,WAIT_SEND,0.5284286102294921,0.0
261,1228,4,3,13,7,EXECUTION,0.45549999999999996,0.010000000000000009
261,1228,4,3,13,7,WAIT_SEND,0.46549999999999997,0.0
261,1228,4,3,13,7,WAIT_RECV,0.518538146972656,1.9999999999997797E-4
261,1228,4,3,13,7,EXECUTION,0.518538146972656,0.010000000000000009
261,1228,4,3,13,7,WAIT_SEND,0.528538146972656,0.0
267,1390,39,7,227,6,EXECUTION,0.5132286102294922,0.0050000000000000044
267,1390,39,7,227,6,WAIT_SEND,0.5182286102294922,0.0
267,1390,39,7,227,6,WAIT_SEND,0.5182286102294922,0.0
267,1390,39,7,227,6,WAIT_RECV,0.5236286102294921,1.9999999999997797E-4
267,1390,39,7,227,6,WAIT_RECV,0.5236286102294921,1.9999999999997797E-4
267,1390,39,7,227,6,EXECUTION,0.5236286102294921,0.0050000000000000044
267,1390,39,7,227,6,WAIT_SEND,0.5286286102294921,0.0
265,1244,7,5,39,7,EXECUTION,0.4616190734863281,0.010000000000000009
265,1244,7,5,39,7,WAIT_SEND,0.4716190734863281,0.0
265,1244,7,5,39,7,WAIT_RECV,0.5046572204589842,1.9999999999997797E-4
265,1244,7,5,39,7,EXECUTION,0.5046572204589842,0.024578610229492148
265,1244,7,5,39,7,WAIT_SEND,0.5292358306884763,0.0
181,774,32,1,205,1,EXECUTION,0.30029999999999996,0.025698536634445046
181,774,32,1,205,1,WAIT_SEND,0.325998536634445,0.0
181,774,32,1,205,1,WAIT_RECV,0.42757001986425036,1.9999999999997797E-4
181,774,32,1,205,1,EXECUTION,0.42757001986425036,0.10233778219205558
181,774,32,1,205,1,WAIT_SEND,0.5299078020563059,0.0
181,771,32,0,204,0,WAIT_SEND,0.3001,0.0
181,771,32,0,204,0,WAIT_RECV,0.5301078020563059,1.9999999999997797E-4
238,1264,31,4,200,7,EXECUTION,0.4700315096640067,0.020000000000000018
238,1264,31,4,200,7,WAIT_SEND,0.4900315096640067,0.0
238,1264,31,4,200,7,WAIT_RECV,0.5208315096640066,1.9999999999997797E-4
238,1264,31,4,200,7,EXECUTION,0.5208315096640066,0.010000000000000009
238,1264,31,4,200,7,WAIT_SEND,0.5308315096640066,0.0
258,1409,31,7,203,9,EXECUTION,0.520939641661114,0.010000000000000009
258,1409,31,7,203,9,WAIT_SEND,0.530939641661114,0.0
268,1260,18,4,110,7,EXECUTION,0.4666190734863281,0.020000000000000018
268,1260,18,4,110,7,WAIT_SEND,0.4866190734863281,0.0
268,1260,18,4,110,7,WAIT_RECV,0.517419073486328,1.9999999999997797E-4
268,1260,18,4,110,7,EXECUTION,0.517419073486328,0.013880926513671898
268,1260,18,4,110,7,WAIT_SEND,0.5312999999999999,0.0
236,1077,33,2,209,7,EXECUTION,0.4016190734863281,0.02443508929411542
236,1077,33,2,209,7,WAIT_SEND,0.4260541627804435,0.0
236,1077,33,2,209,7,WAIT_RECV,0.5013856175178824,1.9999999999997797E-4
236,1077,33,2,209,7,EXECUTION,0.5013856175178824,0.030000000000000027
236,1077,33,2,209,7,WAIT_SEND,0.5313856175178824,0.0
296,1411,14,6,85,9,EXECUTION,0.522019073486328,0.010000000000000009
296,1411,14,6,85,9,WAIT_SEND,0.532019073486328,0.0
240,1165,15,4,90,7,EXECUTION,0.4305,0.03999999999999998
240,1165,15,4,90,7,WAIT_SEND,0.4705,0.0
240,1165,15,4,90,7,WAIT_RECV,0.5112598036395831,1.9999999999997797E-4
240,1165,15,4,90,7,EXECUTION,0.5112598036395831,0.021573202426388938
240,1165,15,4,90,7,WAIT_SEND,0.5328330060659721,0.0
295,1414,25,7,158,9,EXECUTION,0.523138146972656,0.010000000000000009
295,1414,25,7,158,9,WAIT_SEND,0.533138146972656,0.0
198,1013,32,2,206,7,EXECUTION,0.3815056201746434,0.030359890712534088
198,1013,32,2,206,7,WAIT_SEND,0.4118655108871775,0.0
198,1013,32,2,206,7,WAIT_RECV,0.4671588281555595,0.0013190734863280928
198,1013,32,2,206,7,EXECUTION,0.4671588281555595,0.06633826030689743
198,1013,32,2,206,7,WAIT_SEND,0.5334970884624569,0.0
271,1401,39,0,228,6,EXECUTION,0.5182286102294921,0.0050000000000000044
271,1401,39,0,228,6,WAIT_SEND,0.5232286102294921,0.0
271,1401,39,0,228,6,WAIT_SEND,0.5232286102294921,0.0
271,1401,39,0,228,6,WAIT_RECV,0.528628610229492,1.9999999999997797E-4
271,1401,39,0,228,6,WAIT_RECV,0.528628610229492,1.9999999999997797E-4
271,1401,39,0,228,6,EXECUTION,0.528628610229492,0.0050000000000000044
271,1401,39,0,228,6,WAIT_SEND,0.533628610229492,0.0
267,1373,39,1,221,4,EXECUTION,0.5080286102294922,0.0050000000000000044
267,1373,39,1,221,4,WAIT_SEND,0.5130286102294922,0.0
267,1373,39,1,221,4,WAIT_RECV,0.5288286102294921,1.9999999999997797E-4
267,1373,39,1,221,4,EXECUTION,0.5288286102294921,0.0050000000000000044
267,1373,39,1,221,4,WAIT_SEND,0.5338286102294921,0.0
284,1273,33,1,208,6,EXECUTION,0.4714190734863281,0.03744163600788858
284,1273,33,1,208,6,WAIT_SEND,0.5088607094942167,0.0
284,1273,33,1,208,6,WAIT_SEND,0.5088607094942167,0.0
284,1273,33,1,208,6,WAIT_RECV,0.5192607094942167,1.9999999999997797E-4
284,1273,33,1,208,6,WAIT_RECV,0.5214988564668727,0.0013190734863279818
284,1273,33,1,208,6,EXECUTION,0.5214988564668727,0.01309756252156058
284,1273,33,1,208,6,WAIT_SEND,0.5345964189884332,0.0
247,1102,20,2,127,1,EXECUTION,0.4103,0.030000000000000027
247,1102,20,2,127,1,WAIT_SEND,0.4403,0.0
247,1102,20,2,127,1,WAIT_RECV,0.5115,1.9999999999997797E-4
247,1102,20,2,127,1,EXECUTION,0.5115,0.02310000000000001
247,1102,20,2,127,1,WAIT_SEND,0.5346,0.0
247,1099,20,0,125,0,WAIT_SEND,0.4101,0.0
247,1099,20,0,125,0,WAIT_RECV,0.5347999999999999,1.9999999999997797E-4
222,983,8,1,41,1,EXECUTION,0.37029999999999996,0.020000000000000018
222,983,8,1,41,1,WAIT_SEND,0.3903,0.0
222,983,8,1,41,1,WAIT_RECV,0.5053557366265188,1.9999999999997797E-4
222,983,8,1,41,1,EXECUTION,0.5053557366265188,0.030000000000000027
222,983,8,1,41,1,WAIT_SEND,0.5353557366265188,0.0
272,1216,18,1,107,1,EXECUTION,0.4503,0.010000000000000009
272,1216,18,1,107,1,WAIT_SEND,0.4603,0.0
272,1216,18,1,107,1,WAIT_RECV,0.5253809265136717,1.9999999999997797E-4
272,1216,18,1,107,1,EXECUTION,0.5253809265136717,0.010000000000000009
272,1216,18,1,107,1,WAIT_SEND,0.5353809265136718,0.0
260,1363,26,1,160,6,EXECUTION,0.505018853579272,0.010000000000000009
260,1363,26,1,160,6,WAIT_SEND,0.515018853579272,0.0
260,1363,26,1,160,6,WAIT_RECV,0.525418853579272,1.9999999999997797E-4
260,1363,26,1,160,6,EXECUTION,0.525418853579272,0.010000000000000009
260,1363,26,1,160,6,WAIT_SEND,0.535418853579272,0.0
222,980,8,0,40,0,WAIT_SEND,0.3701,0.0
222,980,8,0,40,0,WAIT_RECV,0.5355557366265188,1.9999999999997797E-4
272,1213,18,0,106,0,WAIT_SEND,0.4501,0.0
272,1213,18,0,106,0,WAIT_RECV,0.5355809265136717,1.9999999999997797E-4
241,1070,12,1,67,1,EXECUTION,0.4003,0.010000000000000009
241,1070,12,1,67,1,WAIT_SEND,0.4103,0.0
241,1070,12,1,67,1,WAIT_RECV,0.525855676269531,0.0013190734863279818
241,1070,12,1,67,1,EXECUTION,0.525855676269531,0.010000000000000009
241,1070,12,1,67,1,WAIT_SEND,0.535855676269531,0.0
284,1266,28,0,169,0,WAIT_SEND,0.4701,0.0
284,1266,28,0,169,0,WAIT_RECV,0.5359154924747612,0.0013190734863279818
241,1067,12,0,66,0,WAIT_SEND,0.4001,0.0
241,1067,12,0,66,0,WAIT_RECV,0.536055676269531,1.9999999999997797E-4
234,1039,15,1,87,1,EXECUTION,0.3903,0.020000000000000018
234,1039,15,1,87,1,WAIT_SEND,0.4103,0.0
234,1039,15,1,87,1,WAIT_RECV,0.5161794109187497,1.9999999999997797E-4
234,1039,15,1,87,1,EXECUTION,0.5161794109187497,0.020000000000000018
234,1039,15,1,87,1,WAIT_SEND,0.5361794109187498,0.0
234,1036,15,0,86,0,WAIT_SEND,0.3901,0.0
234,1036,15,0,86,0,WAIT_RECV,0.5363794109187497,1.9999999999997797E-4
291,1369,23,1,140,6,EXECUTION,0.506819073486328,0.010000000000000009
291,1369,23,1,140,6,WAIT_SEND,0.516819073486328,0.0
291,1369,23,1,140,6,WAIT_RECV,0.527219073486328,1.9999999999997797E-4
291,1369,23,1,140,6,EXECUTION,0.527219073486328,0.010000000000000009
291,1369,23,1,140,6,WAIT_SEND,0.537219073486328,0.0
287,1430,29,1,184,9,EXECUTION,0.528138146972656,0.010000000000000009
287,1430,29,1,184,9,WAIT_SEND,0.538138146972656,0.0
278,1447,39,6,234,8,EXECUTION,0.5334286102294921,0.0050000000000000044
278,1447,39,6,234,8,WAIT_SEND,0.5384286102294921,0.0
271,1389,39,2,222,4,EXECUTION,0.5130286102294921,0.0050000000000000044
271,1389,39,2,222,4,WAIT_SEND,0.5180286102294921,0.0
271,1389,39,2,222,4,WAIT_RECV,0.533828610229492,1.9999999999997797E-4
271,1389,39,2,222,4,EXECUTION,0.533828610229492,0.0050000000000000044
271,1389,39,2,222,4,WAIT_SEND,0.538828610229492,0.0
237,1093,33,2,209,7,EXECUTION,0.4066190734863281,0.02665263394117312
237,1093,33,2,209,7,WAIT_SEND,0.4332717074275012,0.0
237,1093,33,2,209,7,WAIT_RECV,0.5125633434353897,1.9999999999997797E-4
237,1093,33,2,209,7,EXECUTION,0.5125633434353897,0.02627409136083092
237,1093,33,2,209,7,WAIT_SEND,0.5388374347962206,0.0
277,1274,2,2,2,7,EXECUTION,0.4716190734863281,0.020000000000000018
277,1274,2,2,2,7,WAIT_SEND,0.4916190734863281,0.0
277,1274,2,2,2,7,WAIT_RECV,0.5246572204589841,0.0013190734863279818
277,1274,2,2,2,7,EXECUTION,0.5246572204589841,0.01437514857652844
277,1274,2,2,2,7,WAIT_SEND,0.5390323690355125,0.0
279,1292,19,0,121,7,EXECUTION,0.4766190734863281,0.010000000000000009
279,1292,19,0,121,7,WAIT_SEND,0.4866190734863281,0.0
279,1292,19,0,121,7,WAIT_RECV,0.5196572204589841,1.9999999999997797E-4
279,1292,19,0,121,7,EXECUTION,0.5196572204589841,0.020000000000000018
279,1292,19,0,121,7,WAIT_SEND,0.5396572204589841,0.0
313,1438,30,2,195,10,EXECUTION,0.5305,0.010000000000000009
313,1438,30,2,195,10,WAIT_SEND,0.5405,0.0
274,1349,20,3,128,6,EXECUTION,0.49850600753367036,0.013713065952657755
274,1349,20,3,128,6,WAIT_SEND,0.5122190734863281,0.0
274,1349,20,3,128,6,WAIT_RECV,0.5226190734863281,1.9999999999997797E-4
274,1349,20,3,128,6,EXECUTION,0.5226190734863281,0.018259536743164162
274,1349,20,3,128,6,WAIT_SEND,0.5408786102294922,0.0
301,1439,5,4,28,9,EXECUTION,0.5308999999999999,0.010000000000000009
301,1439,5,4,28,9,WAIT_SEND,0.5408999999999999,0.0
258,1382,31,3,199,6,EXECUTION,0.510739641661114,0.010000000000000009
258,1382,31,3,199,6,WAIT_SEND,0.520739641661114,0.0
258,1382,31,3,199,6,WAIT_RECV,0.5311396416611139,1.9999999999997797E-4
258,1382,31,3,199,6,EXECUTION,0.5311396416611139,0.010000000000000009
258,1382,31,3,199,6,WAIT_SEND,0.541139641661114,0.0
239,1147,24,3,149,7,EXECUTION,0.4255,0.036846748912703176
239,1147,24,3,149,7,WAIT_SEND,0.46234674891270316,0.0
239,1147,24,3,149,7,WAIT_RECV,0.5212754636701361,1.9999999999997797E-4
239,1147,24,3,149,7,EXECUTION,0.5212754636701361,0.020000000000000018
239,1147,24,3,149,7,WAIT_SEND,0.5412754636701361,0.0
313,1441,33,4,211,9,EXECUTION,0.531619073486328,0.010000000000000009
313,1441,33,4,211,9,WAIT_SEND,0.541619073486328,0.0
296,1386,14,3,82,6,EXECUTION,0.511819073486328,0.010000000000000009
296,1386,14,3,82,6,WAIT_SEND,0.5218190734863281,0.0
296,1386,14,3,82,6,WAIT_RECV,0.532219073486328,1.9999999999997797E-4
296,1386,14,3,82,6,EXECUTION,0.532219073486328,0.010000000000000009
296,1386,14,3,82,6,WAIT_SEND,0.542219073486328,0.0
233,1163,24,3,149,7,EXECUTION,0.43032306396135295,0.036846748912703176
233,1163,24,3,149,7,WAIT_SEND,0.4671698128740561,0.0
233,1163,24,3,149,7,WAIT_RECV,0.5236869956508126,1.9999999999997797E-4
233,1163,24,3,149,7,EXECUTION,0.5236869956508126,0.018794234009661737
233,1163,24,3,149,7,WAIT_SEND,0.5424812296604743,0.0
240,1071,15,2,88,1,EXECUTION,0.4003,0.030000000000000027
240,1071,15,2,88,1,WAIT_SEND,0.4303,0.0
240,1071,15,2,88,1,WAIT_RECV,0.533033006065972,1.9999999999997797E-4
240,1071,15,2,88,1,EXECUTION,0.533033006065972,0.010000000000000009
240,1071,15,2,88,1,WAIT_SEND,0.543033006065972,0.0
240,1068,15,0,86,0,WAIT_SEND,0.4001,0.0
240,1068,15,0,86,0,WAIT_RECV,0.543233006065972,1.9999999999997797E-4
278,1431,39,5,225,5,EXECUTION,0.5282286102294921,0.0050000000000000044
278,1431,39,5,225,5,WAIT_SEND,0.5332286102294921,0.0
278,1431,39,5,225,5,WAIT_RECV,0.538628610229492,1.9999999999997797E-4
278,1431,39,5,225,5,EXECUTION,0.538628610229492,0.0050000000000000044
278,1431,39,5,225,5,WAIT_SEND,0.543628610229492,0.0
249,1152,33,2,209,7,EXECUTION,0.4266190734863281,0.030000000000000027
249,1152,33,2,209,7,WAIT_SEND,0.45661907348632813,0.0
249,1152,33,2,209,7,WAIT_RECV,0.5278939815099938,1.9999999999997797E-4
249,1152,33,2,209,7,EXECUTION,0.5278939815099938,0.016053665977761478
249,1152,33,2,209,7,WAIT_SEND,0.5439476474877553,0.0
295,1387,19,7,120,6,EXECUTION,0.511819073486328,0.010000000000000009
295,1387,19,7,120,6,WAIT_SEND,0.5218190734863281,0.0
295,1387,19,7,120,6,WAIT_RECV,0.534457220458984,0.0013190734863279818
295,1387,19,7,120,6,EXECUTION,0.534457220458984,0.010000000000000009
295,1387,19,7,120,6,WAIT_SEND,0.544457220458984,0.0
288,1456,15,5,91,9,EXECUTION,0.5360598036395832,0.010000000000000009
288,1456,15,5,91,9,WAIT_SEND,0.5460598036395832,0.0
259,1193,11,2,64,7,EXECUTION,0.44049999999999995,0.03282942759195956
259,1193,11,2,64,7,WAIT_SEND,0.4733294275919595,0.0
259,1193,11,2,64,7,WAIT_RECV,0.5086057215372718,0.0013190734863279818
259,1193,11,2,64,7,EXECUTION,0.5086057215372718,0.037456645372178854
259,1193,11,2,64,7,WAIT_SEND,0.5460623669094506,0.0
246,1106,20,1,126,1,EXECUTION,0.4114190734863281,0.030000000000000027
246,1106,20,1,126,1,WAIT_SEND,0.44141907348632814,0.0
246,1106,20,1,126,1,WAIT_RECV,0.5263321394389858,1.9999999999997797E-4
246,1106,20,1,126,1,EXECUTION,0.5263321394389858,0.020000000000000018
246,1106,20,1,126,1,WAIT_SEND,0.5463321394389858,0.0
291,1342,23,3,142,7,EXECUTION,0.49661907348632806,0.010000000000000009
291,1342,23,3,142,7,WAIT_SEND,0.5066190734863281,0.0
291,1342,23,3,142,7,WAIT_RECV,0.537419073486328,1.9999999999997797E-4
291,1342,23,3,142,7,EXECUTION,0.537419073486328,0.010000000000000009
291,1342,23,3,142,7,WAIT_SEND,0.547419073486328,0.0
246,1100,25,0,151,0,WAIT_SEND,0.4101,0.0
246,1100,25,0,151,0,WAIT_RECV,0.5476512129253138,0.0013190734863279818
282,1462,6,3,32,9,EXECUTION,0.5382596272786457,0.010000000000000009
282,1462,6,3,32,9,WAIT_SEND,0.5482596272786457,0.0
220,1358,27,2,167,6,EXECUTION,0.501419073486328,0.014599999999999946
220,1358,27,2,167,6,WAIT_SEND,0.5160190734863279,0.0
220,1358,27,2,167,6,WAIT_RECV,0.5286572204589839,0.0013190734863279818
220,1358,27,2,167,6,EXECUTION,0.5286572204589839,0.020000000000000018
220,1358,27,2,167,6,WAIT_SEND,0.5486572204589839,0.0
280,1289,7,5,39,7,EXECUTION,0.4755,0.020000000000000018
280,1289,7,5,39,7,WAIT_SEND,0.4955,0.0
280,1289,7,5,39,7,WAIT_RECV,0.5285453674316403,1.9999999999997797E-4
280,1289,7,5,39,7,EXECUTION,0.5285453674316403,0.02023015441894538
280,1289,7,5,39,7,WAIT_SEND,0.5487755218505856,0.0
278,1413,39,0,220,3,EXECUTION,0.5230286102294921,0.0050000000000000044
278,1413,39,0,220,3,WAIT_SEND,0.5280286102294921,0.0
278,1413,39,0,220,3,WAIT_RECV,0.543828610229492,1.9999999999997797E-4
278,1413,39,0,220,3,EXECUTION,0.543828610229492,0.0050000000000000044
278,1413,39,0,220,3,WAIT_SEND,0.548828610229492,0.0
229,1463,29,7,182,9,EXECUTION,0.5392110717648279,0.010000000000000009
229,1463,29,7,182,9,WAIT_SEND,0.5492110717648279,0.0
279,1259,19,2,115,1,EXECUTION,0.4664190734863281,0.010000000000000009
279,1259,19,2,115,1,WAIT_SEND,0.4764190734863281,0.0
279,1259,19,2,115,1,WAIT_RECV,0.5398572204589841,1.9999999999997797E-4
279,1259,19,2,115,1,EXECUTION,0.5398572204589841,0.010000000000000009
279,1259,19,2,115,1,WAIT_SEND,0.5498572204589841,0.0
237,1060,29,4,179,1,EXECUTION,0.3953,0.010000000000000009
237,1060,29,4,179,1,WAIT_SEND,0.4053,0.0
237,1060,29,4,179,1,WAIT_RECV,0.5401565082825486,0.0013190734863279818
237,1060,29,4,179,1,EXECUTION,0.5401565082825486,0.010000000000000009
237,1060,29,4,179,1,WAIT_SEND,0.5501565082825486,0.0
277,1239,9,1,48,1,EXECUTION,0.4603,0.010000000000000009
277,1239,9,1,48,1,WAIT_SEND,0.4703,0.0
277,1239,9,1,48,1,WAIT_RECV,0.5403514425218405,0.0013190734863279818
277,1239,9,1,48,1,EXECUTION,0.5403514425218405,0.010000000000000009
277,1239,9,1,48,1,WAIT_SEND,0.5503514425218405,0.0
237,1058,29,0,175,0,WAIT_SEND,0.3951,0.0
237,1058,29,0,175,0,WAIT_RECV,0.5503565082825486,1.9999999999997797E-4
277,1237,9,0,47,0,WAIT_SEND,0.4601,0.0
277,1237,9,0,47,0,WAIT_RECV,0.5505514425218405,1.9999999999997797E-4
301,1408,5,5,21,6,EXECUTION,0.5206999999999999,0.010000000000000009
301,1408,5,5,21,6,WAIT_SEND,0.5307,0.0
301,1408,5,5,21,6,WAIT_RECV,0.5410999999999999,1.9999999999997797E-4
301,1408,5,5,21,6,EXECUTION,0.5410999999999999,0.010000000000000009
301,1408,5,5,21,6,WAIT_SEND,0.5510999999999999,0.0
279,1253,25,0,151,0,WAIT_SEND,0.4651,0.0
279,1253,25,0,151,0,WAIT_RECV,0.5511762939453121,0.0013190734863279818
239,1059,24,1,147,1,EXECUTION,0.3953,0.030000000000000027
239,1059,24,1,147,1,WAIT_SEND,0.4253,0.0
239,1059,24,1,147,1,WAIT_RECV,0.5414754636701361,1.9999999999997797E-4
239,1059,24,1,147,1,EXECUTION,0.5414754636701361,0.010000000000000009
239,1059,24,1,147,1,WAIT_SEND,0.5514754636701361,0.0
320,1471,5,1,25,8,EXECUTION,0.541619073486328,0.010000000000000009
320,1471,5,1,25,8,WAIT_SEND,0.551619073486328,0.0
239,1056,24,0,146,0,WAIT_SEND,0.3951,0.0
239,1056,24,0,146,0,WAIT_RECV,0.5516754636701361,1.9999999999997797E-4
230,1008,8,2,42,1,EXECUTION,0.38029999999999997,0.020000000000000018
230,1008,8,2,42,1,WAIT_SEND,0.4003,0.0
230,1008,8,2,42,1,WAIT_RECV,0.5220224032931855,1.9999999999997797E-4
230,1008,8,2,42,1,EXECUTION,0.5220224032931855,0.030000000000000027
230,1008,8,2,42,1,WAIT_SEND,0.5520224032931855,0.0
230,1003,8,0,40,0,WAIT_SEND,0.3801,0.0
230,1003,8,0,40,0,WAIT_RECV,0.5522224032931855,1.9999999999997797E-4
296,1359,14,5,84,7,EXECUTION,0.5016190734863281,0.010000000000000009
296,1359,14,5,84,7,WAIT_SEND,0.5116190734863281,0.0
296,1359,14,5,84,7,WAIT_RECV,0.542419073486328,1.9999999999997797E-4
296,1359,14,5,84,7,EXECUTION,0.542419073486328,0.010000000000000009
296,1359,14,5,84,7,WAIT_SEND,0.552419073486328,0.0
289,1474,20,7,132,9,EXECUTION,0.5428190734863281,0.010000000000000009
289,1474,20,7,132,9,WAIT_SEND,0.5528190734863281,0.0
313,1407,30,3,188,6,EXECUTION,0.5203,0.010000000000000009
313,1407,30,3,188,6,WAIT_SEND,0.5303,0.0
313,1407,30,3,188,6,WAIT_SEND,0.5303,0.0
313,1407,30,3,188,6,WAIT_RECV,0.5407,1.9999999999997797E-4
313,1407,30,3,188,6,WAIT_RECV,0.542938146972656,0.0013190734863279818
313,1407,30,3,188,6,EXECUTION,0.542938146972656,0.010000000000000009
313,1407,30,3,188,6,WAIT_SEND,0.552938146972656,0.0
290,1475,23,6,145,9,EXECUTION,0.5431381469726559,0.010000000000000009
290,1475,23,6,145,9,WAIT_SEND,0.553138146972656,0.0
313,1406,30,0,185,0,WAIT_SEND,0.5201,0.0
313,1406,30,0,185,0,WAIT_RECV,0.553138146972656,1.9999999999997797E-4
274,1293,20,5,130,7,EXECUTION,0.47830600753367036,0.020000000000000018
274,1293,20,5,130,7,WAIT_SEND,0.4983060075336704,0.0
274,1293,20,5,130,7,WAIT_RECV,0.5410786102294922,1.9999999999997797E-4
274,1293,20,5,130,7,EXECUTION,0.5410786102294922,0.01247861022949226
274,1293,20,5,130,7,WAIT_SEND,0.5535572204589845,0.0
264,1477,3,4,9,9,EXECUTION,0.5435709856951675,0.010000000000000009
264,1477,3,4,9,9,WAIT_SEND,0.5535709856951675,0.0
287,1370,27,2,167,6,EXECUTION,0.506819073486328,0.020000000000000018
287,1370,27,2,167,6,WAIT_SEND,0.5268190734863281,0.0
287,1370,27,2,167,6,WAIT_RECV,0.539457220458984,0.0013190734863279818
287,1370,27,2,167,6,EXECUTION,0.539457220458984,0.014599999999999946
287,1370,27,2,167,6,WAIT_SEND,0.554057220458984,0.0
245,1091,6,1,30,1,EXECUTION,0.4064190734863281,0.010000000000000009
245,1091,6,1,30,1,WAIT_SEND,0.4164190734863281,0.0
245,1091,6,1,30,1,WAIT_RECV,0.5226907348632809,0.0013190734863279818
245,1091,6,1,30,1,EXECUTION,0.5226907348632809,0.03246357828776025
245,1091,6,1,30,1,WAIT_SEND,0.5551543131510411,0.0
285,1486,12,6,72,9,EXECUTION,0.5455947923448349,0.010000000000000009
285,1486,12,6,72,9,WAIT_SEND,0.5555947923448349,0.0
288,1425,15,3,89,6,EXECUTION,0.5258598036395832,0.010000000000000009
288,1425,15,3,89,6,WAIT_SEND,0.5358598036395832,0.0
288,1425,15,3,89,6,WAIT_RECV,0.5462598036395832,1.9999999999997797E-4
288,1425,15,3,89,6,EXECUTION,0.5462598036395832,0.010000000000000009
288,1425,15,3,89,6,WAIT_SEND,0.5562598036395832,0.0
250,1230,11,2,64,7,EXECUTION,0.4566190734863281,0.03282942759195956
250,1230,11,2,64,7,WAIT_SEND,0.48944850107828763,0.0
250,1230,11,2,64,7,WAIT_RECV,0.5224866480509437,0.0013190734863279818
250,1230,11,2,64,7,EXECUTION,0.5224866480509437,0.03398641374376088
250,1230,11,2,64,7,WAIT_SEND,0.5564730617947046,0.0
245,1087,3,0,5,0,WAIT_SEND,0.4051,0.0
245,1087,3,0,5,0,WAIT_RECV,0.5564733866373691,0.0013190734863279818
218,952,31,1,197,1,EXECUTION,0.36029999999999995,0.07604918965886237
218,952,31,1,197,1,WAIT_SEND,0.4363491896588623,0.0
218,952,31,1,197,1,WAIT_RECV,0.49754918965886225,1.9999999999997797E-4
218,952,31,1,197,1,EXECUTION,0.49754918965886225,0.05917995958550554
218,952,31,1,197,1,WAIT_SEND,0.5567291492443678,0.0
244,1089,25,0,151,0,WAIT_SEND,0.4051,0.0
244,1089,25,0,151,0,WAIT_RECV,0.5567572204589841,0.06292861022949203
218,950,31,0,196,0,WAIT_SEND,0.3601,0.0
218,950,31,0,196,0,WAIT_RECV,0.5569291492443678,1.9999999999997797E-4
311,1490,29,0,183,9,EXECUTION,0.547019073486328,0.010000000000000009
311,1490,29,0,183,9,WAIT_SEND,0.557019073486328,0.0
263,1460,2,4,4,9,EXECUTION,0.5378028351960354,0.019543207917389727
263,1460,2,4,4,9,WAIT_SEND,0.5573460431134252,0.0
251,1209,8,6,46,7,EXECUTION,0.4484603088378906,0.03489948527018227
251,1209,8,6,46,7,WAIT_SEND,0.4833597941080729,0.0
251,1209,8,6,46,7,WAIT_RECV,0.5163979410807289,1.9999999999997797E-4
251,1209,8,6,46,7,EXECUTION,0.5163979410807289,0.04108489244249136
251,1209,8,6,46,7,WAIT_SEND,0.5574828335232203,0.0
262,1461,2,4,4,9,EXECUTION,0.5382596272786457,0.019543207917389727
262,1461,2,4,4,9,WAIT_SEND,0.5578028351960355,0.0
227,993,2,1,1,1,EXECUTION,0.37529999999999997,0.03892806532118048
227,993,2,1,1,1,WAIT_SEND,0.41422806532118045,0.0
227,993,2,1,1,1,WAIT_RECV,0.48749536743164046,1.9999999999997797E-4
227,993,2,1,1,1,EXECUTION,0.48749536743164046,0.07061540521578913
227,993,2,1,1,1,WAIT_SEND,0.5581107726474296,0.0
303,1491,15,5,91,9,EXECUTION,0.548138146972656,0.010000000000000009
303,1491,15,5,91,9,WAIT_SEND,0.558138146972656,0.0
227,990,2,0,0,0,WAIT_SEND,0.3751,0.0
227,990,2,0,0,0,WAIT_RECV,0.5583107726474296,1.9999999999997797E-4
280,1255,7,1,35,1,EXECUTION,0.4653,0.010000000000000009
280,1255,7,1,35,1,WAIT_SEND,0.4753,0.0
280,1255,7,1,35,1,WAIT_RECV,0.5489755218505856,1.9999999999997797E-4
280,1255,7,1,35,1,EXECUTION,0.5489755218505856,0.010000000000000009
280,1255,7,1,35,1,WAIT_SEND,0.5589755218505856,0.0
280,1252,7,0,34,0,WAIT_SEND,0.4651,0.0
280,1252,7,0,34,0,WAIT_RECV,0.5591755218505856,1.9999999999997797E-4
229,1433,29,5,180,6,EXECUTION,0.5290110717648279,0.010000000000000009
229,1433,29,5,180,6,WAIT_SEND,0.5390110717648279,0.0
229,1433,29,5,180,6,WAIT_RECV,0.5494110717648278,1.9999999999997797E-4
229,1433,29,5,180,6,EXECUTION,0.5494110717648278,0.010000000000000009
229,1433,29,5,180,6,WAIT_SEND,0.5594110717648278,0.0
301,1381,5,0,24,7,EXECUTION,0.5105,0.010000000000000009
301,1381,5,0,24,7,WAIT_SEND,0.5205,0.0
301,1381,5,0,24,7,WAIT_RECV,0.5512999999999999,1.9999999999997797E-4
301,1381,5,0,24,7,EXECUTION,0.5512999999999999,0.010000000000000009
301,1381,5,0,24,7,WAIT_SEND,0.5612999999999999,0.0
258,1347,31,5,201,7,EXECUTION,0.49715597677837775,0.013383664882736235
258,1347,31,5,201,7,WAIT_SEND,0.510539641661114,0.0
258,1347,31,5,201,7,WAIT_RECV,0.5413396416611139,1.9999999999997797E-4
258,1347,31,5,201,7,EXECUTION,0.5413396416611139,0.020000000000000018
258,1347,31,5,201,7,WAIT_SEND,0.5613396416611139,0.0
236,1040,28,1,170,1,EXECUTION,0.3903,0.010000000000000009
236,1040,28,1,170,1,WAIT_SEND,0.4003,0.0
236,1040,28,1,170,1,WAIT_RECV,0.5327046910042104,0.0013190734863279818
236,1040,28,1,170,1,EXECUTION,0.5327046910042104,0.028702345502105153
236,1040,28,1,170,1,WAIT_SEND,0.5614070365063155,0.0
304,1499,6,4,33,9,EXECUTION,0.5515976837158201,0.010000000000000009
304,1499,6,4,33,9,WAIT_SEND,0.5615976837158201,0.0
236,1037,28,0,169,0,WAIT_SEND,0.3901,0.0
236,1037,28,0,169,0,WAIT_RECV,0.5616070365063155,1.9999999999997797E-4
326,1500,19,3,124,10,EXECUTION,0.5516286102294921,0.010000000000000009
326,1500,19,3,124,10,WAIT_SEND,0.5616286102294921,0.0
326,1501,24,4,150,9,EXECUTION,0.5516286102294921,0.010000000000000009
326,1501,24,4,150,9,WAIT_SEND,0.5616286102294921,0.0
265,1191,6,1,30,1,EXECUTION,0.44029999999999997,0.020000000000000018
265,1191,6,1,30,1,WAIT_SEND,0.4603,0.0
265,1191,6,1,30,1,WAIT_RECV,0.5305549041748043,0.0013190734863279818
265,1191,6,1,30,1,EXECUTION,0.5305549041748043,0.03246357828776025
265,1191,6,1,30,1,WAIT_SEND,0.5630184824625646,0.0
265,1188,6,0,29,0,WAIT_SEND,0.4401,0.0
265,1188,6,0,29,0,WAIT_RECV,0.5632184824625646,1.9999999999997797E-4
295,1360,19,1,122,7,EXECUTION,0.5016190734863281,0.010000000000000009
295,1360,19,1,122,7,WAIT_SEND,0.5116190734863281,0.0
295,1360,19,1,122,7,WAIT_RECV,0.544657220458984,1.9999999999997797E-4
295,1360,19,1,122,7,EXECUTION,0.544657220458984,0.019157220458984048
295,1360,19,1,122,7,WAIT_SEND,0.5638144409179681,0.0
269,1505,6,3,32,9,EXECUTION,0.5538843770345045,0.010000000000000009
269,1505,6,3,32,9,WAIT_SEND,0.5638843770345046,0.0
287,1344,27,3,168,7,EXECUTION,0.4966190734863281,0.009999999999999953
287,1344,27,3,168,7,WAIT_SEND,0.5066190734863281,0.0
287,1344,27,3,168,7,WAIT_RECV,0.554257220458984,1.9999999999997797E-4
287,1344,27,3,168,7,EXECUTION,0.554257220458984,0.010000000000000009
287,1344,27,3,168,7,WAIT_SEND,0.564257220458984,0.0
290,1442,19,6,119,6,EXECUTION,0.531819073486328,0.010000000000000009
290,1442,19,6,119,6,WAIT_SEND,0.541819073486328,0.0
290,1442,19,6,119,6,WAIT_RECV,0.5544572204589839,0.0013190734863279818
290,1442,19,6,119,6,EXECUTION,0.5544572204589839,0.010000000000000009
290,1442,19,6,119,6,WAIT_SEND,0.5644572204589839,0.0
289,1417,20,3,128,6,EXECUTION,0.5243595367431639,0.018259536743164162
289,1417,20,3,128,6,WAIT_SEND,0.5426190734863281,0.0
289,1417,20,3,128,6,WAIT_RECV,0.5530190734863281,1.9999999999997797E-4
289,1417,20,3,128,6,EXECUTION,0.5530190734863281,0.011740463256835865
289,1417,20,3,128,6,WAIT_SEND,0.5647595367431639,0.0
264,1444,8,5,45,6,EXECUTION,0.5322519122088395,0.010000000000000009
264,1444,8,5,45,6,WAIT_SEND,0.5422519122088395,0.0
264,1444,8,5,45,6,WAIT_RECV,0.5548900591814955,0.0013190734863279818
264,1444,8,5,45,6,EXECUTION,0.5548900591814955,0.010000000000000009
264,1444,8,5,45,6,WAIT_SEND,0.5648900591814955,0.0
249,1123,28,2,171,1,EXECUTION,0.4153,0.010000000000000009
249,1123,28,2,171,1,WAIT_SEND,0.4253,0.0
249,1123,28,2,171,1,WAIT_RECV,0.5452667209740832,0.0013190734863279818
249,1123,28,2,171,1,EXECUTION,0.5452667209740832,0.020000000000000018
249,1123,28,2,171,1,WAIT_SEND,0.5652667209740833,0.0
249,1120,28,0,169,0,WAIT_SEND,0.4151,0.0
249,1120,28,0,169,0,WAIT_RECV,0.5654667209740832,1.9999999999997797E-4
285,1453,12,4,70,6,EXECUTION,0.5353947923448349,0.010000000000000009
285,1453,12,4,70,6,WAIT_SEND,0.5453947923448349,0.0
285,1453,12,4,70,6,WAIT_RECV,0.5557947923448349,1.9999999999997797E-4
285,1453,12,4,70,6,EXECUTION,0.5557947923448349,0.010000000000000009
285,1453,12,4,70,6,WAIT_SEND,0.5657947923448349,0.0
286,1511,31,6,202,9,EXECUTION,0.5559544266998766,0.010000000000000009
286,1511,31,6,202,9,WAIT_SEND,0.5659544266998766,0.0
288,1356,15,4,90,7,EXECUTION,0.5005,0.025159803639583256
288,1356,15,4,90,7,WAIT_SEND,0.5256598036395832,0.0
288,1356,15,4,90,7,WAIT_RECV,0.5564598036395831,1.9999999999997797E-4
288,1356,15,4,90,7,EXECUTION,0.5564598036395831,0.010000000000000009
288,1356,15,4,90,7,WAIT_SEND,0.5664598036395831,0.0
254,1134,4,1,11,1,EXECUTION,0.42029999999999995,0.010000000000000009
254,1134,4,1,11,1,WAIT_SEND,0.43029999999999996,0.0
254,1134,4,1,11,1,WAIT_RECV,0.517085921223958,1.9999999999997797E-4
254,1134,4,1,11,1,EXECUTION,0.517085921223958,0.050000000000000044
254,1134,4,1,11,1,WAIT_SEND,0.5670859212239581,0.0
254,1131,4,0,10,0,WAIT_SEND,0.4201,0.0
254,1131,4,0,10,0,WAIT_RECV,0.567285921223958,1.9999999999997797E-4
320,1440,5,3,19,5,EXECUTION,0.531419073486328,0.010000000000000009
320,1440,5,3,19,5,WAIT_SEND,0.541419073486328,0.0
320,1440,5,3,19,5,WAIT_RECV,0.551819073486328,1.9999999999997797E-4
320,1440,5,3,19,5,EXECUTION,0.551819073486328,0.016519073486327973
320,1440,5,3,19,5,WAIT_SEND,0.5683381469726559,0.0
311,1455,30,4,189,6,EXECUTION,0.5357,0.010000000000000009
311,1455,30,4,189,6,WAIT_SEND,0.5457,0.0
311,1455,30,4,189,6,WAIT_RECV,0.5583381469726559,0.0013190734863279818
311,1455,30,4,189,6,EXECUTION,0.5583381469726559,0.010000000000000009
311,1455,30,4,189,6,WAIT_SEND,0.5683381469726559,0.0
268,1204,21,1,134,1,EXECUTION,0.4453,0.020000000000000018
268,1204,21,1,134,1,WAIT_SEND,0.4653,0.0
268,1204,21,1,134,1,WAIT_RECV,0.5326190734863279,0.0013190734863279818
268,1204,21,1,134,1,EXECUTION,0.5326190734863279,0.03577302449544262
268,1204,21,1,134,1,WAIT_SEND,0.5683920979817705,0.0
268,1202,21,0,133,0,WAIT_SEND,0.4451,0.0
268,1202,21,0,133,0,WAIT_RECV,0.5685920979817705,1.9999999999997797E-4
263,1426,8,3,43,6,EXECUTION,0.5264837617097075,0.010000000000000009
263,1426,8,3,43,6,WAIT_SEND,0.5364837617097075,0.0
263,1426,8,3,43,6,WAIT_RECV,0.5586651165997532,0.0013190734863279818
263,1426,8,3,43,6,EXECUTION,0.5586651165997532,0.010000000000000009
263,1426,8,3,43,6,WAIT_SEND,0.5686651165997532,0.0
296,1330,14,2,81,1,EXECUTION,0.4914190734863281,0.010000000000000009
296,1330,14,2,81,1,WAIT_SEND,0.5014190734863281,0.0
296,1330,14,2,81,1,WAIT_RECV,0.552619073486328,1.9999999999997797E-4
296,1330,14,2,81,1,EXECUTION,0.552619073486328,0.016199999999999992
296,1330,14,2,81,1,WAIT_SEND,0.568819073486328,0.0
262,1428,8,4,44,6,EXECUTION,0.5269185788755062,0.010000000000000009
262,1428,8,4,44,6,WAIT_SEND,0.5369185788755062,0.0
262,1428,8,4,44,6,WAIT_RECV,0.5591219086823634,0.0013190734863279818
262,1428,8,4,44,6,EXECUTION,0.5591219086823634,0.010000000000000009
262,1428,8,4,44,6,WAIT_SEND,0.5691219086823635,0.0
303,1459,13,2,75,6,EXECUTION,0.536819073486328,0.010000000000000009
303,1459,13,2,75,6,WAIT_SEND,0.546819073486328,0.0
303,1459,13,2,75,6,WAIT_RECV,0.5594572204589839,0.0013190734863279818
303,1459,13,2,75,6,EXECUTION,0.5594572204589839,0.010000000000000009
303,1459,13,2,75,6,WAIT_SEND,0.569457220458984,0.0
320,1434,4,0,10,0,WAIT_SEND,0.5301,0.0
320,1434,4,0,10,0,WAIT_RECV,0.5696572204589839,0.0013190734863279818
296,1323,13,0,73,0,WAIT_SEND,0.4901,0.0
296,1323,13,0,73,0,WAIT_RECV,0.570138146972656,0.0013190734863279818
207,1104,32,2,206,7,EXECUTION,0.4109657841058423,0.050386089126268796
207,1104,32,2,206,7,WAIT_SEND,0.4613518732321111,0.0
207,1104,32,2,206,7,WAIT_RECV,0.4944281671774235,0.0013381469726562178
207,1104,32,2,206,7,EXECUTION,0.4944281671774235,0.0764704614345722
207,1104,32,2,206,7,WAIT_SEND,0.5708986286119957,0.0
208,1105,32,2,206,7,EXECUTION,0.4109657841058423,0.050386089126268796
208,1105,32,2,206,7,WAIT_SEND,0.4613518732321111,0.0
208,1105,32,2,206,7,WAIT_RECV,0.4944281671774235,0.0013381469726562178
208,1105,32,2,206,7,EXECUTION,0.4944281671774235,0.0764704614345722
208,1105,32,2,206,7,WAIT_SEND,0.5708986286119957,0.0
301,1353,5,1,17,1,EXECUTION,0.5003,0.010000000000000009
301,1353,5,1,17,1,WAIT_SEND,0.5103,0.0
301,1353,5,1,17,1,WAIT_RECV,0.5614999999999999,1.9999999999997797E-4
301,1353,5,1,17,1,EXECUTION,0.5614999999999999,0.010000000000000009
301,1353,5,1,17,1,WAIT_SEND,0.5714999999999999,0.0
301,1350,5,0,16,0,WAIT_SEND,0.5001,0.0
301,1350,5,0,16,0,WAIT_RECV,0.5716999999999999,1.9999999999997797E-4
253,1133,32,0,204,0,WAIT_SEND,0.4201,0.0
253,1133,32,0,204,0,WAIT_RECV,0.571757220458984,0.06292861022949203
306,1528,3,3,8,9,EXECUTION,0.562019073486328,0.010000000000000009
306,1528,3,3,8,9,WAIT_SEND,0.572019073486328,0.0
304,1467,7,4,38,6,EXECUTION,0.5402786102294921,0.010000000000000009
304,1467,7,4,38,6,WAIT_SEND,0.5502786102294921,0.0
304,1467,7,4,38,6,WAIT_RECV,0.5629167572021481,0.0013190734863279818
304,1467,7,4,38,6,EXECUTION,0.5629167572021481,0.010000000000000009
304,1467,7,4,38,6,WAIT_SEND,0.5729167572021481,0.0
326,1468,21,2,135,6,EXECUTION,0.5403,0.010000000000000009
326,1468,21,2,135,6,WAIT_SEND,0.5503,0.0
326,1468,21,2,135,6,WAIT_SEND,0.5503,0.0
326,1468,21,2,135,6,WAIT_RECV,0.5629572204589841,0.0013286102294920443
326,1468,21,2,135,6,WAIT_RECV,0.5629572204589841,0.0013286102294920443
326,1468,21,2,135,6,EXECUTION,0.5629572204589841,0.010000000000000009
326,1468,21,2,135,6,WAIT_SEND,0.5729572204589841,0.0
186,814,32,1,205,1,EXECUTION,0.3114190734863281,0.03370635782877601
186,814,32,1,205,1,WAIT_SEND,0.3451254313151041,0.0
186,814,32,1,205,1,WAIT_RECV,0.4677076290745103,1.9999999999997797E-4
186,814,32,1,205,1,EXECUTION,0.4677076290745103,0.10541889109602781
186,814,32,1,205,1,WAIT_SEND,0.5731265201705381,0.0
326,1465,21,0,133,0,WAIT_SEND,0.5401,0.0
326,1465,21,0,133,0,WAIT_RECV,0.5731572204589841,1.9999999999997797E-4
307,1531,23,4,143,9,EXECUTION,0.5631572204589841,0.010000000000000009
307,1531,23,4,143,9,WAIT_SEND,0.5731572204589841,0.0
308,1532,24,4,150,9,EXECUTION,0.5631572204589841,0.010000000000000009
308,1532,24,4,150,9,WAIT_SEND,0.5731572204589841,0.0
298,1551,39,5,241,10,EXECUTION,0.5684381469726562,0.0050000000000000044
298,1551,39,5,241,10,WAIT_SEND,0.5734381469726562,0.0
297,1552,39,0,236,9,EXECUTION,0.5684381469726562,0.0050000000000000044
297,1552,39,0,236,9,WAIT_SEND,0.5734381469726562,0.0
298,1550,39,2,238,9,EXECUTION,0.5684381469726562,0.0050000000000000044
298,1550,39,2,238,9,WAIT_SEND,0.5734381469726562,0.0
297,1553,39,3,239,10,EXECUTION,0.5684381469726562,0.0050000000000000044
297,1553,39,3,239,10,WAIT_SEND,0.5734381469726562,0.0
274,1226,20,2,127,1,EXECUTION,0.4553,0.022806007533670403
274,1226,20,2,127,1,WAIT_SEND,0.4781060075336704,0.0
274,1226,20,2,127,1,WAIT_RECV,0.5537572204589845,1.9999999999997797E-4
274,1226,20,2,127,1,EXECUTION,0.5537572204589845,0.020000000000000018
274,1226,20,2,127,1,WAIT_SEND,0.5737572204589845,0.0
274,1223,20,0,125,0,WAIT_SEND,0.4551,0.0
274,1223,20,0,125,0,WAIT_RECV,0.5739572204589845,1.9999999999997797E-4
295,1331,19,3,116,1,EXECUTION,0.4914190734863281,0.010000000000000009
295,1331,19,3,116,1,WAIT_SEND,0.5014190734863281,0.0
295,1331,19,3,116,1,WAIT_RECV,0.564014440917968,1.9999999999997797E-4
295,1331,19,3,116,1,EXECUTION,0.564014440917968,0.010000000000000009
295,1331,19,3,116,1,WAIT_SEND,0.574014440917968,0.0
186,808,27,0,165,0,WAIT_SEND,0.3101,0.0
186,808,27,0,165,0,WAIT_RECV,0.5744455936568661,0.0013190734863279818
289,1362,20,4,129,7,EXECUTION,0.5041595367431639,0.020000000000000018
289,1362,20,4,129,7,WAIT_SEND,0.524159536743164,0.0
289,1362,20,4,129,7,WAIT_RECV,0.5649595367431639,1.9999999999997797E-4
289,1362,20,4,129,7,EXECUTION,0.5649595367431639,0.010000000000000009
289,1362,20,4,129,7,WAIT_SEND,0.5749595367431639,0.0
295,1324,23,0,139,0,WAIT_SEND,0.4901,0.0
295,1324,23,0,139,0,WAIT_RECV,0.575333514404296,0.0013190734863279818
288,1299,15,1,87,1,EXECUTION,0.48029999999999995,0.020000000000000018
288,1299,15,1,87,1,WAIT_SEND,0.5003,0.0
288,1299,15,1,87,1,WAIT_RECV,0.5666598036395831,1.9999999999997797E-4
288,1299,15,1,87,1,EXECUTION,0.5666598036395831,0.010000000000000009
288,1299,15,1,87,1,WAIT_SEND,0.5766598036395831,0.0
288,1296,15,0,86,0,WAIT_SEND,0.48009999999999997,0.0
288,1296,15,0,86,0,WAIT_RECV,0.5768598036395831,1.9999999999997797E-4
309,1547,31,7,203,9,EXECUTION,0.567019073486328,0.010000000000000009
309,1547,31,7,203,9,WAIT_SEND,0.577019073486328,0.0
261,1175,4,1,11,1,EXECUTION,0.43529999999999996,0.020000000000000018
261,1175,4,1,11,1,WAIT_SEND,0.4553,0.0
261,1175,4,1,11,1,WAIT_RECV,0.528738146972656,1.9999999999997797E-4
261,1175,4,1,11,1,EXECUTION,0.528738146972656,0.049196480305989554
261,1175,4,1,11,1,WAIT_SEND,0.5779346272786455,0.0
261,1173,4,0,10,0,WAIT_SEND,0.4351,0.0
261,1173,4,0,10,0,WAIT_RECV,0.5781346272786455,1.9999999999997797E-4
305,1569,39,4,232,7,EXECUTION,0.573228610229492,0.0050000000000000044
305,1569,39,4,232,7,WAIT_SEND,0.578228610229492,0.0
302,1572,39,4,240,10,EXECUTION,0.5734286102294921,0.0050000000000000044
302,1572,39,4,240,10,WAIT_SEND,0.5784286102294921,0.0
302,1571,39,1,237,9,EXECUTION,0.5734286102294921,0.0050000000000000044
302,1571,39,1,237,9,WAIT_SEND,0.5784286102294921,0.0
311,1424,30,0,193,7,EXECUTION,0.5255,0.010000000000000009
311,1424,30,0,193,7,WAIT_SEND,0.5355,0.0
311,1424,30,0,193,7,WAIT_RECV,0.5685381469726559,1.9999999999997797E-4
311,1424,30,0,193,7,EXECUTION,0.5685381469726559,0.010000000000000009
311,1424,30,0,193,7,WAIT_SEND,0.5785381469726559,0.0
298,1534,39,7,227,6,EXECUTION,0.5632381469726562,0.0050000000000000044
298,1534,39,7,227,6,WAIT_SEND,0.5682381469726562,0.0
298,1534,39,7,227,6,WAIT_SEND,0.5682381469726562,0.0
298,1534,39,7,227,6,WAIT_RECV,0.5736381469726561,1.9999999999997797E-4
298,1534,39,7,227,6,WAIT_RECV,0.5736381469726561,1.9999999999997797E-4
298,1534,39,7,227,6,EXECUTION,0.5736381469726561,0.0050000000000000044
298,1534,39,7,227,6,WAIT_SEND,0.5786381469726561,0.0
297,1533,39,1,229,6,EXECUTION,0.5632381469726562,0.0050000000000000044
297,1533,39,1,229,6,WAIT_SEND,0.5682381469726562,0.0
297,1533,39,1,229,6,WAIT_SEND,0.5682381469726562,0.0
297,1533,39,1,229,6,WAIT_RECV,0.5736381469726561,1.9999999999997797E-4
297,1533,39,1,229,6,WAIT_RECV,0.5736381469726561,1.9999999999997797E-4
297,1533,39,1,229,6,EXECUTION,0.5736381469726561,0.0050000000000000044
297,1533,39,1,229,6,WAIT_SEND,0.5786381469726561,0.0
290,1385,19,0,121,7,EXECUTION,0.511619073486328,0.020000000000000018
290,1385,19,0,121,7,WAIT_SEND,0.531619073486328,0.0
290,1385,19,0,121,7,WAIT_RECV,0.5646572204589839,1.9999999999997797E-4
290,1385,19,0,121,7,EXECUTION,0.5646572204589839,0.014157220458983932
290,1385,19,0,121,7,WAIT_SEND,0.5788144409179679,0.0
233,1027,21,1,134,1,EXECUTION,0.38642861022949215,0.0425753802455327
233,1027,21,1,134,1,WAIT_SEND,0.42900399047502485,0.0
233,1027,21,1,134,1,WAIT_RECV,0.5438003031468023,0.0013190734863279818
233,1027,21,1,134,1,EXECUTION,0.5438003031468023,0.03577302449544262
233,1027,21,1,134,1,WAIT_SEND,0.5795733276422449,0.0
233,1022,23,0,139,0,WAIT_SEND,0.3851,0.0
233,1022,23,0,139,0,WAIT_RECV,0.5808924011285729,0.0013190734863279818
337,1563,12,6,72,9,EXECUTION,0.571619073486328,0.010000000000000009
337,1563,12,6,72,9,WAIT_SEND,0.581619073486328,0.0
335,1564,5,1,25,8,EXECUTION,0.572019073486328,0.010000000000000009
335,1564,5,1,25,8,WAIT_SEND,0.582019073486328,0.0
306,1502,3,1,6,6,EXECUTION,0.551819073486328,0.010000000000000009
306,1502,3,1,6,6,WAIT_SEND,0.561819073486328,0.0
306,1502,3,1,6,6,WAIT_RECV,0.572219073486328,1.9999999999997797E-4
306,1502,3,1,6,6,EXECUTION,0.572219073486328,0.010000000000000009
306,1502,3,1,6,6,WAIT_SEND,0.582219073486328,0.0
337,1566,13,5,78,10,EXECUTION,0.572738146972656,0.010000000000000009
337,1566,13,5,78,10,WAIT_SEND,0.582738146972656,0.0
291,1314,22,1,137,1,EXECUTION,0.48529999999999995,0.010000000000000009
291,1314,22,1,137,1,WAIT_SEND,0.49529999999999996,0.0
291,1314,22,1,137,1,WAIT_RECV,0.548738146972656,0.0013190734863279818
291,1314,22,1,137,1,EXECUTION,0.548738146972656,0.034106357828776024
291,1314,22,1,137,1,WAIT_SEND,0.582844504801432,0.0
291,1311,22,0,136,0,WAIT_SEND,0.4851,0.0
291,1311,22,0,136,0,WAIT_RECV,0.583044504801432,1.9999999999997797E-4
304,1398,7,5,39,7,EXECUTION,0.5155,0.024578610229492148
304,1398,7,5,39,7,WAIT_SEND,0.5400786102294921,0.0
304,1398,7,5,39,7,WAIT_RECV,0.573116757202148,1.9999999999997797E-4
304,1398,7,5,39,7,EXECUTION,0.573116757202148,0.010000000000000009
304,1398,7,5,39,7,WAIT_SEND,0.5831167572021481,0.0
316,1568,20,6,131,9,EXECUTION,0.5732190734863281,0.010000000000000009
316,1568,20,6,131,9,WAIT_SEND,0.5832190734863281,0.0
307,1503,23,1,140,6,EXECUTION,0.5529572204589841,0.010000000000000009
307,1503,23,1,140,6,WAIT_SEND,0.5629572204589841,0.0
307,1503,23,1,140,6,WAIT_RECV,0.5733572204589841,1.9999999999997797E-4
307,1503,23,1,140,6,EXECUTION,0.5733572204589841,0.010000000000000009
307,1503,23,1,140,6,WAIT_SEND,0.5833572204589841,0.0
308,1504,24,2,148,6,EXECUTION,0.5529572204589841,0.010000000000000009
308,1504,24,2,148,6,WAIT_SEND,0.5629572204589841,0.0
308,1504,24,2,148,6,WAIT_RECV,0.5733572204589841,1.9999999999997797E-4
308,1504,24,2,148,6,EXECUTION,0.5733572204589841,0.010000000000000009
308,1504,24,2,148,6,WAIT_SEND,0.5833572204589841,0.0
305,1586,39,7,235,8,EXECUTION,0.578428610229492,0.0050000000000000044
305,1586,39,7,235,8,WAIT_SEND,0.583428610229492,0.0
302,1549,39,0,228,6,EXECUTION,0.5682286102294921,0.0050000000000000044
302,1549,39,0,228,6,WAIT_SEND,0.5732286102294921,0.0
302,1549,39,0,228,6,WAIT_SEND,0.5732286102294921,0.0
302,1549,39,0,228,6,WAIT_RECV,0.5786286102294921,1.9999999999997797E-4
302,1549,39,0,228,6,WAIT_RECV,0.5786286102294921,1.9999999999997797E-4
302,1549,39,0,228,6,EXECUTION,0.5786286102294921,0.0050000000000000044
302,1549,39,0,228,6,WAIT_SEND,0.5836286102294921,0.0
297,1517,39,1,221,4,EXECUTION,0.5580381469726562,0.0050000000000000044
297,1517,39,1,221,4,WAIT_SEND,0.5630381469726562,0.0
297,1517,39,1,221,4,WAIT_RECV,0.5788381469726561,1.9999999999997797E-4
297,1517,39,1,221,4,EXECUTION,0.5788381469726561,0.0050000000000000044
297,1517,39,1,221,4,WAIT_SEND,0.5838381469726561,0.0
300,1573,10,7,60,9,EXECUTION,0.5741038219028045,0.010000000000000009
300,1573,10,7,60,9,WAIT_SEND,0.5841038219028045,0.0
298,1516,39,3,223,4,EXECUTION,0.5580381469726562,0.0050000000000000044
298,1516,39,3,223,4,WAIT_SEND,0.5630381469726562,0.0
298,1516,39,3,223,4,WAIT_RECV,0.5788381469726561,1.9999999999997797E-4
298,1516,39,3,223,4,EXECUTION,0.5788381469726561,0.005809536743163979
298,1516,39,3,223,4,WAIT_SEND,0.5846476837158201,0.0
238,1063,31,1,197,1,EXECUTION,0.3964190734863281,0.07341243617767862
238,1063,31,1,197,1,WAIT_SEND,0.4698315096640067,0.0
238,1063,31,1,197,1,WAIT_RECV,0.5310315096640066,1.9999999999997797E-4
238,1063,31,1,197,1,EXECUTION,0.5310315096640066,0.05426849033599335
238,1063,31,1,197,1,WAIT_SEND,0.5852999999999999,0.0
287,1287,28,1,170,1,EXECUTION,0.4753,0.020000000000000018
287,1287,28,1,170,1,WAIT_SEND,0.4953,0.0
287,1287,28,1,170,1,WAIT_RECV,0.565576293945312,0.0013190734863279818
287,1287,28,1,170,1,EXECUTION,0.565576293945312,0.020000000000000018
287,1287,28,1,170,1,WAIT_SEND,0.585576293945312,0.0
287,1285,28,0,169,0,WAIT_SEND,0.4751,0.0
287,1285,28,0,169,0,WAIT_RECV,0.5857762939453119,1.9999999999997797E-4
286,1487,31,2,198,6,EXECUTION,0.5457544266998766,0.010000000000000009
286,1487,31,2,198,6,WAIT_SEND,0.5557544266998766,0.0
286,1487,31,2,198,6,WAIT_RECV,0.5661544266998766,1.9999999999997797E-4
286,1487,31,2,198,6,EXECUTION,0.5661544266998766,0.019626782663938358
286,1487,31,2,198,6,WAIT_SEND,0.585781209363815,0.0
323,1581,23,5,144,9,EXECUTION,0.576176293945312,0.010000000000000009
323,1581,23,5,144,9,WAIT_SEND,0.586176293945312,0.0
259,1161,11,1,63,1,EXECUTION,0.43029999999999996,0.010000000000000009
259,1161,11,1,63,1,WAIT_SEND,0.44029999999999997,0.0
259,1161,11,1,63,1,WAIT_RECV,0.5462623669094506,1.9999999999997797E-4
259,1161,11,1,63,1,EXECUTION,0.5462623669094506,0.040000000000000036
259,1161,11,1,63,1,WAIT_SEND,0.5862623669094507,0.0
259,1158,11,0,62,0,WAIT_SEND,0.4301,0.0
259,1158,11,0,62,0,WAIT_RECV,0.5864623669094506,1.9999999999997797E-4
238,1057,27,0,165,0,WAIT_SEND,0.3951,0.0
238,1057,27,0,165,0,WAIT_RECV,0.5866190734863279,0.0013190734863279818
309,1514,31,3,199,6,EXECUTION,0.556819073486328,0.010000000000000009
309,1514,31,3,199,6,WAIT_SEND,0.566819073486328,0.0
309,1514,31,3,199,6,WAIT_RECV,0.577219073486328,1.9999999999997797E-4
309,1514,31,3,199,6,EXECUTION,0.577219073486328,0.010000000000000009
309,1514,31,3,199,6,WAIT_SEND,0.587219073486328,0.0
251,1121,8,1,41,1,EXECUTION,0.4153,0.03296030883789064
251,1121,8,1,41,1,WAIT_SEND,0.44826030883789064,0.0
251,1121,8,1,41,1,WAIT_RECV,0.5576828335232202,1.9999999999997797E-4
251,1121,8,1,41,1,EXECUTION,0.5576828335232202,0.030000000000000027
251,1121,8,1,41,1,WAIT_SEND,0.5876828335232203,0.0
250,1122,17,1,101,1,EXECUTION,0.4153,0.03999999999999998
250,1122,17,1,101,1,WAIT_SEND,0.4553,0.0
250,1122,17,1,101,1,WAIT_RECV,0.5577921352810326,0.0013190734863279818
250,1122,17,1,101,1,EXECUTION,0.5577921352810326,0.030000000000000027
250,1122,17,1,101,1,WAIT_SEND,0.5877921352810326,0.0
251,1118,8,0,40,0,WAIT_SEND,0.4151,0.0
251,1118,8,0,40,0,WAIT_RECV,0.5878828335232202,1.9999999999997797E-4
250,1119,17,0,100,0,WAIT_SEND,0.4151,0.0
250,1119,17,0,100,0,WAIT_RECV,0.5879921352810326,1.9999999999997797E-4
305,1570,39,6,226,5,EXECUTION,0.573228610229492,0.0050000000000000044
305,1570,39,6,226,5,WAIT_SEND,0.578228610229492,0.0
305,1570,39,6,226,5,WAIT_RECV,0.583628610229492,1.9999999999997797E-4
305,1570,39,6,226,5,EXECUTION,0.583628610229492,0.0050000000000000044
305,1570,39,6,226,5,WAIT_SEND,0.588628610229492,0.0
302,1530,39,2,222,4,EXECUTION,0.5630286102294921,0.0050000000000000044
302,1530,39,2,222,4,WAIT_SEND,0.5680286102294921,0.0
302,1530,39,2,222,4,WAIT_RECV,0.5838286102294921,1.9999999999997797E-4
302,1530,39,2,222,4,EXECUTION,0.5838286102294921,0.0050000000000000044
302,1530,39,2,222,4,WAIT_SEND,0.5888286102294921,0.0
303,1427,13,3,76,7,EXECUTION,0.526619073486328,0.010000000000000009
303,1427,13,3,76,7,WAIT_SEND,0.536619073486328,0.0
303,1427,13,3,76,7,WAIT_RECV,0.5696572204589839,1.9999999999997797E-4
303,1427,13,3,76,7,EXECUTION,0.5696572204589839,0.020000000000000018
303,1427,13,3,76,7,WAIT_SEND,0.5896572204589839,0.0
289,1303,20,1,126,1,EXECUTION,0.48141907348632806,0.022540463256835896
289,1303,20,1,126,1,WAIT_SEND,0.503959536743164,0.0
289,1303,20,1,126,1,WAIT_RECV,0.5751595367431639,1.9999999999997797E-4
289,1303,20,1,126,1,EXECUTION,0.5751595367431639,0.014859536743163981
289,1303,20,1,126,1,WAIT_SEND,0.5900190734863279,0.0
248,1101,2,1,1,1,EXECUTION,0.4103,0.04125000000000001
248,1101,2,1,1,1,WAIT_SEND,0.45155,0.0
248,1101,2,1,1,1,WAIT_RECV,0.525956962811505,1.9999999999997797E-4
248,1101,2,1,1,1,EXECUTION,0.525956962811505,0.06459340140513214
248,1101,2,1,1,1,WAIT_SEND,0.5905503642166371,0.0
248,1098,2,0,0,0,WAIT_SEND,0.4101,0.0
248,1098,2,0,0,0,WAIT_RECV,0.5907503642166371,1.9999999999997797E-4
332,1593,14,6,85,9,EXECUTION,0.5809,0.010000000000000009
332,1593,14,6,85,9,WAIT_SEND,0.5909,0.0
289,1298,23,0,139,0,WAIT_SEND,0.48009999999999997,0.0
289,1298,23,0,139,0,WAIT_RECV,0.5913381469726559,0.0013190734863279818
325,1597,33,3,210,9,EXECUTION,0.582019073486328,0.010000000000000009
325,1597,33,3,210,9,WAIT_SEND,0.592019073486328,0.0
335,1509,5,3,19,5,EXECUTION,0.5553,0.016519073486327973
335,1509,5,3,19,5,WAIT_SEND,0.571819073486328,0.0
335,1509,5,3,19,5,WAIT_RECV,0.582219073486328,1.9999999999997797E-4
335,1509,5,3,19,5,EXECUTION,0.582219073486328,0.010000000000000009
335,1509,5,3,19,5,WAIT_SEND,0.592219073486328,0.0
306,1470,3,2,7,7,EXECUTION,0.541619073486328,0.010000000000000009
306,1470,3,2,7,7,WAIT_SEND,0.551619073486328,0.0
306,1470,3,2,7,7,WAIT_RECV,0.5824190734863279,1.9999999999997797E-4
306,1470,3,2,7,7,EXECUTION,0.5824190734863279,0.010000000000000009
306,1470,3,2,7,7,WAIT_SEND,0.5924190734863279,0.0
335,1506,5,0,16,0,WAIT_SEND,0.5551,0.0
335,1506,5,0,16,0,WAIT_RECV,0.5924190734863279,1.9999999999997797E-4
304,1367,7,2,36,1,EXECUTION,0.5053,0.010000000000000009
304,1367,7,2,36,1,WAIT_SEND,0.5153,0.0
304,1367,7,2,36,1,WAIT_RECV,0.583316757202148,1.9999999999997797E-4
304,1367,7,2,36,1,EXECUTION,0.583316757202148,0.010000000000000009
304,1367,7,2,36,1,WAIT_SEND,0.593316757202148,0.0
316,1525,20,3,128,6,EXECUTION,0.5612786102294922,0.011740463256835865
316,1525,20,3,128,6,WAIT_SEND,0.5730190734863281,0.0
316,1525,20,3,128,6,WAIT_RECV,0.583419073486328,1.9999999999997797E-4
316,1525,20,3,128,6,EXECUTION,0.583419073486328,0.010000000000000009
316,1525,20,3,128,6,WAIT_SEND,0.593419073486328,0.0
304,1364,7,0,34,0,WAIT_SEND,0.5051,0.0
304,1364,7,0,34,0,WAIT_RECV,0.593516757202148,1.9999999999997797E-4
307,1472,23,2,141,7,EXECUTION,0.5427572204589841,0.010000000000000009
307,1472,23,2,141,7,WAIT_SEND,0.5527572204589841,0.0
307,1472,23,2,141,7,WAIT_RECV,0.5835572204589841,1.9999999999997797E-4
307,1472,23,2,141,7,EXECUTION,0.5835572204589841,0.010000000000000009
307,1472,23,2,141,7,WAIT_SEND,0.5935572204589841,0.0
308,1473,24,3,149,7,EXECUTION,0.5427572204589841,0.010000000000000009
308,1473,24,3,149,7,WAIT_SEND,0.5527572204589841,0.0
308,1473,24,3,149,7,WAIT_RECV,0.5835572204589841,1.9999999999997797E-4
308,1473,24,3,149,7,EXECUTION,0.5835572204589841,0.010000000000000009
308,1473,24,3,149,7,WAIT_SEND,0.5935572204589841,0.0
242,1602,29,1,184,9,EXECUTION,0.5836171498175312,0.010000000000000009
242,1602,29,1,184,9,WAIT_SEND,0.5936171498175312,0.0
305,1548,39,5,217,2,EXECUTION,0.568028610229492,0.0050000000000000044
305,1548,39,5,217,2,WAIT_SEND,0.573028610229492,0.0
305,1548,39,5,217,2,WAIT_SEND,0.573028610229492,0.0
305,1548,39,5,217,2,WAIT_RECV,0.578428610229492,1.9999999999997797E-4
305,1548,39,5,217,2,WAIT_RECV,0.588828610229492,1.9999999999997797E-4
305,1548,39,5,217,2,EXECUTION,0.588828610229492,0.0050000000000000044
305,1548,39,5,217,2,WAIT_SEND,0.593828610229492,0.0
337,1526,12,5,71,6,EXECUTION,0.561419073486328,0.010000000000000009
337,1526,12,5,71,6,WAIT_SEND,0.571419073486328,0.0
337,1526,12,5,71,6,WAIT_SEND,0.571419073486328,0.0
337,1526,12,5,71,6,WAIT_RECV,0.581819073486328,1.9999999999997797E-4
337,1526,12,5,71,6,WAIT_RECV,0.584057220458984,0.0013190734863279818
337,1526,12,5,71,6,EXECUTION,0.584057220458984,0.010000000000000009
337,1526,12,5,71,6,WAIT_SEND,0.594057220458984,0.0
300,1535,10,1,54,6,EXECUTION,0.5639038219028045,0.010000000000000009
300,1535,10,1,54,6,WAIT_SEND,0.5739038219028045,0.0
300,1535,10,1,54,6,WAIT_RECV,0.5843038219028045,1.9999999999997797E-4
300,1535,10,1,54,6,EXECUTION,0.5843038219028045,0.010000000000000009
300,1535,10,1,54,6,WAIT_SEND,0.5943038219028045,0.0
337,1518,11,0,62,0,WAIT_SEND,0.5601,0.0
337,1518,11,0,62,0,WAIT_RECV,0.595376293945312,0.0013190734863279818
321,1611,33,4,211,9,EXECUTION,0.5857214189884331,0.010000000000000009
321,1611,33,4,211,9,WAIT_SEND,0.5957214189884331,0.0
293,1612,31,6,202,9,EXECUTION,0.5863544266998766,0.010000000000000009
293,1612,31,6,202,9,WAIT_SEND,0.5963544266998766,0.0
345,1614,16,7,99,9,EXECUTION,0.586619073486328,0.010000000000000009
345,1614,16,7,99,9,WAIT_SEND,0.596619073486328,0.0
267,1201,3,0,5,0,WAIT_SEND,0.4451,0.0
267,1201,3,0,5,0,WAIT_RECV,0.5967572204589842,0.06292861022949203
285,1343,11,2,64,7,EXECUTION,0.4966190734863281,0.0374566453721788
285,1343,11,2,64,7,WAIT_SEND,0.5340757188585069,0.0
285,1343,11,2,64,7,WAIT_RECV,0.5671138658311629,0.0013190734863279818
285,1343,11,2,64,7,EXECUTION,0.5671138658311629,0.030000000000000027
285,1343,11,2,64,7,WAIT_SEND,0.5971138658311629,0.0
323,1536,19,7,120,6,EXECUTION,0.564857220458984,0.010000000000000009
323,1536,19,7,120,6,WAIT_SEND,0.574857220458984,0.0
323,1536,19,7,120,6,WAIT_RECV,0.58749536743164,0.0013190734863279818
323,1536,19,7,120,6,EXECUTION,0.58749536743164,0.010000000000000009
323,1536,19,7,120,6,WAIT_SEND,0.59749536743164,0.0
345,1617,13,5,78,10,EXECUTION,0.587738146972656,0.010000000000000009
345,1617,13,5,78,10,WAIT_SEND,0.597738146972656,0.0
328,1618,11,3,65,9,EXECUTION,0.588138146972656,0.010000000000000009
328,1618,11,3,65,9,WAIT_SEND,0.598138146972656,0.0
311,1397,30,1,186,1,EXECUTION,0.5153,0.010000000000000009
311,1397,30,1,186,1,WAIT_SEND,0.5253,0.0
311,1397,30,1,186,1,WAIT_RECV,0.5787381469726559,1.9999999999997797E-4
311,1397,30,1,186,1,EXECUTION,0.5787381469726559,0.020000000000000018
311,1397,30,1,186,1,WAIT_SEND,0.5987381469726559,0.0
311,1393,30,0,185,0,WAIT_SEND,0.5151,0.0
311,1393,30,0,185,0,WAIT_RECV,0.5989381469726559,1.9999999999997797E-4
314,1634,39,5,241,10,EXECUTION,0.5942381469726561,0.0050000000000000044
314,1634,39,5,241,10,WAIT_SEND,0.5992381469726561,0.0
314,1633,39,2,238,9,EXECUTION,0.5942381469726561,0.0050000000000000044
314,1633,39,2,238,9,WAIT_SEND,0.5992381469726561,0.0
290,1300,21,1,134,1,EXECUTION,0.48029999999999995,0.030000000000000027
290,1300,21,1,134,1,WAIT_SEND,0.5103,0.0
290,1300,21,1,134,1,WAIT_RECV,0.5801335144042958,0.0013190734863279818
290,1300,21,1,134,1,EXECUTION,0.5801335144042958,0.020000000000000018
290,1300,21,1,134,1,WAIT_SEND,0.6001335144042959,0.0
290,1297,21,0,133,0,WAIT_SEND,0.48009999999999997,0.0
290,1297,21,0,133,0,WAIT_RECV,0.6003335144042958,1.9999999999997797E-4
271,1211,14,0,79,0,WAIT_SEND,0.4501,0.0
271,1211,14,0,79,0,WAIT_RECV,0.601757220458984,0.06292861022949203
318,1649,39,2,230,7,EXECUTION,0.5982476837158203,0.0050000000000000044
318,1649,39,2,230,7,WAIT_SEND,0.6032476837158203,0.0
325,1561,30,5,190,6,EXECUTION,0.5707,0.010000000000000009
325,1561,30,5,190,6,WAIT_SEND,0.5807,0.0
325,1561,30,5,190,6,WAIT_RECV,0.593338146972656,0.0013190734863279818
325,1561,30,5,190,6,EXECUTION,0.593338146972656,0.010000000000000009
325,1561,30,5,190,6,WAIT_SEND,0.603338146972656,0.0
294,1632,3,4,9,9,EXECUTION,0.5935110583985301,0.010000000000000009
294,1632,3,4,9,9,WAIT_SEND,0.6035110583985301,0.0
316,1492,20,5,130,7,EXECUTION,0.5486,0.01247861022949226
316,1492,20,5,130,7,WAIT_SEND,0.5610786102294922,0.0
316,1492,20,5,130,7,WAIT_RECV,0.593619073486328,1.9999999999997797E-4
316,1492,20,5,130,7,EXECUTION,0.593619073486328,0.010000000000000009
316,1492,20,5,130,7,WAIT_SEND,0.603619073486328,0.0
282,1412,4,2,12,6,EXECUTION,0.522642960611979,0.014297593180338741
282,1412,4,2,12,6,WAIT_SEND,0.5369405537923178,0.0
282,1412,4,2,12,6,WAIT_RECV,0.5495787007649737,0.0013190734863279818
282,1412,4,2,12,6,EXECUTION,0.5495787007649737,0.05441900677185174
282,1412,4,2,12,6,WAIT_SEND,0.6039977075368255,0.0
292,1635,2,4,4,9,EXECUTION,0.5943605829030366,0.010000000000000009
292,1635,2,4,4,9,WAIT_SEND,0.6043605829030366,0.0
314,1619,39,1,229,6,EXECUTION,0.5890381469726561,0.0050000000000000044
314,1619,39,1,229,6,WAIT_SEND,0.5940381469726561,0.0
314,1619,39,1,229,6,WAIT_SEND,0.5940381469726561,0.0
314,1619,39,1,229,6,WAIT_RECV,0.5994381469726561,1.9999999999997797E-4
314,1619,39,1,229,6,WAIT_RECV,0.5994381469726561,1.9999999999997797E-4
314,1619,39,1,229,6,EXECUTION,0.5994381469726561,0.0050000000000000044
314,1619,39,1,229,6,WAIT_SEND,0.6044381469726561,0.0
321,1579,33,1,208,6,EXECUTION,0.5755214189884331,0.010000000000000009
321,1579,33,1,208,6,WAIT_SEND,0.5855214189884331,0.0
321,1579,33,1,208,6,WAIT_RECV,0.5959214189884331,1.9999999999997797E-4
321,1579,33,1,208,6,EXECUTION,0.5959214189884331,0.010000000000000009
321,1579,33,1,208,6,WAIT_SEND,0.6059214189884331,0.0
338,1643,23,6,145,9,EXECUTION,0.5961762939453119,0.010000000000000009
338,1643,23,6,145,9,WAIT_SEND,0.6061762939453119,0.0
258,1166,31,1,197,1,EXECUTION,0.4314190734863281,0.0655369032920497
258,1166,31,1,197,1,WAIT_SEND,0.4969559767783778,0.0
258,1166,31,1,197,1,WAIT_RECV,0.5615396416611139,1.9999999999997797E-4
258,1166,31,1,197,1,EXECUTION,0.5615396416611139,0.04475207166777717
258,1166,31,1,197,1,WAIT_SEND,0.6062917133288911,0.0
293,1546,31,2,198,6,EXECUTION,0.5665276440359382,0.019626782663938358
293,1546,31,2,198,6,WAIT_SEND,0.5861544266998766,0.0
293,1546,31,2,198,6,WAIT_RECV,0.5965544266998766,1.9999999999997797E-4
293,1546,31,2,198,6,EXECUTION,0.5965544266998766,0.010000000000000009
293,1546,31,2,198,6,WAIT_SEND,0.6065544266998766,0.0
341,1645,15,5,91,9,EXECUTION,0.597019073486328,0.010000000000000009
341,1645,15,5,91,9,WAIT_SEND,0.607019073486328,0.0
309,1458,31,5,201,7,EXECUTION,0.536619073486328,0.020000000000000018
309,1458,31,5,201,7,WAIT_SEND,0.556619073486328,0.0
309,1458,31,5,201,7,WAIT_RECV,0.5874190734863279,1.9999999999997797E-4
309,1458,31,5,201,7,EXECUTION,0.5874190734863279,0.020000000000000018
309,1458,31,5,201,7,WAIT_SEND,0.607419073486328,0.0
258,1159,27,0,165,0,WAIT_SEND,0.4301,0.0
258,1159,27,0,165,0,WAIT_RECV,0.6076107868152191,0.0013190734863279818
242,1565,27,2,167,6,EXECUTION,0.5722980763312032,0.010000000000000009
242,1565,27,2,167,6,WAIT_SEND,0.5822980763312032,0.0
242,1565,27,2,167,6,WAIT_RECV,0.5949362233038592,0.0013190734863279818
242,1565,27,2,167,6,EXECUTION,0.5949362233038592,0.013117149817531315
242,1565,27,2,167,6,WAIT_SEND,0.6080533731213905,0.0
339,1648,28,5,174,9,EXECUTION,0.598138146972656,0.010000000000000009
339,1648,28,5,174,9,WAIT_SEND,0.608138146972656,0.0
322,1667,39,3,231,7,EXECUTION,0.603228610229492,0.0050000000000000044
322,1667,39,3,231,7,WAIT_SEND,0.608228610229492,0.0
318,1669,39,5,233,8,EXECUTION,0.6034476837158202,0.0050000000000000044
318,1669,39,5,233,8,WAIT_SEND,0.6084476837158203,0.0
319,1670,39,6,234,8,EXECUTION,0.6034476837158202,0.0050000000000000044
319,1670,39,6,234,8,WAIT_SEND,0.6084476837158203,0.0
345,1582,16,2,94,6,EXECUTION,0.576419073486328,0.010000000000000009
345,1582,16,2,94,6,WAIT_SEND,0.586419073486328,0.0
345,1582,16,2,94,6,WAIT_SEND,0.586419073486328,0.0
345,1582,16,2,94,6,WAIT_RECV,0.596819073486328,1.9999999999997797E-4
345,1582,16,2,94,6,WAIT_RECV,0.599057220458984,0.0013190734863279818
345,1582,16,2,94,6,EXECUTION,0.599057220458984,0.010000000000000009
345,1582,16,2,94,6,WAIT_SEND,0.609057220458984,0.0
328,1585,13,1,74,6,EXECUTION,0.576819073486328,0.010000000000000009
328,1585,13,1,74,6,WAIT_SEND,0.586819073486328,0.0
328,1585,13,1,74,6,WAIT_RECV,0.599457220458984,0.0013190734863279818
328,1585,13,1,74,6,EXECUTION,0.599457220458984,0.010000000000000009
328,1585,13,1,74,6,WAIT_SEND,0.609457220458984,0.0
314,1600,39,3,223,4,EXECUTION,0.5830286102294922,0.005809536743163979
314,1600,39,3,223,4,WAIT_SEND,0.5888381469726561,0.0
314,1600,39,3,223,4,WAIT_RECV,0.604638146972656,1.9999999999997797E-4
314,1600,39,3,223,4,EXECUTION,0.604638146972656,0.0050000000000000044
314,1600,39,3,223,4,WAIT_SEND,0.6096381469726561,0.0
276,1652,9,4,51,9,EXECUTION,0.599913170793661,0.010000000000000009
276,1652,9,4,51,9,WAIT_SEND,0.609913170793661,0.0
345,1575,11,0,62,0,WAIT_SEND,0.5751000000000001,0.0
345,1575,11,0,62,0,WAIT_RECV,0.610376293945312,0.0013190734863279818
303,1368,17,1,101,1,EXECUTION,0.5053,0.020000000000000018
303,1368,17,1,101,1,WAIT_SEND,0.5253,0.0
303,1368,17,1,101,1,WAIT_RECV,0.5909762939453119,0.0013190734863279818
303,1368,17,1,101,1,EXECUTION,0.5909762939453119,0.020000000000000018
303,1368,17,1,101,1,WAIT_SEND,0.6109762939453119,0.0
332,1560,14,3,82,6,EXECUTION,0.5707,0.010000000000000009
332,1560,14,3,82,6,WAIT_SEND,0.5807,0.0
332,1560,14,3,82,6,WAIT_RECV,0.5911,1.9999999999997797E-4
332,1560,14,3,82,6,EXECUTION,0.5911,0.020000000000000018
332,1560,14,3,82,6,WAIT_SEND,0.6111,0.0
303,1366,17,0,100,0,WAIT_SEND,0.5051,0.0
303,1366,17,0,100,0,WAIT_RECV,0.6111762939453119,1.9999999999997797E-4
278,1236,7,0,34,0,WAIT_SEND,0.4601,0.0
278,1236,7,0,34,0,WAIT_RECV,0.6117572204589841,0.06292861022949203
330,1663,10,0,61,9,EXECUTION,0.602019073486328,0.010000000000000009
330,1663,10,0,61,9,WAIT_SEND,0.612019073486328,0.0
329,1664,23,4,143,9,EXECUTION,0.6022921990307046,0.010000000000000009
329,1664,23,4,143,9,WAIT_SEND,0.6122921990307046,0.0
286,1454,31,4,200,7,EXECUTION,0.5355544266998766,0.010000000000000009
286,1454,31,4,200,7,WAIT_SEND,0.5455544266998766,0.0
286,1454,31,4,200,7,WAIT_RECV,0.5859812093638149,1.9999999999997797E-4
286,1454,31,4,200,7,EXECUTION,0.5859812093638149,0.026621531195579418
286,1454,31,4,200,7,WAIT_SEND,0.6126027405593943,0.0
333,1666,14,6,85,9,EXECUTION,0.603219073486328,0.010000000000000009
333,1666,14,6,85,9,WAIT_SEND,0.613219073486328,0.0
322,1685,39,7,235,8,EXECUTION,0.608428610229492,0.0050000000000000044
322,1685,39,7,235,8,WAIT_SEND,0.613428610229492,0.0
325,1523,30,6,191,7,EXECUTION,0.5605,0.010000000000000009
325,1523,30,6,191,7,WAIT_SEND,0.5705,0.0
325,1523,30,6,191,7,WAIT_RECV,0.603538146972656,1.9999999999997797E-4
325,1523,30,6,191,7,EXECUTION,0.603538146972656,0.010000000000000009
325,1523,30,6,191,7,WAIT_SEND,0.613538146972656,0.0
318,1650,39,4,224,5,EXECUTION,0.5982476837158203,0.0050000000000000044
318,1650,39,4,224,5,WAIT_SEND,0.6032476837158203,0.0
318,1650,39,4,224,5,WAIT_RECV,0.6086476837158202,1.9999999999997797E-4
318,1650,39,4,224,5,EXECUTION,0.6086476837158202,0.0050000000000000044
318,1650,39,4,224,5,WAIT_SEND,0.6136476837158202,0.0
319,1651,39,5,225,5,EXECUTION,0.5982476837158203,0.0050000000000000044
319,1651,39,5,225,5,WAIT_SEND,0.6032476837158203,0.0
319,1651,39,5,225,5,WAIT_RECV,0.6086476837158202,1.9999999999997797E-4
319,1651,39,5,225,5,EXECUTION,0.6086476837158202,0.0050000000000000044
319,1651,39,5,225,5,WAIT_SEND,0.6136476837158202,0.0
294,1601,3,1,6,6,EXECUTION,0.5833110583985301,0.010000000000000009
294,1601,3,1,6,6,WAIT_SEND,0.5933110583985302,0.0
294,1601,3,1,6,6,WAIT_RECV,0.6037110583985301,1.9999999999997797E-4
294,1601,3,1,6,6,EXECUTION,0.6037110583985301,0.010000000000000009
294,1601,3,1,6,6,WAIT_SEND,0.6137110583985301,0.0
306,1380,6,1,30,1,EXECUTION,0.5103,0.030000000000000027
306,1380,6,1,30,1,WAIT_SEND,0.5403,0.0
306,1380,6,1,30,1,WAIT_RECV,0.5937381469726559,0.0013190734863279818
306,1380,6,1,30,1,EXECUTION,0.5937381469726559,0.020000000000000018
306,1380,6,1,30,1,WAIT_SEND,0.6137381469726559,0.0
316,1422,20,2,127,1,EXECUTION,0.5253,0.02310000000000001
316,1422,20,2,127,1,WAIT_SEND,0.5484,0.0
316,1422,20,2,127,1,WAIT_RECV,0.603819073486328,1.9999999999997797E-4
316,1422,20,2,127,1,EXECUTION,0.603819073486328,0.010000000000000009
316,1422,20,2,127,1,WAIT_SEND,0.613819073486328,0.0
306,1376,6,0,29,0,WAIT_SEND,0.5101,0.0
306,1376,6,0,29,0,WAIT_RECV,0.6139381469726559,1.9999999999997797E-4
316,1419,20,0,125,0,WAIT_SEND,0.5251,0.0
316,1419,20,0,125,0,WAIT_RECV,0.614019073486328,1.9999999999997797E-4
321,1541,33,2,209,7,EXECUTION,0.5653214189884331,0.010000000000000009
321,1541,33,2,209,7,WAIT_SEND,0.5753214189884331,0.0
321,1541,33,2,209,7,WAIT_RECV,0.6061214189884331,1.9999999999997797E-4
321,1541,33,2,209,7,EXECUTION,0.6061214189884331,0.010000000000000009
321,1541,33,2,209,7,WAIT_SEND,0.6161214189884331,0.0
358,1681,13,5,78,10,EXECUTION,0.6066190734863279,0.010000000000000009
358,1681,13,5,78,10,WAIT_SEND,0.6166190734863279,0.0
260,1197,32,2,206,7,EXECUTION,0.44161907348632806,0.062080706606615965
260,1197,32,2,206,7,WAIT_SEND,0.503699780092944,0.0
260,1197,32,2,206,7,WAIT_RECV,0.5367379270656,0.0013190734863279818
260,1197,32,2,206,7,EXECUTION,0.5367379270656,0.08042871323949885
260,1197,32,2,206,7,WAIT_SEND,0.6171666403050988,0.0
341,1615,15,3,89,6,EXECUTION,0.586819073486328,0.010000000000000009
341,1615,15,3,89,6,WAIT_SEND,0.596819073486328,0.0
341,1615,15,3,89,6,WAIT_RECV,0.607219073486328,1.9999999999997797E-4
341,1615,15,3,89,6,EXECUTION,0.607219073486328,0.010000000000000009
341,1615,15,3,89,6,WAIT_SEND,0.617219073486328,0.0
338,1603,19,6,119,6,EXECUTION,0.5848572204589839,0.010000000000000009
338,1603,19,6,119,6,WAIT_SEND,0.5948572204589839,0.0
338,1603,19,6,119,6,WAIT_RECV,0.6074953674316399,0.0013190734863279818
338,1603,19,6,119,6,EXECUTION,0.6074953674316399,0.010000000000000009
338,1603,19,6,119,6,WAIT_SEND,0.6174953674316399,0.0
323,1485,19,1,122,7,EXECUTION,0.5455,0.019157220458984048
323,1485,19,1,122,7,WAIT_SEND,0.564657220458984,0.0
323,1485,19,1,122,7,WAIT_RECV,0.59769536743164,1.9999999999997797E-4
323,1485,19,1,122,7,EXECUTION,0.59769536743164,0.020000000000000018
323,1485,19,1,122,7,WAIT_SEND,0.61769536743164,0.0
264,1301,8,6,46,7,EXECUTION,0.4804999999999999,0.05155191220883959
264,1301,8,6,46,7,WAIT_SEND,0.5320519122088395,0.0
264,1301,8,6,46,7,WAIT_RECV,0.5650900591814955,1.9999999999997797E-4
264,1301,8,6,46,7,EXECUTION,0.5650900591814955,0.05319474364104082
264,1301,8,6,46,7,WAIT_SEND,0.6182848028225363,0.0
324,1696,39,0,236,9,EXECUTION,0.6134286102294921,0.0050000000000000044
324,1696,39,0,236,9,WAIT_SEND,0.6184286102294921,0.0
324,1697,39,3,239,10,EXECUTION,0.6134286102294921,0.0050000000000000044
324,1697,39,3,239,10,WAIT_SEND,0.6184286102294921,0.0
322,1668,39,6,226,5,EXECUTION,0.603228610229492,0.0050000000000000044
322,1668,39,6,226,5,WAIT_SEND,0.608228610229492,0.0
322,1668,39,6,226,5,WAIT_RECV,0.613628610229492,1.9999999999997797E-4
322,1668,39,6,226,5,EXECUTION,0.613628610229492,0.0050000000000000044
322,1668,39,6,226,5,WAIT_SEND,0.618628610229492,0.0
318,1630,39,3,215,2,EXECUTION,0.5930476837158203,0.0050000000000000044
318,1630,39,3,215,2,WAIT_SEND,0.5980476837158203,0.0
318,1630,39,3,215,2,WAIT_SEND,0.5980476837158203,0.0
318,1630,39,3,215,2,WAIT_RECV,0.6034476837158202,1.9999999999997797E-4
318,1630,39,3,215,2,WAIT_RECV,0.6138476837158202,1.9999999999997797E-4
318,1630,39,3,215,2,EXECUTION,0.6138476837158202,0.0050000000000000044
318,1630,39,3,215,2,WAIT_SEND,0.6188476837158202,0.0
319,1631,39,6,218,3,EXECUTION,0.5930476837158203,0.0050000000000000044
319,1631,39,6,218,3,WAIT_SEND,0.5980476837158203,0.0
319,1631,39,6,218,3,WAIT_RECV,0.6138476837158202,1.9999999999997797E-4
319,1631,39,6,218,3,EXECUTION,0.6138476837158202,0.0050000000000000044
319,1631,39,6,218,3,WAIT_SEND,0.6188476837158202,0.0
339,1616,30,2,187,6,EXECUTION,0.586819073486328,0.010000000000000009
339,1616,30,2,187,6,WAIT_SEND,0.596819073486328,0.0
339,1616,30,2,187,6,WAIT_RECV,0.609457220458984,0.0013190734863279818
339,1616,30,2,187,6,EXECUTION,0.609457220458984,0.010000000000000009
339,1616,30,2,187,6,WAIT_SEND,0.619457220458984,0.0
328,1513,13,3,76,7,EXECUTION,0.556619073486328,0.020000000000000018
328,1513,13,3,76,7,WAIT_SEND,0.576619073486328,0.0
328,1513,13,3,76,7,WAIT_RECV,0.609657220458984,1.9999999999997797E-4
328,1513,13,3,76,7,EXECUTION,0.609657220458984,0.010000000000000009
328,1513,13,3,76,7,WAIT_SEND,0.619657220458984,0.0
317,1693,31,7,203,9,EXECUTION,0.6111381915407279,0.010000000000000009
317,1693,31,7,203,9,WAIT_SEND,0.6211381915407279,0.0
332,1522,14,4,83,7,EXECUTION,0.5605,0.010000000000000009
332,1522,14,4,83,7,WAIT_SEND,0.5705,0.0
332,1522,14,4,83,7,WAIT_RECV,0.6113,1.9999999999997797E-4
332,1522,14,4,83,7,EXECUTION,0.6113,0.010000000000000009
332,1522,14,4,83,7,WAIT_SEND,0.6213,0.0
269,1432,4,2,12,6,EXECUTION,0.5283453674316403,0.024219936116536278
269,1432,4,2,12,6,WAIT_SEND,0.5525653035481766,0.0
269,1432,4,2,12,6,WAIT_RECV,0.5652034505208325,0.0013190734863279818
269,1432,4,2,12,6,EXECUTION,0.5652034505208325,0.05638295125613757
269,1432,4,2,12,6,WAIT_SEND,0.6215864017769701,0.0
330,1627,10,2,55,6,EXECUTION,0.591819073486328,0.010000000000000009
330,1627,10,2,55,6,WAIT_SEND,0.601819073486328,0.0
330,1627,10,2,55,6,WAIT_RECV,0.612219073486328,1.9999999999997797E-4
330,1627,10,2,55,6,EXECUTION,0.612219073486328,0.010000000000000009
330,1627,10,2,55,6,WAIT_SEND,0.622219073486328,0.0
329,1628,23,1,140,6,EXECUTION,0.5920921990307046,0.010000000000000009
329,1628,23,1,140,6,WAIT_SEND,0.6020921990307047,0.0
329,1628,23,1,140,6,WAIT_RECV,0.6124921990307046,1.9999999999997797E-4
329,1628,23,1,140,6,EXECUTION,0.6124921990307046,0.010000000000000009
329,1628,23,1,140,6,WAIT_SEND,0.6224921990307046,0.0
358,1677,12,6,72,9,EXECUTION,0.6054999999999999,0.017361853027343943
358,1677,12,6,72,9,WAIT_SEND,0.6228618530273439,0.0
333,1599,14,3,82,6,EXECUTION,0.583019073486328,0.020000000000000018
333,1599,14,3,82,6,WAIT_SEND,0.603019073486328,0.0
333,1599,14,3,82,6,WAIT_RECV,0.613419073486328,1.9999999999997797E-4
333,1599,14,3,82,6,EXECUTION,0.613419073486328,0.010000000000000009
333,1599,14,3,82,6,WAIT_SEND,0.623419073486328,0.0
263,1280,8,6,46,7,EXECUTION,0.47339851616753453,0.05288524554217294
263,1280,8,6,46,7,WAIT_SEND,0.5262837617097075,0.0
263,1280,8,6,46,7,WAIT_RECV,0.5688651165997531,1.9999999999997797E-4
263,1280,8,6,46,7,EXECUTION,0.5688651165997531,0.05463923291467687
263,1280,8,6,46,7,WAIT_SEND,0.62350434951443,0.0
324,1684,39,7,227,6,EXECUTION,0.6082286102294922,0.0050000000000000044
324,1684,39,7,227,6,WAIT_SEND,0.6132286102294922,0.0
324,1684,39,7,227,6,WAIT_SEND,0.6132286102294922,0.0
324,1684,39,7,227,6,WAIT_RECV,0.6186286102294921,1.9999999999997797E-4
324,1684,39,7,227,6,WAIT_RECV,0.6186286102294921,1.9999999999997797E-4
324,1684,39,7,227,6,EXECUTION,0.6186286102294921,0.0050000000000000044
324,1684,39,7,227,6,WAIT_SEND,0.6236286102294921,0.0
325,1469,30,1,186,1,EXECUTION,0.5403,0.020000000000000018
325,1469,30,1,186,1,WAIT_SEND,0.5603,0.0
325,1469,30,1,186,1,WAIT_RECV,0.6137381469726559,1.9999999999997797E-4
325,1469,30,1,186,1,EXECUTION,0.6137381469726559,0.010000000000000009
325,1469,30,1,186,1,WAIT_SEND,0.623738146972656,0.0
322,1647,39,4,216,2,EXECUTION,0.598028610229492,0.0050000000000000044
322,1647,39,4,216,2,WAIT_SEND,0.6030286102294921,0.0
322,1647,39,4,216,2,WAIT_SEND,0.6030286102294921,0.0
322,1647,39,4,216,2,WAIT_RECV,0.608428610229492,1.9999999999997797E-4
322,1647,39,4,216,2,WAIT_RECV,0.618828610229492,1.9999999999997797E-4
322,1647,39,4,216,2,EXECUTION,0.618828610229492,0.0050000000000000044
322,1647,39,4,216,2,WAIT_SEND,0.623828610229492,0.0
325,1466,30,0,185,0,WAIT_SEND,0.5401,0.0
325,1466,30,0,185,0,WAIT_RECV,0.6239381469726559,1.9999999999997797E-4
262,1281,8,6,46,7,EXECUTION,0.4738333333333333,0.05288524554217294
262,1281,8,6,46,7,WAIT_SEND,0.5267185788755062,0.0
262,1281,8,6,46,7,WAIT_RECV,0.5693219086823634,1.9999999999997797E-4
262,1281,8,6,46,7,EXECUTION,0.5693219086823634,0.05475343093532947
262,1281,8,6,46,7,WAIT_SEND,0.6240753396176929,0.0
282,1372,4,4,14,7,EXECUTION,0.508,0.014442960611979028
282,1372,4,4,14,7,WAIT_SEND,0.522442960611979,0.0
282,1372,4,4,14,7,WAIT_RECV,0.6041977075368254,1.9999999999997797E-4
282,1372,4,4,14,7,EXECUTION,0.6041977075368254,0.020000000000000018
282,1372,4,4,14,7,WAIT_SEND,0.6241977075368255,0.0
307,1383,22,1,137,1,EXECUTION,0.511428610229492,0.030000000000000027
307,1383,22,1,137,1,WAIT_SEND,0.5414286102294921,0.0
307,1383,22,1,137,1,WAIT_RECV,0.5948858306884761,0.0013286102294920443
307,1383,22,1,137,1,EXECUTION,0.5948858306884761,0.030000000000000027
307,1383,22,1,137,1,WAIT_SEND,0.6248858306884761,0.0
308,1384,22,1,137,1,EXECUTION,0.511428610229492,0.030000000000000027
308,1384,22,1,137,1,WAIT_SEND,0.5414286102294921,0.0
308,1384,22,1,137,1,WAIT_RECV,0.5948858306884761,0.0013286102294920443
308,1384,22,1,137,1,EXECUTION,0.5948858306884761,0.030000000000000027
308,1384,22,1,137,1,WAIT_SEND,0.6248858306884761,0.0
281,1704,5,2,26,9,EXECUTION,0.6151365034445826,0.010000000000000009
281,1704,5,2,26,9,WAIT_SEND,0.6251365034445826,0.0
300,1443,11,2,64,7,EXECUTION,0.5321666666666666,0.030418081749809978
300,1443,11,2,64,7,WAIT_SEND,0.5625847484164765,0.0
300,1443,11,2,64,7,WAIT_RECV,0.5956228953891325,0.0013190734863279818
300,1443,11,2,64,7,EXECUTION,0.5956228953891325,0.02968785942925345
300,1443,11,2,64,7,WAIT_SEND,0.6253107548183859,0.0
315,1683,12,6,72,9,EXECUTION,0.608138146972656,0.017361853027343943
315,1683,12,6,72,9,WAIT_SEND,0.6255,0.0
363,1707,29,7,182,9,EXECUTION,0.6154999999999999,0.010000000000000009
363,1707,29,7,182,9,WAIT_SEND,0.6255,0.0
348,1709,20,7,132,9,EXECUTION,0.6157595367431639,0.010000000000000009
348,1709,20,7,132,9,WAIT_SEND,0.6257595367431639,0.0
353,1710,5,3,27,9,EXECUTION,0.6158999999999999,0.010000000000000009
353,1710,5,3,27,9,WAIT_SEND,0.6258999999999999,0.0
307,1377,23,0,139,0,WAIT_SEND,0.5101,0.0
307,1377,23,0,139,0,WAIT_RECV,0.6262144409179682,0.0013286102294920443
308,1378,25,0,151,0,WAIT_SEND,0.5101,0.0
308,1378,25,0,151,0,WAIT_RECV,0.6262144409179682,0.0013286102294920443
350,1711,26,4,163,9,EXECUTION,0.6162552967901872,0.010000000000000009
350,1711,26,4,163,9,WAIT_SEND,0.6262552967901872,0.0
363,1713,30,2,195,10,EXECUTION,0.6166190734863279,0.010000000000000009
363,1713,30,2,195,10,WAIT_SEND,0.626619073486328,0.0
285,1291,11,1,63,1,EXECUTION,0.4764190734863281,0.020000000000000018
285,1291,11,1,63,1,WAIT_SEND,0.49641907348632813,0.0
285,1291,11,1,63,1,WAIT_RECV,0.5973138658311629,1.9999999999997797E-4
285,1291,11,1,63,1,EXECUTION,0.5973138658311629,0.030000000000000027
285,1291,11,1,63,1,WAIT_SEND,0.6273138658311629,0.0
321,1452,28,1,170,1,EXECUTION,0.5353,0.028702345502105153
321,1452,28,1,170,1,WAIT_SEND,0.5640023455021052,0.0
321,1452,28,1,170,1,WAIT_RECV,0.6174404924747611,0.0013190734863279818
321,1452,28,1,170,1,EXECUTION,0.6174404924747611,0.010000000000000009
321,1452,28,1,170,1,WAIT_SEND,0.6274404924747611,0.0
321,1449,28,0,169,0,WAIT_SEND,0.5351,0.0
321,1449,28,0,169,0,WAIT_RECV,0.6276404924747611,1.9999999999997797E-4
323,1451,19,4,117,1,EXECUTION,0.5353,0.010000000000000009
323,1451,19,4,117,1,WAIT_SEND,0.5453,0.0
323,1451,19,4,117,1,WAIT_RECV,0.61789536743164,1.9999999999997797E-4
323,1451,19,4,117,1,EXECUTION,0.61789536743164,0.010000000000000009
323,1451,19,4,117,1,WAIT_SEND,0.62789536743164,0.0
323,1448,19,0,113,0,WAIT_SEND,0.5351,0.0
323,1448,19,0,113,0,WAIT_RECV,0.62809536743164,1.9999999999997797E-4
260,1162,29,2,177,1,EXECUTION,0.43029999999999996,0.010000000000000009
260,1162,29,2,177,1,WAIT_SEND,0.44029999999999997,0.0
260,1162,29,2,177,1,WAIT_RECV,0.6184857137914268,0.0013190734863279818
260,1162,29,2,177,1,EXECUTION,0.6184857137914268,0.010000000000000009
260,1162,29,2,177,1,WAIT_SEND,0.6284857137914268,0.0
285,1284,10,0,53,0,WAIT_SEND,0.4751,0.0
285,1284,10,0,53,0,WAIT_RECV,0.6286329393174909,0.0013190734863279818
260,1160,29,0,175,0,WAIT_SEND,0.4301,0.0
260,1160,29,0,175,0,WAIT_RECV,0.6286857137914268,1.9999999999997797E-4
293,1489,31,4,200,7,EXECUTION,0.5463276440359383,0.020000000000000018
293,1489,31,4,200,7,WAIT_SEND,0.5663276440359383,0.0
293,1489,31,4,200,7,WAIT_RECV,0.6067544266998766,1.9999999999997797E-4
293,1489,31,4,200,7,EXECUTION,0.6067544266998766,0.021949437953172612
293,1489,31,4,200,7,WAIT_SEND,0.6287038646530492,0.0
309,1396,28,2,171,1,EXECUTION,0.5153,0.020000000000000018
309,1396,28,2,171,1,WAIT_SEND,0.5353,0.0
309,1396,28,2,171,1,WAIT_RECV,0.6087381469726559,0.0013190734863279818
309,1396,28,2,171,1,EXECUTION,0.6087381469726559,0.020000000000000018
309,1396,28,2,171,1,WAIT_SEND,0.628738146972656,0.0
220,1185,32,2,206,7,EXECUTION,0.4389808631896972,0.06102542248796361
220,1185,32,2,206,7,WAIT_SEND,0.5000062856776608,0.0
220,1185,32,2,206,7,WAIT_RECV,0.5499762939453119,0.0013190734863279818
220,1185,32,2,206,7,EXECUTION,0.5499762939453119,0.07877391737953487
220,1185,32,2,206,7,WAIT_SEND,0.6287502113248468,0.0
324,1665,39,1,221,4,EXECUTION,0.6030286102294922,0.0050000000000000044
324,1665,39,1,221,4,WAIT_SEND,0.6080286102294922,0.0
324,1665,39,1,221,4,WAIT_RECV,0.6238286102294921,1.9999999999997797E-4
324,1665,39,1,221,4,EXECUTION,0.6238286102294921,0.0050000000000000044
324,1665,39,1,221,4,WAIT_SEND,0.6288286102294921,0.0
309,1392,28,0,169,0,WAIT_SEND,0.5151,0.0
309,1392,28,0,169,0,WAIT_RECV,0.6289381469726559,1.9999999999997797E-4
343,1715,6,4,33,9,EXECUTION,0.6192572204589841,0.010000000000000009
343,1715,6,4,33,9,WAIT_SEND,0.6292572204589841,0.0
256,1716,31,6,202,9,EXECUTION,0.6193565821157441,0.010000000000000009
256,1716,31,6,202,9,WAIT_SEND,0.6293565821157441,0.0
339,1584,30,7,192,7,EXECUTION,0.576619073486328,0.010000000000000009
339,1584,30,7,192,7,WAIT_SEND,0.586619073486328,0.0
339,1584,30,7,192,7,WAIT_RECV,0.619657220458984,1.9999999999997797E-4
339,1584,30,7,192,7,EXECUTION,0.619657220458984,0.010000000000000009
339,1584,30,7,192,7,WAIT_SEND,0.629657220458984,0.0
338,1559,19,0,121,7,EXECUTION,0.5705,0.014157220458983932
338,1559,19,0,121,7,WAIT_SEND,0.5846572204589839,0.0
338,1559,19,0,121,7,WAIT_RECV,0.6176953674316399,1.9999999999997797E-4
338,1559,19,0,121,7,EXECUTION,0.6176953674316399,0.012195367431639959
338,1559,19,0,121,7,WAIT_SEND,0.6298907348632798,0.0
198,868,32,1,205,1,EXECUTION,0.3303,0.05100562017464344
198,868,32,1,205,1,WAIT_SEND,0.3813056201746434,0.0
198,868,32,1,205,1,WAIT_RECV,0.5336970884624569,1.9999999999997797E-4
198,868,32,1,205,1,EXECUTION,0.5336970884624569,0.09642516890783759
198,868,32,1,205,1,WAIT_SEND,0.6301222573702945,0.0
198,866,32,0,204,0,WAIT_SEND,0.3301,0.0
198,866,32,0,204,0,WAIT_RECV,0.6303222573702945,1.9999999999997797E-4
368,1725,25,5,156,9,EXECUTION,0.6204999999999999,0.010000000000000009
368,1725,25,5,156,9,WAIT_SEND,0.6305,0.0
328,1482,12,2,68,1,EXECUTION,0.5453,0.010000000000000009
328,1482,12,2,68,1,WAIT_SEND,0.5553,0.0
328,1482,12,2,68,1,WAIT_RECV,0.620976293945312,0.0013190734863279818
328,1482,12,2,68,1,EXECUTION,0.620976293945312,0.010000000000000009
328,1482,12,2,68,1,WAIT_SEND,0.630976293945312,0.0
328,1479,12,0,66,0,WAIT_SEND,0.5451,0.0
328,1479,12,0,66,0,WAIT_RECV,0.6311762939453119,1.9999999999997797E-4
368,1728,19,3,124,10,EXECUTION,0.6216190734863279,0.010000000000000009
368,1728,19,3,124,10,WAIT_SEND,0.631619073486328,0.0
347,1714,24,4,150,9,EXECUTION,0.617019073486328,0.014774568684896017
347,1714,24,4,150,9,WAIT_SEND,0.631793642171224,0.0
330,1595,10,6,59,7,EXECUTION,0.581619073486328,0.010000000000000009
330,1595,10,6,59,7,WAIT_SEND,0.591619073486328,0.0
330,1595,10,6,59,7,WAIT_RECV,0.622419073486328,1.9999999999997797E-4
330,1595,10,6,59,7,EXECUTION,0.622419073486328,0.010000000000000009
330,1595,10,6,59,7,WAIT_SEND,0.632419073486328,0.0
329,1596,23,3,142,7,EXECUTION,0.5818921990307047,0.010000000000000009
329,1596,23,3,142,7,WAIT_SEND,0.5918921990307047,0.0
329,1596,23,3,142,7,WAIT_RECV,0.6226921990307046,1.9999999999997797E-4
329,1596,23,3,142,7,EXECUTION,0.6226921990307046,0.010000000000000009
329,1596,23,3,142,7,WAIT_SEND,0.6326921990307046,0.0
358,1639,12,4,70,6,EXECUTION,0.5952999999999999,0.010000000000000009
358,1639,12,4,70,6,WAIT_SEND,0.6053,0.0
358,1639,12,4,70,6,WAIT_SEND,0.6053,0.0
358,1639,12,4,70,6,WAIT_RECV,0.6179381469726559,0.0013190734863279818
358,1639,12,4,70,6,WAIT_RECV,0.6230618530273438,1.9999999999997797E-4
358,1639,12,4,70,6,EXECUTION,0.6230618530273438,0.010000000000000009
358,1639,12,4,70,6,WAIT_SEND,0.6330618530273439,0.0
358,1638,12,0,66,0,WAIT_SEND,0.5951,0.0
358,1638,12,0,66,0,WAIT_RECV,0.6332618530273438,1.9999999999997797E-4
299,1732,9,5,52,9,EXECUTION,0.623302714846632,0.010000000000000009
299,1732,9,5,52,9,WAIT_SEND,0.633302714846632,0.0
333,1567,14,5,84,7,EXECUTION,0.572819073486328,0.010000000000000009
333,1567,14,5,84,7,WAIT_SEND,0.582819073486328,0.0
333,1567,14,5,84,7,WAIT_RECV,0.623619073486328,1.9999999999997797E-4
333,1567,14,5,84,7,EXECUTION,0.623619073486328,0.010000000000000009
333,1567,14,5,84,7,WAIT_SEND,0.633619073486328,0.0
310,1734,9,3,50,9,EXECUTION,0.6239804239816774,0.010000000000000009
310,1734,9,3,50,9,WAIT_SEND,0.6339804239816774,0.0
312,1735,33,3,210,9,EXECUTION,0.6248411787356115,0.010000000000000009
312,1735,33,3,210,9,WAIT_SEND,0.6348411787356115,0.0
294,1527,2,2,2,7,EXECUTION,0.5619919849122021,0.020000000000000018
294,1527,2,2,2,7,WAIT_SEND,0.5819919849122022,0.0
294,1527,2,2,2,7,WAIT_RECV,0.6150301318848581,0.0013190734863279818
294,1527,2,2,2,7,EXECUTION,0.6150301318848581,0.020000000000000018
294,1527,2,2,2,7,WAIT_SEND,0.6350301318848581,0.0
348,1678,20,3,128,6,EXECUTION,0.6055595367431639,0.010000000000000009
348,1678,20,3,128,6,WAIT_SEND,0.6155595367431639,0.0
348,1678,20,3,128,6,WAIT_RECV,0.6259595367431638,1.9999999999997797E-4
348,1678,20,3,128,6,EXECUTION,0.6259595367431638,0.010000000000000009
348,1678,20,3,128,6,WAIT_SEND,0.6359595367431639,0.0
353,1679,5,4,20,6,EXECUTION,0.6056999999999999,0.010000000000000009
353,1679,5,4,20,6,WAIT_SEND,0.6156999999999999,0.0
353,1679,5,4,20,6,WAIT_RECV,0.6260999999999999,1.9999999999997797E-4
353,1679,5,4,20,6,EXECUTION,0.6260999999999999,0.010000000000000009
353,1679,5,4,20,6,WAIT_SEND,0.6360999999999999,0.0
331,1742,2,4,4,9,EXECUTION,0.626276007995605,0.010000000000000009
331,1742,2,4,4,9,WAIT_SEND,0.636276007995605,0.0
229,1247,32,2,206,7,EXECUTION,0.46214540354410805,0.06554659473439184
229,1247,32,2,206,7,WAIT_SEND,0.5276919982784999,0.0
229,1247,32,2,206,7,WAIT_RECV,0.5607301452511558,0.0013190734863279818
229,1247,32,2,206,7,EXECUTION,0.5607301452511558,0.07608545455307392
229,1247,32,2,206,7,WAIT_SEND,0.6368155998042297,0.0
315,1644,13,2,75,6,EXECUTION,0.596819073486328,0.010000000000000009
315,1644,13,2,75,6,WAIT_SEND,0.606819073486328,0.0
315,1644,13,2,75,6,WAIT_RECV,0.6268190734863279,0.0013190734863279818
315,1644,13,2,75,6,EXECUTION,0.6268190734863279,0.010000000000000009
315,1644,13,2,75,6,WAIT_SEND,0.6368190734863279,0.0
352,1744,5,4,28,9,EXECUTION,0.6270190734863279,0.010000000000000009
352,1744,5,4,28,9,WAIT_SEND,0.6370190734863279,0.0
340,1730,24,4,150,9,EXECUTION,0.622244504801432,0.014774568684896017
340,1730,24,4,150,9,WAIT_SEND,0.637019073486328,0.0
350,1661,27,2,167,6,EXECUTION,0.6018190734863279,0.013117149817531315
350,1661,27,2,167,6,WAIT_SEND,0.6149362233038592,0.0
350,1661,27,2,167,6,WAIT_RECV,0.6275743702765152,0.0013190734863279818
350,1661,27,2,167,6,EXECUTION,0.6275743702765152,0.010000000000000009
350,1661,27,2,167,6,WAIT_SEND,0.6375743702765152,0.0
363,1675,29,6,181,6,EXECUTION,0.6053,0.010000000000000009
363,1675,29,6,181,6,WAIT_SEND,0.6153,0.0
363,1675,29,6,181,6,WAIT_SEND,0.6153,0.0
363,1675,29,6,181,6,WAIT_RECV,0.6256999999999999,1.9999999999997797E-4
363,1675,29,6,181,6,WAIT_RECV,0.6279381469726559,0.0013190734863279818
363,1675,29,6,181,6,EXECUTION,0.6279381469726559,0.010000000000000009
363,1675,29,6,181,6,WAIT_SEND,0.6379381469726559,0.0
363,1672,29,0,175,0,WAIT_SEND,0.6051,0.0
363,1672,29,0,175,0,WAIT_RECV,0.6381381469726559,1.9999999999997797E-4
336,1756,39,4,240,10,EXECUTION,0.6334286102294922,0.0050000000000000044
336,1756,39,4,240,10,WAIT_SEND,0.6384286102294922,0.0
336,1755,39,1,237,9,EXECUTION,0.6334286102294922,0.0050000000000000044
336,1755,39,1,237,9,WAIT_SEND,0.6384286102294922,0.0
256,1686,31,2,198,6,EXECUTION,0.6091565821157441,0.010000000000000009
256,1686,31,2,198,6,WAIT_SEND,0.6191565821157441,0.0
256,1686,31,2,198,6,WAIT_RECV,0.6295565821157441,1.9999999999997797E-4
256,1686,31,2,198,6,EXECUTION,0.6295565821157441,0.010000000000000009
256,1686,31,2,198,6,WAIT_SEND,0.6395565821157441,0.0
338,1521,19,1,114,1,EXECUTION,0.5603,0.010000000000000009
338,1521,19,1,114,1,WAIT_SEND,0.5703,0.0
338,1521,19,1,114,1,WAIT_RECV,0.6300907348632798,1.9999999999997797E-4
338,1521,19,1,114,1,EXECUTION,0.6300907348632798,0.010000000000000009
338,1521,19,1,114,1,WAIT_SEND,0.6400907348632798,0.0
338,1519,19,0,113,0,WAIT_SEND,0.5601,0.0
338,1519,19,0,113,0,WAIT_RECV,0.6402907348632798,1.9999999999997797E-4
343,1682,7,3,37,6,EXECUTION,0.6079381469726561,0.010000000000000009
343,1682,7,3,37,6,WAIT_SEND,0.6179381469726561,0.0
343,1682,7,3,37,6,WAIT_RECV,0.6305762939453121,0.0013190734863279818
343,1682,7,3,37,6,EXECUTION,0.6305762939453121,0.010000000000000009
343,1682,7,3,37,6,WAIT_SEND,0.6405762939453121,0.0
360,1752,5,2,26,9,EXECUTION,0.6308999999999999,0.010000000000000009
360,1752,5,2,26,9,WAIT_SEND,0.6408999999999999,0.0
339,1540,29,3,178,1,EXECUTION,0.5653,0.010000000000000009
339,1540,29,3,178,1,WAIT_SEND,0.5753,0.0
339,1540,29,3,178,1,WAIT_RECV,0.630976293945312,0.0013190734863279818
339,1540,29,3,178,1,EXECUTION,0.630976293945312,0.010000000000000009
339,1540,29,3,178,1,WAIT_SEND,0.640976293945312,0.0
339,1539,29,0,175,0,WAIT_SEND,0.5651,0.0
339,1539,29,0,175,0,WAIT_RECV,0.641176293945312,1.9999999999997797E-4
317,1658,31,3,199,6,EXECUTION,0.6009381915407279,0.010000000000000009
317,1658,31,3,199,6,WAIT_SEND,0.6109381915407279,0.0
317,1658,31,3,199,6,WAIT_RECV,0.6213381915407279,1.9999999999997797E-4
317,1658,31,3,199,6,EXECUTION,0.6213381915407279,0.020000000000000018
317,1658,31,3,199,6,WAIT_SEND,0.6413381915407279,0.0
332,1496,14,1,80,1,EXECUTION,0.5503,0.010000000000000009
332,1496,14,1,80,1,WAIT_SEND,0.5603,0.0
332,1496,14,1,80,1,WAIT_RECV,0.6214999999999999,1.9999999999997797E-4
332,1496,14,1,80,1,EXECUTION,0.6214999999999999,0.020000000000000018
332,1496,14,1,80,1,WAIT_SEND,0.6415,0.0
332,1494,14,0,79,0,WAIT_SEND,0.5501,0.0
332,1494,14,0,79,0,WAIT_RECV,0.6416999999999999,1.9999999999997797E-4
355,1754,15,5,91,9,EXECUTION,0.6320190734863279,0.010000000000000009
355,1754,15,5,91,9,WAIT_SEND,0.6420190734863279,0.0
368,1691,25,2,153,6,EXECUTION,0.6103,0.010000000000000009
368,1691,25,2,153,6,WAIT_SEND,0.6203,0.0
368,1691,25,2,153,6,WAIT_SEND,0.6203,0.0
368,1691,25,2,153,6,WAIT_RECV,0.6306999999999999,1.9999999999997797E-4
368,1691,25,2,153,6,WAIT_RECV,0.6329381469726559,0.0013190734863279818
368,1691,25,2,153,6,EXECUTION,0.6329381469726559,0.010000000000000009
368,1691,25,2,153,6,WAIT_SEND,0.6429381469726559,0.0
347,1680,19,7,120,6,EXECUTION,0.6057,0.010000000000000009
347,1680,19,7,120,6,WAIT_SEND,0.6157,0.0
347,1680,19,7,120,6,WAIT_RECV,0.633112715657552,0.0013190734863279818
347,1680,19,7,120,6,EXECUTION,0.633112715657552,0.010000000000000009
347,1680,19,7,120,6,WAIT_SEND,0.643112715657552,0.0
368,1689,25,0,151,0,WAIT_SEND,0.6101,0.0
368,1689,25,0,151,0,WAIT_RECV,0.6431381469726559,1.9999999999997797E-4
336,1745,39,0,228,6,EXECUTION,0.6282286102294922,0.0050000000000000044
336,1745,39,0,228,6,WAIT_SEND,0.6332286102294922,0.0
336,1745,39,0,228,6,WAIT_SEND,0.6332286102294922,0.0
336,1745,39,0,228,6,WAIT_RECV,0.6386286102294921,1.9999999999997797E-4
336,1745,39,0,228,6,WAIT_RECV,0.6386286102294921,1.9999999999997797E-4
336,1745,39,0,228,6,EXECUTION,0.6386286102294921,0.0050000000000000044
336,1745,39,0,228,6,WAIT_SEND,0.6436286102294921,0.0
263,1179,8,1,41,1,EXECUTION,0.4364190734863281,0.036779442681206476
263,1179,8,1,41,1,WAIT_SEND,0.47319851616753456,0.0
263,1179,8,1,41,1,WAIT_RECV,0.62370434951443,1.9999999999997797E-4
263,1179,8,1,41,1,EXECUTION,0.62370434951443,0.020000000000000018
263,1179,8,1,41,1,WAIT_SEND,0.64370434951443,0.0
330,1497,17,1,101,1,EXECUTION,0.5503,0.030000000000000027
330,1497,17,1,101,1,WAIT_SEND,0.5803,0.0
330,1497,17,1,101,1,WAIT_RECV,0.633738146972656,0.0013190734863279818
330,1497,17,1,101,1,EXECUTION,0.633738146972656,0.010000000000000009
330,1497,17,1,101,1,WAIT_SEND,0.643738146972656,0.0
333,1512,14,2,81,1,EXECUTION,0.556419073486328,0.016199999999999992
333,1512,14,2,81,1,WAIT_SEND,0.572619073486328,0.0
333,1512,14,2,81,1,WAIT_RECV,0.6338190734863279,1.9999999999997797E-4
333,1512,14,2,81,1,EXECUTION,0.6338190734863279,0.010000000000000009
333,1512,14,2,81,1,WAIT_SEND,0.6438190734863279,0.0
330,1495,17,0,100,0,WAIT_SEND,0.5501,0.0
330,1495,17,0,100,0,WAIT_RECV,0.643938146972656,1.9999999999997797E-4
329,1483,21,1,134,1,EXECUTION,0.5453,0.03527312554437667
329,1483,21,1,134,1,WAIT_SEND,0.5805731255443767,0.0
329,1483,21,1,134,1,WAIT_RECV,0.6340112725170326,0.0013190734863279818
329,1483,21,1,134,1,EXECUTION,0.6340112725170326,0.010000000000000009
329,1483,21,1,134,1,WAIT_SEND,0.6440112725170326,0.0
310,1698,9,2,49,6,EXECUTION,0.6137804239816774,0.010000000000000009
310,1698,9,2,49,6,WAIT_SEND,0.6237804239816774,0.0
310,1698,9,2,49,6,WAIT_RECV,0.6341804239816774,1.9999999999997797E-4
310,1698,9,2,49,6,EXECUTION,0.6341804239816774,0.010000000000000009
310,1698,9,2,49,6,WAIT_SEND,0.6441804239816774,0.0
329,1480,21,0,133,0,WAIT_SEND,0.5451,0.0
329,1480,21,0,133,0,WAIT_RECV,0.6442112725170326,1.9999999999997797E-4
263,1172,3,0,5,0,WAIT_SEND,0.4351,0.0
263,1172,3,0,5,0,WAIT_RECV,0.645023423000758,0.0013190734863279818
312,1699,33,1,208,6,EXECUTION,0.6146411787356115,0.010000000000000009
312,1699,33,1,208,6,WAIT_SEND,0.6246411787356115,0.0
312,1699,33,1,208,6,WAIT_RECV,0.6350411787356115,1.9999999999997797E-4
312,1699,33,1,208,6,EXECUTION,0.6350411787356115,0.010000000000000009
312,1699,33,1,208,6,WAIT_SEND,0.6450411787356115,0.0
333,1508,10,0,53,0,WAIT_SEND,0.5551,0.0
333,1508,10,0,53,0,WAIT_RECV,0.6451381469726559,0.0013190734863279818
341,1583,15,4,90,7,EXECUTION,0.576619073486328,0.010000000000000009
341,1583,15,4,90,7,WAIT_SEND,0.586619073486328,0.0
341,1583,15,4,90,7,WAIT_RECV,0.617419073486328,1.9999999999997797E-4
341,1583,15,4,90,7,EXECUTION,0.617419073486328,0.027900000000000036
341,1583,15,4,90,7,WAIT_SEND,0.645319073486328,0.0
348,1640,20,4,129,7,EXECUTION,0.5953595367431639,0.010000000000000009
348,1640,20,4,129,7,WAIT_SEND,0.6053595367431639,0.0
348,1640,20,4,129,7,WAIT_RECV,0.6361595367431638,1.9999999999997797E-4
348,1640,20,4,129,7,EXECUTION,0.6361595367431638,0.010000000000000009
348,1640,20,4,129,7,WAIT_SEND,0.6461595367431638,0.0
353,1641,5,6,22,7,EXECUTION,0.5954999999999999,0.010000000000000009
353,1641,5,6,22,7,WAIT_SEND,0.6054999999999999,0.0
353,1641,5,6,22,7,WAIT_RECV,0.6362999999999999,1.9999999999997797E-4
353,1641,5,6,22,7,EXECUTION,0.6362999999999999,0.010000000000000009
353,1641,5,6,22,7,WAIT_SEND,0.6462999999999999,0.0
297,1338,24,0,146,0,WAIT_SEND,0.4951,0.0
297,1338,24,0,146,0,WAIT_RECV,0.6467667572021483,0.06292861022949214
340,1695,24,2,148,6,EXECUTION,0.612044504801432,0.010000000000000009
340,1695,24,2,148,6,WAIT_SEND,0.622044504801432,0.0
340,1695,24,2,148,6,WAIT_RECV,0.637219073486328,1.9999999999997797E-4
340,1695,24,2,148,6,EXECUTION,0.637219073486328,0.010000000000000009
340,1695,24,2,148,6,WAIT_SEND,0.647219073486328,0.0
298,1337,11,0,62,0,WAIT_SEND,0.4951,0.0
298,1337,11,0,62,0,WAIT_RECV,0.6475762939453122,0.06292861022949214
331,1700,8,3,43,6,EXECUTION,0.614956934509277,0.010000000000000009
331,1700,8,3,43,6,WAIT_SEND,0.624956934509277,0.0
331,1700,8,3,43,6,WAIT_RECV,0.637595081481933,0.0013190734863279818
331,1700,8,3,43,6,EXECUTION,0.637595081481933,0.010000000000000009
331,1700,8,3,43,6,WAIT_SEND,0.647595081481933,0.0
350,1625,27,3,168,7,EXECUTION,0.5916190734863279,0.010000000000000009
350,1625,27,3,168,7,WAIT_SEND,0.6016190734863279,0.0
350,1625,27,3,168,7,WAIT_RECV,0.6377743702765152,1.9999999999997797E-4
350,1625,27,3,168,7,EXECUTION,0.6377743702765152,0.010000000000000009
350,1625,27,3,168,7,WAIT_SEND,0.6477743702765152,0.0
352,1708,7,4,38,6,EXECUTION,0.6156999999999999,0.010000000000000009
352,1708,7,4,38,6,WAIT_SEND,0.6256999999999999,0.0
352,1708,7,4,38,6,WAIT_RECV,0.6383381469726559,0.0013190734863279818
352,1708,7,4,38,6,EXECUTION,0.6383381469726559,0.010000000000000009
352,1708,7,4,38,6,WAIT_SEND,0.6483381469726559,0.0
351,1771,12,6,72,9,EXECUTION,0.638448089740894,0.010000000000000009
351,1771,12,6,72,9,WAIT_SEND,0.648448089740894,0.0
264,1192,8,2,42,1,EXECUTION,0.44029999999999997,0.03999999999999998
264,1192,8,2,42,1,WAIT_SEND,0.48029999999999995,0.0
264,1192,8,2,42,1,WAIT_RECV,0.6184848028225363,1.9999999999997797E-4
264,1192,8,2,42,1,EXECUTION,0.6184848028225363,0.030000000000000027
264,1192,8,2,42,1,WAIT_SEND,0.6484848028225363,0.0
264,1189,8,0,40,0,WAIT_SEND,0.4401,0.0
264,1189,8,0,40,0,WAIT_RECV,0.6486848028225363,1.9999999999997797E-4
336,1731,39,2,222,4,EXECUTION,0.6230286102294922,0.0050000000000000044
336,1731,39,2,222,4,WAIT_SEND,0.6280286102294922,0.0
336,1731,39,2,222,4,WAIT_RECV,0.6438286102294921,1.9999999999997797E-4
336,1731,39,2,222,4,EXECUTION,0.6438286102294921,0.0050000000000000044
336,1731,39,2,222,4,WAIT_SEND,0.6488286102294921,0.0
300,1354,11,1,63,1,EXECUTION,0.5003,0.03166666666666662
300,1354,11,1,63,1,WAIT_SEND,0.5319666666666666,0.0
300,1354,11,1,63,1,WAIT_RECV,0.6255107548183859,1.9999999999997797E-4
300,1354,11,1,63,1,EXECUTION,0.6255107548183859,0.02350693291558148
300,1354,11,1,63,1,WAIT_SEND,0.6490176877339674,0.0
300,1351,11,0,62,0,WAIT_SEND,0.5001,0.0
300,1351,11,0,62,0,WAIT_RECV,0.6492176877339674,1.9999999999997797E-4
342,1773,31,7,203,9,EXECUTION,0.6397596781682354,0.010000000000000009
342,1773,31,7,203,9,WAIT_SEND,0.6497596781682354,0.0
292,1476,4,2,12,6,EXECUTION,0.5431999999999999,0.04984150941670873
292,1476,4,2,12,6,WAIT_SEND,0.5930415094167086,0.0
292,1476,4,2,12,6,WAIT_RECV,0.6056796563893646,0.0013190734863279818
292,1476,4,2,12,6,EXECUTION,0.6056796563893646,0.04448293390981872
292,1476,4,2,12,6,WAIT_SEND,0.6501625902991833,0.0
327,1778,6,3,32,9,EXECUTION,0.6404401242540139,0.010000000000000009
327,1778,6,3,32,9,WAIT_SEND,0.6504401242540139,0.0
360,1726,5,5,21,6,EXECUTION,0.6206999999999999,0.010000000000000009
360,1726,5,5,21,6,WAIT_SEND,0.6306999999999999,0.0
360,1726,5,5,21,6,WAIT_RECV,0.6410999999999999,1.9999999999997797E-4
360,1726,5,5,21,6,EXECUTION,0.6410999999999999,0.010000000000000009
360,1726,5,5,21,6,WAIT_SEND,0.6510999999999999,0.0
317,1592,31,5,201,7,EXECUTION,0.5807381915407279,0.020000000000000018
317,1592,31,5,201,7,WAIT_SEND,0.6007381915407279,0.0
317,1592,31,5,201,7,WAIT_RECV,0.6415381915407279,1.9999999999997797E-4
317,1592,31,5,201,7,EXECUTION,0.6415381915407279,0.010000000000000009
317,1592,31,5,201,7,WAIT_SEND,0.6515381915407279,0.0
302,1352,26,0,159,0,WAIT_SEND,0.5001,0.0
302,1352,26,0,159,0,WAIT_RECV,0.6517572204589841,0.06292861022949203
262,1176,8,2,42,1,EXECUTION,0.43529999999999996,0.03833333333333333
262,1176,8,2,42,1,WAIT_SEND,0.4736333333333333,0.0
262,1176,8,2,42,1,WAIT_RECV,0.6242753396176929,1.9999999999997797E-4
262,1176,8,2,42,1,EXECUTION,0.6242753396176929,0.028069821068281153
262,1176,8,2,42,1,WAIT_SEND,0.652345160685974,0.0
262,1174,8,0,40,0,WAIT_SEND,0.4351,0.0
262,1174,8,0,40,0,WAIT_RECV,0.652545160685974,1.9999999999997797E-4
269,1374,2,3,3,7,EXECUTION,0.5082956250791196,0.01873066886619268
269,1374,2,3,3,7,WAIT_SEND,0.5270262939453123,0.0
269,1374,2,3,3,7,WAIT_RECV,0.6229054752632981,0.0013190734863279818
269,1374,2,3,3,7,EXECUTION,0.6229054752632981,0.030000000000000027
269,1374,2,3,3,7,WAIT_SEND,0.6529054752632981,0.0
347,1610,19,1,122,7,EXECUTION,0.5855,0.020000000000000018
347,1610,19,1,122,7,WAIT_SEND,0.6055,0.0
347,1610,19,1,122,7,WAIT_RECV,0.643312715657552,1.9999999999997797E-4
347,1610,19,1,122,7,EXECUTION,0.643312715657552,0.010000000000000009
347,1610,19,1,122,7,WAIT_SEND,0.653312715657552,0.0
346,1795,39,5,233,8,EXECUTION,0.648428610229492,0.0050000000000000044
346,1795,39,5,233,8,WAIT_SEND,0.6534286102294921,0.0
276,1488,4,2,12,6,EXECUTION,0.5459762939453121,0.05261780336202093
276,1488,4,2,12,6,WAIT_SEND,0.598594097307333,0.0
276,1488,4,2,12,6,WAIT_RECV,0.611232244279989,0.0013190734863279818
276,1488,4,2,12,6,EXECUTION,0.611232244279989,0.043372416331693864
276,1488,4,2,12,6,WAIT_SEND,0.6546046606116829,0.0
355,1729,15,3,89,6,EXECUTION,0.6218190734863279,0.010000000000000009
355,1729,15,3,89,6,WAIT_SEND,0.6318190734863279,0.0
355,1729,15,3,89,6,WAIT_RECV,0.6422190734863279,1.9999999999997797E-4
355,1729,15,3,89,6,EXECUTION,0.6422190734863279,0.012499999999999956
355,1729,15,3,89,6,WAIT_SEND,0.6547190734863279,0.0
348,1590,20,1,126,1,EXECUTION,0.5802999999999999,0.014859536743163981
348,1590,20,1,126,1,WAIT_SEND,0.5951595367431639,0.0
348,1590,20,1,126,1,WAIT_RECV,0.6463595367431638,1.9999999999997797E-4
348,1590,20,1,126,1,EXECUTION,0.6463595367431638,0.010000000000000009
348,1590,20,1,126,1,WAIT_SEND,0.6563595367431638,0.0
353,1607,5,2,18,1,EXECUTION,0.5852999999999999,0.010000000000000009
353,1607,5,2,18,1,WAIT_SEND,0.5952999999999999,0.0
353,1607,5,2,18,1,WAIT_RECV,0.6464999999999999,1.9999999999997797E-4
353,1607,5,2,18,1,EXECUTION,0.6464999999999999,0.010000000000000009
353,1607,5,2,18,1,WAIT_SEND,0.6564999999999999,0.0
348,1588,20,0,125,0,WAIT_SEND,0.5801,0.0
348,1588,20,0,125,0,WAIT_RECV,0.6565595367431638,1.9999999999997797E-4
353,1604,5,0,16,0,WAIT_SEND,0.5851,0.0
353,1604,5,0,16,0,WAIT_RECV,0.6566999999999998,1.9999999999997797E-4
305,1365,9,0,47,0,WAIT_SEND,0.5051,0.0
305,1365,9,0,47,0,WAIT_RECV,0.656757220458984,0.06292861022949203
340,1662,24,3,149,7,EXECUTION,0.601844504801432,0.010000000000000009
340,1662,24,3,149,7,WAIT_SEND,0.611844504801432,0.0
340,1662,24,3,149,7,WAIT_RECV,0.647419073486328,1.9999999999997797E-4
340,1662,24,3,149,7,EXECUTION,0.647419073486328,0.010000000000000009
340,1662,24,3,149,7,WAIT_SEND,0.657419073486328,0.0
383,1793,13,4,77,8,EXECUTION,0.647738146972656,0.010000000000000009
383,1793,13,4,77,8,WAIT_SEND,0.657738146972656,0.0
315,1542,11,2,64,7,EXECUTION,0.5655,0.030000000000000027
315,1542,11,2,64,7,WAIT_SEND,0.5955,0.0
315,1542,11,2,64,7,WAIT_RECV,0.6381381469726559,0.0013190734863279818
315,1542,11,2,64,7,EXECUTION,0.6381381469726559,0.020000000000000018
315,1542,11,2,64,7,WAIT_SEND,0.6581381469726559,0.0
275,1796,29,0,183,9,EXECUTION,0.6484526394436027,0.010000000000000009
275,1796,29,0,183,9,WAIT_SEND,0.6584526394436027,0.0
346,1783,39,4,224,5,EXECUTION,0.6432286102294921,0.0050000000000000044
346,1783,39,4,224,5,WAIT_SEND,0.6482286102294921,0.0
346,1783,39,4,224,5,WAIT_RECV,0.653628610229492,1.9999999999997797E-4
346,1783,39,4,224,5,EXECUTION,0.653628610229492,0.0050000000000000044
346,1783,39,4,224,5,WAIT_SEND,0.658628610229492,0.0
351,1746,12,5,71,6,EXECUTION,0.628248089740894,0.010000000000000009
351,1746,12,5,71,6,WAIT_SEND,0.638248089740894,0.0
351,1746,12,5,71,6,WAIT_RECV,0.6486480897408939,1.9999999999997797E-4
351,1746,12,5,71,6,EXECUTION,0.6486480897408939,0.010000000000000009
351,1746,12,5,71,6,WAIT_SEND,0.658648089740894,0.0
350,1591,29,4,179,1,EXECUTION,0.5802999999999999,0.010000000000000009
350,1591,29,4,179,1,WAIT_SEND,0.5902999999999999,0.0
350,1591,29,4,179,1,WAIT_RECV,0.6490934437628432,0.0013190734863279818
350,1591,29,4,179,1,EXECUTION,0.6490934437628432,0.010000000000000009
350,1591,29,4,179,1,WAIT_SEND,0.6590934437628432,0.0
369,1797,25,6,157,9,EXECUTION,0.6492144409179679,0.010000000000000009
369,1797,25,6,157,9,WAIT_SEND,0.6592144409179679,0.0
350,1589,29,0,175,0,WAIT_SEND,0.5801,0.0
350,1589,29,0,175,0,WAIT_RECV,0.6592934437628432,1.9999999999997797E-4
334,1798,2,4,4,9,EXECUTION,0.6495060283881288,0.010000000000000009
334,1798,2,4,4,9,WAIT_SEND,0.6595060283881288,0.0
342,1717,31,3,199,6,EXECUTION,0.6195596781682354,0.020000000000000018
342,1717,31,3,199,6,WAIT_SEND,0.6395596781682354,0.0
342,1717,31,3,199,6,WAIT_RECV,0.6499596781682354,1.9999999999997797E-4
342,1717,31,3,199,6,EXECUTION,0.6499596781682354,0.010000000000000009
342,1717,31,3,199,6,WAIT_SEND,0.6599596781682354,0.0
343,1626,7,5,39,7,EXECUTION,0.591619073486328,0.016119073486328128
343,1626,7,5,39,7,WAIT_SEND,0.6077381469726562,0.0
343,1626,7,5,39,7,WAIT_RECV,0.6407762939453121,1.9999999999997797E-4
343,1626,7,5,39,7,EXECUTION,0.6407762939453121,0.020000000000000018
343,1626,7,5,39,7,WAIT_SEND,0.6607762939453121,0.0
360,1692,5,7,23,7,EXECUTION,0.6104999999999999,0.010000000000000009
360,1692,5,7,23,7,WAIT_SEND,0.6204999999999999,0.0
360,1692,5,7,23,7,WAIT_RECV,0.6512999999999999,1.9999999999997797E-4
360,1692,5,7,23,7,EXECUTION,0.6512999999999999,0.010000000000000009
360,1692,5,7,23,7,WAIT_SEND,0.6612999999999999,0.0
286,1288,31,1,197,1,EXECUTION,0.4753,0.06005442669987665
286,1288,31,1,197,1,WAIT_SEND,0.5353544266998767,0.0
286,1288,31,1,197,1,WAIT_RECV,0.6128027405593943,1.9999999999997797E-4
286,1288,31,1,197,1,EXECUTION,0.6128027405593943,0.04877892586212873
286,1288,31,1,197,1,WAIT_SEND,0.661581666421523,0.0
327,1747,8,4,44,6,EXECUTION,0.6291210507676859,0.010000000000000009
327,1747,8,4,44,6,WAIT_SEND,0.6391210507676859,0.0
327,1747,8,4,44,6,WAIT_RECV,0.6517591977403419,0.0013190734863279818
327,1747,8,4,44,6,EXECUTION,0.6517591977403419,0.010000000000000009
327,1747,8,4,44,6,WAIT_SEND,0.6617591977403419,0.0
286,1286,31,0,196,0,WAIT_SEND,0.4751,0.0
286,1286,31,0,196,0,WAIT_RECV,0.661781666421523,1.9999999999997797E-4
347,1578,19,2,115,1,EXECUTION,0.5753,0.010000000000000009
347,1578,19,2,115,1,WAIT_SEND,0.5853,0.0
347,1578,19,2,115,1,WAIT_RECV,0.653512715657552,1.9999999999997797E-4
347,1578,19,2,115,1,EXECUTION,0.653512715657552,0.010000000000000009
347,1578,19,2,115,1,WAIT_SEND,0.663512715657552,0.0
347,1577,19,0,113,0,WAIT_SEND,0.5751000000000001,0.0
347,1577,19,0,113,0,WAIT_RECV,0.663712715657552,1.9999999999997797E-4
346,1768,39,7,219,3,EXECUTION,0.6380286102294921,0.0050000000000000044
346,1768,39,7,219,3,WAIT_SEND,0.6430286102294921,0.0
346,1768,39,7,219,3,WAIT_RECV,0.658828610229492,1.9999999999997797E-4
346,1768,39,7,219,3,EXECUTION,0.658828610229492,0.0050000000000000044
346,1768,39,7,219,3,WAIT_SEND,0.663828610229492,0.0
352,1642,7,5,39,7,EXECUTION,0.5954999999999999,0.020000000000000018
352,1642,7,5,39,7,WAIT_SEND,0.6154999999999999,0.0
352,1642,7,5,39,7,WAIT_RECV,0.6485381469726559,1.9999999999997797E-4
352,1642,7,5,39,7,EXECUTION,0.6485381469726559,0.016119073486328128
352,1642,7,5,39,7,WAIT_SEND,0.664657220458984,0.0
341,1544,15,2,88,1,EXECUTION,0.566419073486328,0.010000000000000009
341,1544,15,2,88,1,WAIT_SEND,0.576419073486328,0.0
341,1544,15,2,88,1,WAIT_RECV,0.645519073486328,1.9999999999997797E-4
341,1544,15,2,88,1,EXECUTION,0.645519073486328,0.020000000000000018
341,1544,15,2,88,1,WAIT_SEND,0.665519073486328,0.0
376,1814,20,6,131,9,EXECUTION,0.6558999999999999,0.010000000000000009
376,1814,20,6,131,9,WAIT_SEND,0.6658999999999999,0.0
276,1437,2,2,2,7,EXECUTION,0.5302820718824557,0.01437514857652844
276,1437,2,2,2,7,WAIT_SEND,0.5446572204589841,0.0
276,1437,2,2,2,7,WAIT_RECV,0.6559237340980109,0.0013190734863279818
276,1437,2,2,2,7,EXECUTION,0.6559237340980109,0.010000000000000009
276,1437,2,2,2,7,WAIT_SEND,0.6659237340980109,0.0
281,1515,4,2,12,6,EXECUTION,0.557434478702117,0.05638295125613757
281,1515,4,2,12,6,WAIT_SEND,0.6138174299582546,0.0
281,1515,4,2,12,6,WAIT_RECV,0.6264555769309106,0.0013190734863279818
281,1515,4,2,12,6,EXECUTION,0.6264555769309106,0.04015550897499409
281,1515,4,2,12,6,WAIT_SEND,0.6666110859059047,0.0
341,1537,13,0,73,0,WAIT_SEND,0.5651,0.0
341,1537,13,0,73,0,WAIT_RECV,0.666838146972656,0.0013190734863279818
207,910,32,1,205,1,EXECUTION,0.3464667572021483,0.06429902690369399
207,910,32,1,205,1,WAIT_SEND,0.4107657841058423,0.0
207,910,32,1,205,1,WAIT_RECV,0.5710986286119957,1.9999999999997797E-4
207,910,32,1,205,1,EXECUTION,0.5710986286119957,0.09584986417120367
207,910,32,1,205,1,WAIT_SEND,0.6669484927831993,0.0
208,911,32,1,205,1,EXECUTION,0.3464667572021483,0.06429902690369399
208,911,32,1,205,1,WAIT_SEND,0.4107657841058423,0.0
208,911,32,1,205,1,WAIT_RECV,0.5710986286119957,1.9999999999997797E-4
208,911,32,1,205,1,EXECUTION,0.5710986286119957,0.09584986417120367
208,911,32,1,205,1,WAIT_SEND,0.6669484927831993,0.0
242,1334,32,2,206,7,EXECUTION,0.4944970593770345,0.07648194346784076
242,1334,32,2,206,7,WAIT_SEND,0.5709790028448752,0.0
242,1334,32,2,206,7,WAIT_RECV,0.609457220458984,0.0014038473375934668
242,1334,32,2,206,7,EXECUTION,0.609457220458984,0.057544855575451526
242,1334,32,2,206,7,WAIT_SEND,0.6670020760344355,0.0
283,1817,29,1,184,9,EXECUTION,0.6573976704860728,0.010000000000000009
283,1817,29,1,184,9,WAIT_SEND,0.6673976704860728,0.0
388,1818,30,1,194,8,EXECUTION,0.65774768371582,0.010000000000000009
388,1818,30,1,194,8,WAIT_SEND,0.66774768371582,0.0
310,1598,2,3,3,7,EXECUTION,0.5824613504953494,0.030000000000000027
310,1598,2,3,3,7,WAIT_SEND,0.6124613504953494,0.0
310,1598,2,3,3,7,WAIT_RECV,0.6454994974680054,0.0013190734863279818
310,1598,2,3,3,7,EXECUTION,0.6454994974680054,0.022468659265097557
310,1598,2,3,3,7,WAIT_SEND,0.667968156733103,0.0
370,1823,26,4,163,9,EXECUTION,0.6581381469726559,0.010000000000000009
370,1823,26,4,163,9,WAIT_SEND,0.6681381469726559,0.0
375,1822,26,5,164,9,EXECUTION,0.6581381469726559,0.010000000000000009
375,1822,26,5,164,9,WAIT_SEND,0.6681381469726559,0.0
207,905,33,0,207,0,WAIT_SEND,0.3451,0.0
207,905,33,0,207,0,WAIT_RECV,0.6682771030126914,0.0013286102294920443
208,904,26,0,159,0,WAIT_SEND,0.3451,0.0
208,904,26,0,159,0,WAIT_RECV,0.6683381469726559,0.0013896541894565795
354,1842,39,5,241,10,EXECUTION,0.663428610229492,0.0050000000000000044
354,1842,39,5,241,10,WAIT_SEND,0.668428610229492,0.0
354,1841,39,2,238,9,EXECUTION,0.663428610229492,0.0050000000000000044
354,1841,39,2,238,9,WAIT_SEND,0.668428610229492,0.0
275,1770,29,5,180,6,EXECUTION,0.6382526394436027,0.010000000000000009
275,1770,29,5,180,6,WAIT_SEND,0.6482526394436027,0.0
275,1770,29,5,180,6,WAIT_RECV,0.6586526394436026,1.9999999999997797E-4
275,1770,29,5,180,6,EXECUTION,0.6586526394436026,0.010000000000000009
275,1770,29,5,180,6,WAIT_SEND,0.6686526394436026,0.0
383,1763,17,2,102,5,EXECUTION,0.636419073486328,0.010000000000000009
383,1763,17,2,102,5,WAIT_SEND,0.646419073486328,0.0
383,1763,17,2,102,5,WAIT_RECV,0.659057220458984,0.0013190734863279818
383,1763,17,2,102,5,EXECUTION,0.659057220458984,0.010000000000000009
383,1763,17,2,102,5,WAIT_SEND,0.669057220458984,0.0
342,1629,31,4,200,7,EXECUTION,0.592738146972656,0.026621531195579418
342,1629,31,4,200,7,WAIT_SEND,0.6193596781682355,0.0
342,1629,31,4,200,7,WAIT_RECV,0.6601596781682354,1.9999999999997797E-4
342,1629,31,4,200,7,EXECUTION,0.6601596781682354,0.010000000000000009
342,1629,31,4,200,7,WAIT_SEND,0.6701596781682354,0.0
383,1757,10,0,53,0,WAIT_SEND,0.6351,0.0
383,1757,10,0,53,0,WAIT_RECV,0.670376293945312,0.0013190734863279818
369,1767,19,6,119,6,EXECUTION,0.6378953674316399,0.010000000000000009
369,1767,19,6,119,6,WAIT_SEND,0.6478953674316399,0.0
369,1767,19,6,119,6,WAIT_RECV,0.6605335144042959,0.0013190734863279818
369,1767,19,6,119,6,EXECUTION,0.6605335144042959,0.010000000000000009
369,1767,19,6,119,6,WAIT_SEND,0.6705335144042959,0.0
334,1769,8,5,45,6,EXECUTION,0.6381869549018008,0.010000000000000009
334,1769,8,5,45,6,WAIT_SEND,0.6481869549018008,0.0
334,1769,8,5,45,6,WAIT_RECV,0.6608251018744568,0.0013190734863279818
334,1769,8,5,45,6,EXECUTION,0.6608251018744568,0.010000000000000009
334,1769,8,5,45,6,WAIT_SEND,0.6708251018744568,0.0
372,1831,14,6,85,9,EXECUTION,0.6608999999999999,0.010000000000000009
372,1831,14,6,85,9,WAIT_SEND,0.6708999999999999,0.0
360,1657,5,1,17,1,EXECUTION,0.6003,0.010000000000000009
360,1657,5,1,17,1,WAIT_SEND,0.6103,0.0
360,1657,5,1,17,1,WAIT_RECV,0.6614999999999999,1.9999999999997797E-4
360,1657,5,1,17,1,EXECUTION,0.6614999999999999,0.010000000000000009
360,1657,5,1,17,1,WAIT_SEND,0.6714999999999999,0.0
360,1654,5,0,16,0,WAIT_SEND,0.6001,0.0
360,1654,5,0,16,0,WAIT_RECV,0.6716999999999999,1.9999999999997797E-4
367,1835,5,3,27,9,EXECUTION,0.6620190734863279,0.010000000000000009
367,1835,5,3,27,9,WAIT_SEND,0.672019073486328,0.0
362,1836,15,5,91,9,EXECUTION,0.6624190734863279,0.010000000000000009
362,1836,15,5,91,9,WAIT_SEND,0.6724190734863279,0.0
314,1404,7,0,34,0,WAIT_SEND,0.5201,0.0
314,1404,7,0,34,0,WAIT_RECV,0.6725667572021481,0.06292861022949203
299,1543,4,2,12,6,EXECUTION,0.5657,0.05628364136030406
299,1543,4,2,12,6,WAIT_SEND,0.621983641360304,0.0
299,1543,4,2,12,6,WAIT_RECV,0.63462178833296,0.0013190734863279818
299,1543,4,2,12,6,EXECUTION,0.63462178833296,0.03811395612448176
299,1543,4,2,12,6,WAIT_SEND,0.6727357444574418,0.0
357,1852,39,6,234,8,EXECUTION,0.6684476837158202,0.0050000000000000044
357,1852,39,6,234,8,WAIT_SEND,0.6734476837158202,0.0
359,1853,39,0,236,9,EXECUTION,0.6684476837158202,0.0050000000000000044
359,1853,39,0,236,9,WAIT_SEND,0.6734476837158202,0.0
359,1854,39,3,239,10,EXECUTION,0.6684476837158202,0.0050000000000000044
359,1854,39,3,239,10,WAIT_SEND,0.6734476837158202,0.0
354,1824,39,1,229,6,EXECUTION,0.658228610229492,0.0050000000000000044
354,1824,39,1,229,6,WAIT_SEND,0.663228610229492,0.0
354,1824,39,1,229,6,WAIT_SEND,0.663228610229492,0.0
354,1824,39,1,229,6,WAIT_RECV,0.6686286102294919,1.9999999999997797E-4
354,1824,39,1,229,6,WAIT_RECV,0.6686286102294919,1.9999999999997797E-4
354,1824,39,1,229,6,EXECUTION,0.6686286102294919,0.0050000000000000044
354,1824,39,1,229,6,WAIT_SEND,0.6736286102294919,0.0
352,1608,7,1,35,1,EXECUTION,0.5852999999999999,0.010000000000000009
352,1608,7,1,35,1,WAIT_SEND,0.5952999999999999,0.0
352,1608,7,1,35,1,WAIT_RECV,0.664857220458984,1.9999999999997797E-4
352,1608,7,1,35,1,EXECUTION,0.664857220458984,0.010000000000000009
352,1608,7,1,35,1,WAIT_SEND,0.674857220458984,0.0
355,1660,15,4,90,7,EXECUTION,0.6016190734863279,0.020000000000000018
355,1660,15,4,90,7,WAIT_SEND,0.6216190734863279,0.0
355,1660,15,4,90,7,WAIT_RECV,0.6549190734863278,1.9999999999997797E-4
355,1660,15,4,90,7,EXECUTION,0.6549190734863278,0.020000000000000018
355,1660,15,4,90,7,WAIT_SEND,0.6749190734863278,0.0
352,1605,7,0,34,0,WAIT_SEND,0.5851,0.0
352,1605,7,0,34,0,WAIT_RECV,0.675057220458984,1.9999999999997797E-4
292,1446,4,3,13,7,EXECUTION,0.5329999999999999,0.010000000000000009
292,1446,4,3,13,7,WAIT_SEND,0.5429999999999999,0.0
292,1446,4,3,13,7,WAIT_RECV,0.6503625902991833,1.9999999999997797E-4
292,1446,4,3,13,7,EXECUTION,0.6503625902991833,0.024931295149591692
292,1446,4,3,13,7,WAIT_SEND,0.675293885448775,0.0
376,1789,20,3,128,6,EXECUTION,0.6456999999999999,0.010000000000000009
376,1789,20,3,128,6,WAIT_SEND,0.6557,0.0
376,1789,20,3,128,6,WAIT_RECV,0.6660999999999999,1.9999999999997797E-4
376,1789,20,3,128,6,EXECUTION,0.6660999999999999,0.010000000000000009
376,1789,20,3,128,6,WAIT_SEND,0.6760999999999999,0.0
351,1646,11,2,64,7,EXECUTION,0.5977381469726559,0.02919086928191006
351,1646,11,2,64,7,WAIT_SEND,0.626929016254566,0.0
351,1646,11,2,64,7,WAIT_RECV,0.6599671632272219,0.0013190734863279818
351,1646,11,2,64,7,EXECUTION,0.6599671632272219,0.016561267315899464
351,1646,11,2,64,7,WAIT_SEND,0.6765284305431214,0.0
283,1792,29,6,181,6,EXECUTION,0.6471976704860728,0.010000000000000009
283,1792,29,6,181,6,WAIT_SEND,0.6571976704860728,0.0
283,1792,29,6,181,6,WAIT_RECV,0.6675976704860728,1.9999999999997797E-4
283,1792,29,6,181,6,EXECUTION,0.6675976704860728,0.010000000000000009
283,1792,29,6,181,6,WAIT_SEND,0.6775976704860728,0.0
281,1457,2,3,3,7,EXECUTION,0.536115405215789,0.020000000000000018
281,1457,2,3,3,7,WAIT_SEND,0.5561154052157891,0.0
281,1457,2,3,3,7,WAIT_RECV,0.6679301593922327,0.0013190734863279818
281,1457,2,3,3,7,EXECUTION,0.6679301593922327,0.010018998670435098
281,1457,2,3,3,7,WAIT_SEND,0.6779491580626678,0.0
315,1421,11,1,63,1,EXECUTION,0.5253,0.040000000000000036
315,1421,11,1,63,1,WAIT_SEND,0.5653,0.0
315,1421,11,1,63,1,WAIT_RECV,0.6583381469726559,1.9999999999997797E-4
315,1421,11,1,63,1,EXECUTION,0.6583381469726559,0.020000000000000018
315,1421,11,1,63,1,WAIT_SEND,0.6783381469726559,0.0
370,1794,26,1,160,6,EXECUTION,0.647938146972656,0.010000000000000009
370,1794,26,1,160,6,WAIT_SEND,0.657938146972656,0.0
370,1794,26,1,160,6,WAIT_RECV,0.6683381469726559,1.9999999999997797E-4
370,1794,26,1,160,6,EXECUTION,0.6683381469726559,0.010000000000000009
370,1794,26,1,160,6,WAIT_SEND,0.6783381469726559,0.0
315,1418,11,0,62,0,WAIT_SEND,0.5251,0.0
315,1418,11,0,62,0,WAIT_RECV,0.6785381469726559,1.9999999999997797E-4
357,1838,39,5,225,5,EXECUTION,0.6632476837158202,0.0050000000000000044
357,1838,39,5,225,5,WAIT_SEND,0.6682476837158202,0.0
357,1838,39,5,225,5,WAIT_RECV,0.6736476837158202,1.9999999999997797E-4
357,1838,39,5,225,5,EXECUTION,0.6736476837158202,0.0050000000000000044
357,1838,39,5,225,5,WAIT_SEND,0.6786476837158202,0.0
359,1839,39,7,227,6,EXECUTION,0.6632476837158202,0.0050000000000000044
359,1839,39,7,227,6,WAIT_SEND,0.6682476837158202,0.0
359,1839,39,7,227,6,WAIT_SEND,0.6682476837158202,0.0
359,1839,39,7,227,6,WAIT_RECV,0.6736476837158202,1.9999999999997797E-4
359,1839,39,7,227,6,WAIT_RECV,0.6736476837158202,1.9999999999997797E-4
359,1839,39,7,227,6,EXECUTION,0.6736476837158202,0.0050000000000000044
359,1839,39,7,227,6,WAIT_SEND,0.6786476837158202,0.0
354,1808,39,3,223,4,EXECUTION,0.653028610229492,0.0050000000000000044
354,1808,39,3,223,4,WAIT_SEND,0.658028610229492,0.0
354,1808,39,3,223,4,WAIT_RECV,0.6738286102294919,1.9999999999997797E-4
354,1808,39,3,223,4,EXECUTION,0.6738286102294919,0.0050000000000000044
354,1808,39,3,223,4,WAIT_SEND,0.6788286102294919,0.0
388,1790,27,1,166,5,EXECUTION,0.646428610229492,0.010000000000000009
388,1790,27,1,166,5,WAIT_SEND,0.6564286102294921,0.0
388,1790,27,1,166,5,WAIT_RECV,0.669066757202148,0.0013190734863279818
388,1790,27,1,166,5,EXECUTION,0.669066757202148,0.010000000000000009
388,1790,27,1,166,5,WAIT_SEND,0.679066757202148,0.0
375,1791,30,3,188,6,EXECUTION,0.646819073486328,0.010000000000000009
375,1791,30,3,188,6,WAIT_SEND,0.656819073486328,0.0
375,1791,30,3,188,6,WAIT_RECV,0.6694572204589839,0.0013190734863279818
375,1791,30,3,188,6,EXECUTION,0.6694572204589839,0.010000000000000009
375,1791,30,3,188,6,WAIT_SEND,0.6794572204589839,0.0
388,1787,33,0,207,0,WAIT_SEND,0.6451,0.0
388,1787,33,0,207,0,WAIT_RECV,0.680385830688476,0.0013190734863279818
369,1741,19,0,121,7,EXECUTION,0.6255,0.012195367431639959
369,1741,19,0,121,7,WAIT_SEND,0.6376953674316399,0.0
369,1741,19,0,121,7,WAIT_RECV,0.6707335144042958,1.9999999999997797E-4
369,1741,19,0,121,7,EXECUTION,0.6707335144042958,0.010000000000000009
369,1741,19,0,121,7,WAIT_SEND,0.6807335144042959,0.0
318,1435,28,0,169,0,WAIT_SEND,0.5301,0.0
318,1435,28,0,169,0,WAIT_RECV,0.6817953674316404,0.06294768371582016
319,1436,30,0,185,0,WAIT_SEND,0.5301,0.0
319,1436,30,0,185,0,WAIT_RECV,0.6817953674316404,0.06294768371582016
362,1799,15,3,89,6,EXECUTION,0.649719073486328,0.012499999999999956
362,1799,15,3,89,6,WAIT_SEND,0.6622190734863279,0.0
362,1799,15,3,89,6,WAIT_RECV,0.6726190734863279,1.9999999999997797E-4
362,1799,15,3,89,6,EXECUTION,0.6726190734863279,0.010000000000000009
362,1799,15,3,89,6,WAIT_SEND,0.6826190734863279,0.0
385,1864,16,6,98,9,EXECUTION,0.673138146972656,0.010000000000000009
385,1864,16,6,98,9,WAIT_SEND,0.683138146972656,0.0
367,1806,5,4,20,6,EXECUTION,0.651819073486328,0.010000000000000009
367,1806,5,4,20,6,WAIT_SEND,0.661819073486328,0.0
367,1806,5,4,20,6,WAIT_RECV,0.6722190734863279,1.9999999999997797E-4
367,1806,5,4,20,6,EXECUTION,0.6722190734863279,0.011519073486327969
367,1806,5,4,20,6,WAIT_SEND,0.6837381469726559,0.0
357,1820,39,0,220,3,EXECUTION,0.6580476837158202,0.0050000000000000044
357,1820,39,0,220,3,WAIT_SEND,0.6630476837158202,0.0
357,1820,39,0,220,3,WAIT_RECV,0.6788476837158202,1.9999999999997797E-4
357,1820,39,0,220,3,EXECUTION,0.6788476837158202,0.0050000000000000044
357,1820,39,0,220,3,WAIT_SEND,0.6838476837158202,0.0
359,1821,39,1,221,4,EXECUTION,0.6580476837158202,0.0050000000000000044
359,1821,39,1,221,4,WAIT_SEND,0.6630476837158202,0.0
359,1821,39,1,221,4,WAIT_RECV,0.6788476837158202,1.9999999999997797E-4
359,1821,39,1,221,4,EXECUTION,0.6788476837158202,0.0050000000000000044
359,1821,39,1,221,4,WAIT_SEND,0.6838476837158202,0.0
293,1318,31,1,197,1,EXECUTION,0.48641907348632807,0.05970857054961021
293,1318,31,1,197,1,WAIT_SEND,0.5461276440359383,0.0
293,1318,31,1,197,1,WAIT_RECV,0.6289038646530491,1.9999999999997797E-4
293,1318,31,1,197,1,EXECUTION,0.6289038646530491,0.05502709882253254
293,1318,31,1,197,1,WAIT_SEND,0.6839309634755817,0.0
282,1269,4,1,11,1,EXECUTION,0.4703,0.03750000000000003
282,1269,4,1,11,1,WAIT_SEND,0.5078,0.0
282,1269,4,1,11,1,WAIT_RECV,0.6243977075368254,1.9999999999997797E-4
282,1269,4,1,11,1,EXECUTION,0.6243977075368254,0.06000000000000005
282,1269,4,1,11,1,WAIT_SEND,0.6843977075368255,0.0
282,1265,4,0,10,0,WAIT_SEND,0.4701,0.0
282,1265,4,0,10,0,WAIT_RECV,0.6845977075368255,1.9999999999997797E-4
355,1624,15,1,87,1,EXECUTION,0.5914190734863279,0.010000000000000009
355,1624,15,1,87,1,WAIT_SEND,0.601419073486328,0.0
355,1624,15,1,87,1,WAIT_RECV,0.6751190734863278,1.9999999999997797E-4
355,1624,15,1,87,1,EXECUTION,0.6751190734863278,0.010000000000000009
355,1624,15,1,87,1,WAIT_SEND,0.6851190734863278,0.0
293,1312,26,0,159,0,WAIT_SEND,0.4851,0.0
293,1312,26,0,159,0,WAIT_RECV,0.6852500369619097,0.0013190734863279818
376,1762,20,5,130,7,EXECUTION,0.6355,0.010000000000000009
376,1762,20,5,130,7,WAIT_SEND,0.6455,0.0
376,1762,20,5,130,7,WAIT_RECV,0.6762999999999999,1.9999999999997797E-4
376,1762,20,5,130,7,EXECUTION,0.6762999999999999,0.010000000000000009
376,1762,20,5,130,7,WAIT_SEND,0.6862999999999999,0.0
355,1622,13,0,73,0,WAIT_SEND,0.5901,0.0
355,1622,13,0,73,0,WAIT_RECV,0.6864381469726558,0.0013190734863279818
322,1450,29,0,175,0,WAIT_SEND,0.5351,0.0
322,1450,29,0,175,0,WAIT_RECV,0.686757220458984,0.06292861022949203
387,1874,33,4,211,9,EXECUTION,0.677019073486328,0.010000000000000009
387,1874,33,4,211,9,WAIT_SEND,0.687019073486328,0.0
351,1613,12,3,69,1,EXECUTION,0.5864190734863279,0.010000000000000009
351,1613,12,3,69,1,WAIT_SEND,0.5964190734863279,0.0
351,1613,12,3,69,1,WAIT_RECV,0.6778475040294494,0.0013190734863279818
351,1613,12,3,69,1,EXECUTION,0.6778475040294494,0.010000000000000009
351,1613,12,3,69,1,WAIT_SEND,0.6878475040294494,0.0
256,1429,32,2,206,7,EXECUTION,0.5273333333333332,0.08050417529608289
256,1429,32,2,206,7,WAIT_SEND,0.6078375086294161,0.0
256,1429,32,2,206,7,WAIT_RECV,0.640875655602072,0.0013190734863279818
256,1429,32,2,206,7,EXECUTION,0.640875655602072,0.04759575063702692
256,1429,32,2,206,7,WAIT_SEND,0.688471406239099,0.0
370,1765,26,3,162,7,EXECUTION,0.637738146972656,0.010000000000000009
370,1765,26,3,162,7,WAIT_SEND,0.647738146972656,0.0
370,1765,26,3,162,7,WAIT_RECV,0.6785381469726559,1.9999999999997797E-4
370,1765,26,3,162,7,EXECUTION,0.6785381469726559,0.010000000000000009
370,1765,26,3,162,7,WAIT_SEND,0.6885381469726559,0.0
344,1876,6,4,33,9,EXECUTION,0.6785712568461374,0.010000000000000009
344,1876,6,4,33,9,WAIT_SEND,0.6885712568461374,0.0
351,1606,10,0,53,0,WAIT_SEND,0.5851,0.0
351,1606,10,0,53,0,WAIT_RECV,0.6891665775157774,0.0013190734863279818
375,1764,30,0,193,7,EXECUTION,0.636619073486328,0.010000000000000009
375,1764,30,0,193,7,WAIT_SEND,0.646619073486328,0.0
375,1764,30,0,193,7,WAIT_RECV,0.6796572204589839,1.9999999999997797E-4
375,1764,30,0,193,7,EXECUTION,0.6796572204589839,0.010000000000000009
375,1764,30,0,193,7,WAIT_SEND,0.6896572204589839,0.0
356,1878,2,4,4,9,EXECUTION,0.6798830085313579,0.010000000000000009
356,1878,2,4,4,9,WAIT_SEND,0.6898830085313579,0.0
369,1706,19,3,116,1,EXECUTION,0.6153,0.010000000000000009
369,1706,19,3,116,1,WAIT_SEND,0.6253,0.0
369,1706,19,3,116,1,WAIT_RECV,0.6809335144042958,1.9999999999997797E-4
369,1706,19,3,116,1,EXECUTION,0.6809335144042958,0.010000000000000009
369,1706,19,3,116,1,WAIT_SEND,0.6909335144042958,0.0
372,1804,14,3,82,6,EXECUTION,0.6507,0.010000000000000009
372,1804,14,3,82,6,WAIT_SEND,0.6607,0.0
372,1804,14,3,82,6,WAIT_RECV,0.6710999999999999,1.9999999999997797E-4
372,1804,14,3,82,6,EXECUTION,0.6710999999999999,0.020000000000000018
372,1804,14,3,82,6,WAIT_SEND,0.6910999999999999,0.0
369,1702,19,0,113,0,WAIT_SEND,0.6151,0.0
369,1702,19,0,113,0,WAIT_RECV,0.6911335144042958,1.9999999999997797E-4
342,1562,28,2,171,1,EXECUTION,0.571419073486328,0.020000000000000018
342,1562,28,2,171,1,WAIT_SEND,0.591419073486328,0.0
342,1562,28,2,171,1,WAIT_RECV,0.6714787516545634,0.0013190734863279818
342,1562,28,2,171,1,EXECUTION,0.6714787516545634,0.020000000000000018
342,1562,28,2,171,1,WAIT_SEND,0.6914787516545634,0.0
324,1464,16,0,92,0,WAIT_SEND,0.5401,0.0
324,1464,16,0,92,0,WAIT_RECV,0.6917572204589841,0.06292861022949203
342,1556,33,0,207,0,WAIT_SEND,0.5701,0.0
342,1556,33,0,207,0,WAIT_RECV,0.6927978251408914,0.0013190734863279818
362,1727,15,4,90,7,EXECUTION,0.6216190734863279,0.027900000000000036
362,1727,15,4,90,7,WAIT_SEND,0.649519073486328,0.0
362,1727,15,4,90,7,WAIT_RECV,0.6828190734863279,1.9999999999997797E-4
362,1727,15,4,90,7,EXECUTION,0.6828190734863279,0.010000000000000009
362,1727,15,4,90,7,WAIT_SEND,0.6928190734863279,0.0
312,1445,32,2,206,7,EXECUTION,0.5328179299532007,0.08050417529608289
312,1445,32,2,206,7,WAIT_SEND,0.6133221052492835,0.0
312,1445,32,2,206,7,WAIT_RECV,0.646428610229492,0.001387431493880542
312,1445,32,2,206,7,EXECUTION,0.646428610229492,0.04648515971154288
312,1445,32,2,206,7,WAIT_SEND,0.6929137699410349,0.0
299,1484,4,4,14,7,EXECUTION,0.5455,0.020000000000000018
299,1484,4,4,14,7,WAIT_SEND,0.5655,0.0
299,1484,4,4,14,7,WAIT_RECV,0.6729357444574418,1.9999999999997797E-4
299,1484,4,4,14,7,EXECUTION,0.6729357444574418,0.020000000000000018
299,1484,4,4,14,7,WAIT_SEND,0.6929357444574418,0.0
367,1782,5,0,24,7,EXECUTION,0.641619073486328,0.010000000000000009
367,1782,5,0,24,7,WAIT_SEND,0.651619073486328,0.0
367,1782,5,0,24,7,WAIT_RECV,0.6839381469726559,1.9999999999997797E-4
367,1782,5,0,24,7,EXECUTION,0.6839381469726559,0.010000000000000009
367,1782,5,0,24,7,WAIT_SEND,0.6939381469726559,0.0
349,1899,6,3,32,9,EXECUTION,0.6856876133815895,0.010000000000000009
349,1899,6,3,32,9,WAIT_SEND,0.6956876133815895,0.0
376,1739,20,2,127,1,EXECUTION,0.6253,0.010000000000000009
376,1739,20,2,127,1,WAIT_SEND,0.6353,0.0
376,1739,20,2,127,1,WAIT_RECV,0.6864999999999999,1.9999999999997797E-4
376,1739,20,2,127,1,EXECUTION,0.6864999999999999,0.010000000000000009
376,1739,20,2,127,1,WAIT_SEND,0.6964999999999999,0.0
376,1736,20,0,125,0,WAIT_SEND,0.6251,0.0
376,1736,20,0,125,0,WAIT_RECV,0.6966999999999999,1.9999999999997797E-4
387,1850,33,1,208,6,EXECUTION,0.666819073486328,0.010000000000000009
387,1850,33,1,208,6,WAIT_SEND,0.676819073486328,0.0
387,1850,33,1,208,6,WAIT_RECV,0.6872190734863279,1.9999999999997797E-4
387,1850,33,1,208,6,EXECUTION,0.6872190734863279,0.010000000000000009
387,1850,33,1,208,6,WAIT_SEND,0.697219073486328,0.0
385,1837,16,3,95,6,EXECUTION,0.662938146972656,0.010000000000000009
385,1837,16,3,95,6,WAIT_SEND,0.672938146972656,0.0
385,1837,16,3,95,6,WAIT_RECV,0.6833381469726559,1.9999999999997797E-4
385,1837,16,3,95,6,EXECUTION,0.6833381469726559,0.01539999999999997
385,1837,16,3,95,6,WAIT_SEND,0.6987381469726559,0.0
317,1423,31,1,197,1,EXECUTION,0.5253,0.055238191540727954
317,1423,31,1,197,1,WAIT_SEND,0.5805381915407279,0.0
317,1423,31,1,197,1,WAIT_RECV,0.6517381915407279,1.9999999999997797E-4
317,1423,31,1,197,1,EXECUTION,0.6517381915407279,0.04775101770441015
317,1423,31,1,197,1,WAIT_SEND,0.699489209245138,0.0
317,1420,31,0,196,0,WAIT_SEND,0.5251,0.0
317,1420,31,0,196,0,WAIT_RECV,0.699689209245138,1.9999999999997797E-4
408,1913,5,4,28,9,EXECUTION,0.6905,0.010000000000000009
408,1913,5,4,28,9,WAIT_SEND,0.7005,0.0
390,1916,14,6,85,9,EXECUTION,0.6909,0.010000000000000009
390,1916,14,6,85,9,WAIT_SEND,0.7009,0.0
356,1855,8,3,43,6,EXECUTION,0.6685639350450299,0.010000000000000009
356,1855,8,3,43,6,WAIT_SEND,0.6785639350450299,0.0
356,1855,8,3,43,6,WAIT_RECV,0.6912020820176858,0.0013190734863279818
356,1855,8,3,43,6,EXECUTION,0.6912020820176858,0.010000000000000009
356,1855,8,3,43,6,WAIT_SEND,0.7012020820176859,0.0
386,1918,16,7,99,9,EXECUTION,0.6914862367135499,0.010000000000000009
386,1918,16,7,99,9,WAIT_SEND,0.7014862367135499,0.0
408,1919,4,5,15,10,EXECUTION,0.691619073486328,0.010000000000000009
408,1919,4,5,15,10,WAIT_SEND,0.701619073486328,0.0
397,1920,5,2,26,9,EXECUTION,0.6924190734863279,0.010000000000000009
397,1920,5,2,26,9,WAIT_SEND,0.7024190734863279,0.0
362,1659,15,2,88,1,EXECUTION,0.601419073486328,0.020000000000000018
362,1659,15,2,88,1,WAIT_SEND,0.621419073486328,0.0
362,1659,15,2,88,1,WAIT_RECV,0.6930190734863279,1.9999999999997797E-4
362,1659,15,2,88,1,EXECUTION,0.6930190734863279,0.010000000000000009
362,1659,15,2,88,1,WAIT_SEND,0.7030190734863279,0.0
340,1545,22,1,137,1,EXECUTION,0.566419073486328,0.034106357828776024
340,1545,22,1,137,1,WAIT_SEND,0.600525431315104,0.0
340,1545,22,1,137,1,WAIT_RECV,0.658738146972656,0.0013190734863279818
340,1545,22,1,137,1,EXECUTION,0.658738146972656,0.044719073486327976
340,1545,22,1,137,1,WAIT_SEND,0.703457220458984,0.0
396,1923,33,3,210,9,EXECUTION,0.694266757202148,0.010000000000000009
396,1923,33,3,210,9,WAIT_SEND,0.704266757202148,0.0
362,1655,13,0,73,0,WAIT_SEND,0.6001,0.0
362,1655,13,0,73,0,WAIT_RECV,0.7043381469726558,0.0013190734863279818
374,1925,31,6,202,9,EXECUTION,0.6946770988225325,0.010000000000000009
374,1925,31,6,202,9,WAIT_SEND,0.7046770988225325,0.0
340,1538,25,0,151,0,WAIT_SEND,0.5651,0.0
340,1538,25,0,151,0,WAIT_RECV,0.7047762939453119,0.0013190734863279818
343,1558,9,1,48,1,EXECUTION,0.5703,0.020000000000000018
343,1558,9,1,48,1,WAIT_SEND,0.5903,0.0
343,1558,9,1,48,1,WAIT_RECV,0.6620953674316401,0.0013190734863279818
343,1558,9,1,48,1,EXECUTION,0.6620953674316401,0.044459645385741764
343,1558,9,1,48,1,WAIT_SEND,0.7065550128173819,0.0
343,1555,9,0,47,0,WAIT_SEND,0.5701,0.0
343,1555,9,0,47,0,WAIT_RECV,0.7067550128173818,1.9999999999997797E-4
400,1936,26,5,164,9,EXECUTION,0.697019073486328,0.010000000000000009
400,1936,26,5,164,9,WAIT_SEND,0.707019073486328,0.0
372,1779,14,4,83,7,EXECUTION,0.6405,0.010000000000000009
372,1779,14,4,83,7,WAIT_SEND,0.6505,0.0
372,1779,14,4,83,7,WAIT_RECV,0.6912999999999999,1.9999999999997797E-4
372,1779,14,4,83,7,EXECUTION,0.6912999999999999,0.015799999999999925
372,1779,14,4,83,7,WAIT_SEND,0.7070999999999998,0.0
387,1816,33,2,209,7,EXECUTION,0.656619073486328,0.010000000000000009
387,1816,33,2,209,7,WAIT_SEND,0.666619073486328,0.0
387,1816,33,2,209,7,WAIT_RECV,0.6974190734863279,1.9999999999997797E-4
387,1816,33,2,209,7,EXECUTION,0.6974190734863279,0.010000000000000009
387,1816,33,2,209,7,WAIT_SEND,0.7074190734863279,0.0
412,1938,13,4,77,8,EXECUTION,0.6977572204589838,0.010000000000000009
412,1938,13,4,77,8,WAIT_SEND,0.7077572204589838,0.0
331,1529,8,6,46,7,EXECUTION,0.562738146972656,0.052018787536621036
331,1529,8,6,46,7,WAIT_SEND,0.614756934509277,0.0
331,1529,8,6,46,7,WAIT_RECV,0.647795081481933,1.9999999999997797E-4
331,1529,8,6,46,7,EXECUTION,0.647795081481933,0.06049024877929665
331,1529,8,6,46,7,WAIT_SEND,0.7082853302612296,0.0
378,1952,39,7,235,8,EXECUTION,0.703428610229492,0.0050000000000000044
378,1952,39,7,235,8,WAIT_SEND,0.708428610229492,0.0
385,1807,16,5,97,7,EXECUTION,0.652738146972656,0.010000000000000009
385,1807,16,5,97,7,WAIT_SEND,0.662738146972656,0.0
385,1807,16,5,97,7,WAIT_RECV,0.6989381469726559,1.9999999999997797E-4
385,1807,16,5,97,7,EXECUTION,0.6989381469726559,0.010000000000000009
385,1807,16,5,97,7,WAIT_SEND,0.7089381469726559,0.0
384,1940,25,7,158,9,EXECUTION,0.6998048136393226,0.010000000000000009
384,1940,25,7,158,9,WAIT_SEND,0.7098048136393226,0.0
275,1524,32,2,206,7,EXECUTION,0.5609188910960278,0.07601467486124691
275,1524,32,2,206,7,WAIT_SEND,0.6369335659572747,0.0
275,1524,32,2,206,7,WAIT_RECV,0.6699717129299306,0.0013190734863279818
275,1524,32,2,206,7,EXECUTION,0.6699717129299306,0.04088523827512158
275,1524,32,2,206,7,WAIT_SEND,0.7108569512050522,0.0
377,1949,31,7,203,9,EXECUTION,0.7009270988225325,0.010000000000000009
377,1949,31,7,203,9,WAIT_SEND,0.7109270988225325,0.0
390,1861,14,3,82,6,EXECUTION,0.6707,0.020000000000000018
390,1861,14,3,82,6,WAIT_SEND,0.6907,0.0
390,1861,14,3,82,6,WAIT_RECV,0.7011,1.9999999999997797E-4
390,1861,14,3,82,6,EXECUTION,0.7011,0.010000000000000009
390,1861,14,3,82,6,WAIT_SEND,0.7111,0.0
386,1886,16,2,94,6,EXECUTION,0.6812862367135499,0.010000000000000009
386,1886,16,2,94,6,WAIT_SEND,0.6912862367135499,0.0
386,1886,16,2,94,6,WAIT_RECV,0.7016862367135499,1.9999999999997797E-4
386,1886,16,2,94,6,EXECUTION,0.7016862367135499,0.010000000000000009
386,1886,16,2,94,6,WAIT_SEND,0.7116862367135499,0.0
336,1520,22,0,136,0,WAIT_SEND,0.5601,0.0
336,1520,22,0,136,0,WAIT_RECV,0.7117572204589842,0.06292861022949203
397,1885,5,4,20,6,EXECUTION,0.6807,0.011519073486327969
397,1885,5,4,20,6,WAIT_SEND,0.6922190734863279,0.0
397,1885,5,4,20,6,WAIT_RECV,0.7026190734863279,1.9999999999997797E-4
397,1885,5,4,20,6,EXECUTION,0.7026190734863279,0.010000000000000009
397,1885,5,4,20,6,WAIT_SEND,0.7126190734863279,0.0
399,1953,16,6,98,9,EXECUTION,0.7035381469726559,0.010000000000000009
399,1953,16,6,98,9,WAIT_SEND,0.7135381469726559,0.0
378,1939,39,6,226,5,EXECUTION,0.698228610229492,0.0050000000000000044
378,1939,39,6,226,5,WAIT_SEND,0.703228610229492,0.0
378,1939,39,6,226,5,WAIT_RECV,0.708628610229492,1.9999999999997797E-4
378,1939,39,6,226,5,EXECUTION,0.708628610229492,0.0050000000000000044
378,1939,39,6,226,5,WAIT_SEND,0.713628610229492,0.0
395,1948,24,4,150,9,EXECUTION,0.7009000000000002,0.013333333333333641
395,1948,24,4,150,9,WAIT_SEND,0.7142333333333338,0.0
365,1956,9,4,51,9,EXECUTION,0.7048297520228791,0.010000000000000009
365,1956,9,4,51,9,WAIT_SEND,0.7148297520228791,0.0
396,1889,27,2,167,6,EXECUTION,0.68294768371582,0.010000000000000009
396,1889,27,2,167,6,WAIT_SEND,0.69294768371582,0.0
396,1889,27,2,167,6,WAIT_RECV,0.705585830688476,0.0013190734863279818
396,1889,27,2,167,6,EXECUTION,0.705585830688476,0.010000000000000009
396,1889,27,2,167,6,WAIT_SEND,0.715585830688476,0.0
220,966,32,1,205,1,EXECUTION,0.36529999999999996,0.07348086318969727
220,966,32,1,205,1,WAIT_SEND,0.4387808631896972,0.0
220,966,32,1,205,1,WAIT_RECV,0.6289502113248467,1.9999999999997797E-4
220,966,32,1,205,1,EXECUTION,0.6289502113248467,0.08713941250236334
220,966,32,1,205,1,WAIT_SEND,0.7160896238272101,0.0
220,963,32,0,204,0,WAIT_SEND,0.3651,0.0
220,963,32,0,204,0,WAIT_RECV,0.7162896238272101,1.9999999999997797E-4
419,1963,5,1,25,8,EXECUTION,0.706619073486328,0.010000000000000009
419,1963,5,1,25,8,WAIT_SEND,0.716619073486328,0.0
400,1903,26,1,160,6,EXECUTION,0.686819073486328,0.010000000000000009
400,1903,26,1,160,6,WAIT_SEND,0.696819073486328,0.0
400,1903,26,1,160,6,WAIT_RECV,0.707219073486328,1.9999999999997797E-4
400,1903,26,1,160,6,EXECUTION,0.707219073486328,0.010000000000000009
400,1903,26,1,160,6,WAIT_SEND,0.717219073486328,0.0
283,1580,32,2,206,7,EXECUTION,0.5756596540034788,0.07021894299626597
283,1580,32,2,206,7,WAIT_SEND,0.6458785969997448,0.0
283,1580,32,2,206,7,WAIT_RECV,0.6789167439724008,0.0013190734863279818
283,1580,32,2,206,7,EXECUTION,0.6789167439724008,0.03830432994159316
283,1580,32,2,206,7,WAIT_SEND,0.7172210739139939,0.0
371,1966,2,4,4,9,EXECUTION,0.7076579925537105,0.010000000000000009
371,1966,2,4,4,9,WAIT_SEND,0.7176579925537105,0.0
393,1968,28,4,173,9,EXECUTION,0.7081317891438799,0.010000000000000009
393,1968,28,4,173,9,WAIT_SEND,0.7181317891438799,0.0
387,1788,28,1,170,1,EXECUTION,0.6453,0.010000000000000009
387,1788,28,1,170,1,WAIT_SEND,0.6553,0.0
387,1788,28,1,170,1,WAIT_RECV,0.7087381469726559,0.0013190734863279818
387,1788,28,1,170,1,EXECUTION,0.7087381469726559,0.010000000000000009
387,1788,28,1,170,1,WAIT_SEND,0.7187381469726559,0.0
378,1921,39,6,218,3,EXECUTION,0.693028610229492,0.0050000000000000044
378,1921,39,6,218,3,WAIT_SEND,0.698028610229492,0.0
378,1921,39,6,218,3,WAIT_RECV,0.713828610229492,1.9999999999997797E-4
378,1921,39,6,218,3,EXECUTION,0.713828610229492,0.0050000000000000044
378,1921,39,6,218,3,WAIT_SEND,0.718828610229492,0.0
387,1785,28,0,169,0,WAIT_SEND,0.6451,0.0
387,1785,28,0,169,0,WAIT_RECV,0.7189381469726559,1.9999999999997797E-4
412,1901,17,2,102,5,EXECUTION,0.6864381469726558,0.010000000000000009
412,1901,17,2,102,5,WAIT_SEND,0.6964381469726558,0.0
412,1901,17,2,102,5,WAIT_RECV,0.7090762939453118,0.0013190734863279818
412,1901,17,2,102,5,EXECUTION,0.7090762939453118,0.010000000000000009
412,1901,17,2,102,5,WAIT_SEND,0.7190762939453118,0.0
370,1712,28,3,172,1,EXECUTION,0.616419073486328,0.020000000000000018
370,1712,28,3,172,1,WAIT_SEND,0.636419073486328,0.0
370,1712,28,3,172,1,WAIT_RECV,0.6898572204589839,0.0013190734863279818
370,1712,28,3,172,1,EXECUTION,0.6898572204589839,0.030000000000000027
370,1712,28,3,172,1,WAIT_SEND,0.7198572204589839,0.0
344,1784,4,2,12,6,EXECUTION,0.6436546661376953,0.033597517222114126
344,1784,4,2,12,6,WAIT_SEND,0.6772521833598094,0.0
344,1784,4,2,12,6,WAIT_RECV,0.6898903303324654,0.0013190734863279818
344,1784,4,2,12,6,EXECUTION,0.6898903303324654,0.030000000000000027
344,1784,4,2,12,6,WAIT_SEND,0.7198903303324654,0.0
384,1906,25,1,152,6,EXECUTION,0.6896048136393226,0.010000000000000009
384,1906,25,1,152,6,WAIT_SEND,0.6996048136393226,0.0
384,1906,25,1,152,6,WAIT_RECV,0.7100048136393226,1.9999999999997797E-4
384,1906,25,1,152,6,EXECUTION,0.7100048136393226,0.010000000000000009
384,1906,25,1,152,6,WAIT_SEND,0.7200048136393226,0.0
385,1780,12,1,67,1,EXECUTION,0.641419073486328,0.010000000000000009
385,1780,12,1,67,1,WAIT_SEND,0.651419073486328,0.0
385,1780,12,1,67,1,WAIT_RECV,0.7102572204589839,0.0013190734863279818
385,1780,12,1,67,1,EXECUTION,0.7102572204589839,0.010000000000000009
385,1780,12,1,67,1,WAIT_SEND,0.7202572204589839,0.0
412,1893,13,0,73,0,WAIT_SEND,0.6851,0.0
412,1893,13,0,73,0,WAIT_RECV,0.7203953674316398,0.0013190734863279818
382,1965,24,4,150,9,EXECUTION,0.7075666666666666,0.013333333333333641
382,1965,24,4,150,9,WAIT_SEND,0.7209000000000002,0.0
370,1703,33,0,207,0,WAIT_SEND,0.6151,0.0
370,1703,33,0,207,0,WAIT_RECV,0.7211762939453119,0.0013190734863279818
385,1774,10,0,53,0,WAIT_SEND,0.6401,0.0
385,1774,10,0,53,0,WAIT_RECV,0.7215762939453119,0.0013190734863279818
410,1979,23,5,144,9,EXECUTION,0.712019073486328,0.010000000000000009
410,1979,23,5,144,9,WAIT_SEND,0.722019073486328,0.0
294,1329,2,1,1,1,EXECUTION,0.4914190734863281,0.0703729114258741
294,1329,2,1,1,1,WAIT_SEND,0.5617919849122022,0.0
294,1329,2,1,1,1,WAIT_RECV,0.6352301318848581,1.9999999999997797E-4
294,1329,2,1,1,1,EXECUTION,0.6352301318848581,0.08692697741565891
294,1329,2,1,1,1,WAIT_SEND,0.722157109300517,0.0
421,1981,30,1,194,8,EXECUTION,0.712738146972656,0.010000000000000009
421,1981,30,1,194,8,WAIT_SEND,0.722738146972656,0.0
312,1410,28,3,172,1,EXECUTION,0.5214988564668727,0.010000000000000009
312,1410,28,3,172,1,WAIT_SEND,0.5314988564668727,0.0
312,1410,28,3,172,1,WAIT_RECV,0.694266757202148,0.0013529872611131033
312,1410,28,3,172,1,EXECUTION,0.694266757202148,0.02853015441894524
312,1410,28,3,172,1,WAIT_SEND,0.7227969116210933,0.0
397,1860,5,6,22,7,EXECUTION,0.6705,0.010000000000000009
397,1860,5,6,22,7,WAIT_SEND,0.6805,0.0
397,1860,5,6,22,7,WAIT_RECV,0.7128190734863279,1.9999999999997797E-4
397,1860,5,6,22,7,EXECUTION,0.7128190734863279,0.010000000000000009
397,1860,5,6,22,7,WAIT_SEND,0.7228190734863279,0.0
408,1882,5,5,21,6,EXECUTION,0.6803,0.010000000000000009
408,1882,5,5,21,6,WAIT_SEND,0.6903,0.0
408,1882,5,5,21,6,WAIT_SEND,0.6903,0.0
408,1882,5,5,21,6,WAIT_RECV,0.7007,1.9999999999997797E-4
408,1882,5,5,21,6,WAIT_RECV,0.702938146972656,0.0013190734863279818
408,1882,5,5,21,6,EXECUTION,0.702938146972656,0.020000000000000018
408,1882,5,5,21,6,WAIT_SEND,0.722938146972656,0.0
229,1010,32,1,205,1,EXECUTION,0.38029999999999997,0.0816454035441081
229,1010,32,1,205,1,WAIT_SEND,0.46194540354410807,0.0
229,1010,32,1,205,1,WAIT_RECV,0.6370155998042297,1.9999999999997797E-4
229,1010,32,1,205,1,EXECUTION,0.6370155998042297,0.08593951435877711
229,1010,32,1,205,1,WAIT_SEND,0.7229551141630068,0.0
408,1879,5,0,16,0,WAIT_SEND,0.6801,0.0
408,1879,5,0,16,0,WAIT_RECV,0.723138146972656,1.9999999999997797E-4
229,1005,32,0,204,0,WAIT_SEND,0.3801,0.0
229,1005,32,0,204,0,WAIT_RECV,0.7231551141630068,1.9999999999997797E-4
374,1891,31,2,198,6,EXECUTION,0.6844770988225325,0.010000000000000009
374,1891,31,2,198,6,WAIT_SEND,0.6944770988225325,0.0
374,1891,31,2,198,6,WAIT_RECV,0.7048770988225325,1.9999999999997797E-4
374,1891,31,2,198,6,EXECUTION,0.7048770988225325,0.01853396828032783
374,1891,31,2,198,6,WAIT_SEND,0.7234110671028603,0.0
389,1997,39,5,233,8,EXECUTION,0.7184381469726562,0.0050000000000000044
389,1997,39,5,233,8,WAIT_SEND,0.7234381469726562,0.0
294,1322,3,0,5,0,WAIT_SEND,0.4901,0.0
294,1322,3,0,5,0,WAIT_RECV,0.72354389074707,0.0013867814465530204
399,1905,16,3,95,6,EXECUTION,0.687938146972656,0.01539999999999997
399,1905,16,3,95,6,WAIT_SEND,0.703338146972656,0.0
399,1905,16,3,95,6,WAIT_RECV,0.7137381469726559,1.9999999999997797E-4
399,1905,16,3,95,6,EXECUTION,0.7137381469726559,0.010000000000000009
399,1905,16,3,95,6,WAIT_SEND,0.7237381469726559,0.0
312,1405,26,0,159,0,WAIT_SEND,0.5201,0.0
312,1405,26,0,159,0,WAIT_RECV,0.7241159851074213,0.0013190734863279818
349,1819,4,2,12,6,EXECUTION,0.6580428881835935,0.026325651711668008
349,1819,4,2,12,6,WAIT_SEND,0.6843685398952615,0.0
349,1819,4,2,12,6,WAIT_RECV,0.6970066868679174,0.0013190734863279818
349,1819,4,2,12,6,EXECUTION,0.6970066868679174,0.027627881154849376
349,1819,4,2,12,6,WAIT_SEND,0.7246345680227668,0.0
392,1984,23,6,145,9,EXECUTION,0.7146679153442379,0.010000000000000009
392,1984,23,6,145,9,WAIT_SEND,0.7246679153442379,0.0
377,1915,31,3,199,6,EXECUTION,0.6907270988225325,0.010000000000000009
377,1915,31,3,199,6,WAIT_SEND,0.7007270988225325,0.0
377,1915,31,3,199,6,WAIT_RECV,0.7111270988225324,1.9999999999997797E-4
377,1915,31,3,199,6,EXECUTION,0.7111270988225324,0.013965553713854217
377,1915,31,3,199,6,WAIT_SEND,0.7250926525363867,0.0
327,1574,8,6,46,7,EXECUTION,0.5741676198323564,0.05475343093532947
327,1574,8,6,46,7,WAIT_SEND,0.6289210507676859,0.0
327,1574,8,6,46,7,WAIT_RECV,0.6619591977403418,1.9999999999997797E-4
327,1574,8,6,46,7,EXECUTION,0.6619591977403418,0.0632550471801756
327,1574,8,6,46,7,WAIT_SEND,0.7252142449205174,0.0
396,1863,27,3,168,7,EXECUTION,0.67274768371582,0.010000000000000009
396,1863,27,3,168,7,WAIT_SEND,0.6827476837158201,0.0
396,1863,27,3,168,7,WAIT_RECV,0.715785830688476,1.9999999999997797E-4
396,1863,27,3,168,7,EXECUTION,0.715785830688476,0.010000000000000009
396,1863,27,3,168,7,WAIT_SEND,0.725785830688476,0.0
365,1922,7,3,37,6,EXECUTION,0.6935106785365511,0.010000000000000009
365,1922,7,3,37,6,WAIT_SEND,0.7035106785365511,0.0
365,1922,7,3,37,6,WAIT_RECV,0.7161488255092071,0.0013190734863279818
365,1922,7,3,37,6,EXECUTION,0.7161488255092071,0.010000000000000009
365,1922,7,3,37,6,WAIT_SEND,0.7261488255092071,0.0
346,1576,17,0,100,0,WAIT_SEND,0.5751000000000001,0.0
346,1576,17,0,100,0,WAIT_RECV,0.726757220458984,0.06292861022949203
419,1933,5,3,19,5,EXECUTION,0.696419073486328,0.010000000000000009
419,1933,5,3,19,5,WAIT_SEND,0.706419073486328,0.0
419,1933,5,3,19,5,WAIT_RECV,0.716819073486328,1.9999999999997797E-4
419,1933,5,3,19,5,EXECUTION,0.716819073486328,0.010000000000000009
419,1933,5,3,19,5,WAIT_SEND,0.726819073486328,0.0
361,1993,9,5,52,9,EXECUTION,0.7169503686359195,0.010000000000000009
361,1993,9,5,52,9,WAIT_SEND,0.7269503686359196,0.0
372,1722,14,1,80,1,EXECUTION,0.6203,0.020000000000000018
372,1722,14,1,80,1,WAIT_SEND,0.6403,0.0
372,1722,14,1,80,1,WAIT_RECV,0.7072999999999998,1.9999999999997797E-4
372,1722,14,1,80,1,EXECUTION,0.7072999999999998,0.020000000000000018
372,1722,14,1,80,1,WAIT_SEND,0.7272999999999998,0.0
400,1872,26,2,161,7,EXECUTION,0.676619073486328,0.010000000000000009
400,1872,26,2,161,7,WAIT_SEND,0.686619073486328,0.0
400,1872,26,2,161,7,WAIT_RECV,0.7174190734863279,1.9999999999997797E-4
400,1872,26,2,161,7,EXECUTION,0.7174190734863279,0.010000000000000009
400,1872,26,2,161,7,WAIT_SEND,0.727419073486328,0.0
372,1719,14,0,79,0,WAIT_SEND,0.6201,0.0
372,1719,14,0,79,0,WAIT_RECV,0.7274999999999998,1.9999999999997797E-4
419,1926,7,0,34,0,WAIT_SEND,0.6951,0.0
419,1926,7,0,34,0,WAIT_RECV,0.728138146972656,0.0013190734863279818
398,1995,29,7,182,9,EXECUTION,0.718150862630208,0.010000000000000009
398,1995,29,7,182,9,WAIT_SEND,0.728150862630208,0.0
391,2012,39,4,240,10,EXECUTION,0.723428610229492,0.0050000000000000044
391,2012,39,4,240,10,WAIT_SEND,0.728428610229492,0.0
391,2011,39,1,237,9,EXECUTION,0.723428610229492,0.0050000000000000044
391,2011,39,1,237,9,WAIT_SEND,0.728428610229492,0.0
389,1983,39,4,224,5,EXECUTION,0.7132381469726562,0.0050000000000000044
389,1983,39,4,224,5,WAIT_SEND,0.7182381469726562,0.0
389,1983,39,4,224,5,WAIT_RECV,0.7236381469726562,1.9999999999997797E-4
389,1983,39,4,224,5,EXECUTION,0.7236381469726562,0.0050000000000000044
389,1983,39,4,224,5,WAIT_SEND,0.7286381469726562,0.0
371,1932,8,4,44,6,EXECUTION,0.6963389190673825,0.010000000000000009
371,1932,8,4,44,6,WAIT_SEND,0.7063389190673826,0.0
371,1932,8,4,44,6,WAIT_RECV,0.7189770660400385,0.0013190734863279818
371,1932,8,4,44,6,EXECUTION,0.7189770660400385,0.010000000000000009
371,1932,8,4,44,6,WAIT_SEND,0.7289770660400385,0.0
393,1935,30,4,189,6,EXECUTION,0.6968127156575519,0.010000000000000009
393,1935,30,4,189,6,WAIT_SEND,0.7068127156575519,0.0
393,1935,30,4,189,6,WAIT_RECV,0.7194508626302079,0.0013190734863279818
393,1935,30,4,189,6,EXECUTION,0.7194508626302079,0.010000000000000009
393,1935,30,4,189,6,WAIT_SEND,0.7294508626302079,0.0
384,1877,25,4,155,7,EXECUTION,0.6794048136393226,0.010000000000000009
384,1877,25,4,155,7,WAIT_SEND,0.6894048136393226,0.0
384,1877,25,4,155,7,WAIT_RECV,0.7202048136393225,1.9999999999997797E-4
384,1877,25,4,155,7,EXECUTION,0.7202048136393225,0.010000000000000009
384,1877,25,4,155,7,WAIT_SEND,0.7302048136393225,0.0
375,1743,30,1,186,1,EXECUTION,0.626419073486328,0.010000000000000009
375,1743,30,1,186,1,WAIT_SEND,0.636419073486328,0.0
375,1743,30,1,186,1,WAIT_RECV,0.6898572204589839,1.9999999999997797E-4
375,1743,30,1,186,1,EXECUTION,0.6898572204589839,0.041417915344238
375,1743,30,1,186,1,WAIT_SEND,0.7312751358032219,0.0
390,1830,14,5,84,7,EXECUTION,0.6605,0.010000000000000009
390,1830,14,5,84,7,WAIT_SEND,0.6705,0.0
390,1830,14,5,84,7,WAIT_RECV,0.7112999999999999,1.9999999999997797E-4
390,1830,14,5,84,7,EXECUTION,0.7112999999999999,0.020000000000000018
390,1830,14,5,84,7,WAIT_SEND,0.7313,0.0
428,2004,29,0,183,9,EXECUTION,0.7216190734863279,0.010000000000000009
428,2004,29,0,183,9,WAIT_SEND,0.7316190734863279,0.0
414,2007,18,5,111,9,EXECUTION,0.722019073486328,0.010000000000000009
414,2007,18,5,111,9,WAIT_SEND,0.732019073486328,0.0
292,1313,4,1,11,1,EXECUTION,0.48529999999999995,0.04749999999999999
292,1313,4,1,11,1,WAIT_SEND,0.5327999999999999,0.0
292,1313,4,1,11,1,WAIT_RECV,0.675493885448775,1.9999999999997797E-4
292,1313,4,1,11,1,EXECUTION,0.675493885448775,0.05681954150736512
292,1313,4,1,11,1,WAIT_SEND,0.7323134269561401,0.0
292,1310,4,0,10,0,WAIT_SEND,0.4851,0.0
292,1310,4,0,10,0,WAIT_RECV,0.7325134269561401,1.9999999999997797E-4
366,2008,5,3,27,9,EXECUTION,0.722526480054098,0.010000000000000009
366,2008,5,3,27,9,WAIT_SEND,0.732526480054098,0.0
375,1738,33,0,207,0,WAIT_SEND,0.6251,0.0
375,1738,33,0,207,0,WAIT_RECV,0.7325942092895499,0.0013190734863279818
428,2009,30,2,195,10,EXECUTION,0.7227381469726559,0.010000000000000009
428,2009,30,2,195,10,WAIT_SEND,0.7327381469726559,0.0
386,1840,11,2,64,7,EXECUTION,0.6634058959113225,0.016561267315899464
386,1840,11,2,64,7,WAIT_SEND,0.679967163227222,0.0
386,1840,11,2,64,7,WAIT_RECV,0.7130053101998779,0.0013190734863279818
386,1840,11,2,64,7,EXECUTION,0.7130053101998779,0.020000000000000018
386,1840,11,2,64,7,WAIT_SEND,0.7330053101998779,0.0
397,1828,5,2,18,1,EXECUTION,0.6603,0.010000000000000009
397,1828,5,2,18,1,WAIT_SEND,0.6703,0.0
397,1828,5,2,18,1,WAIT_RECV,0.7230190734863279,1.9999999999997797E-4
397,1828,5,2,18,1,EXECUTION,0.7230190734863279,0.010000000000000009
397,1828,5,2,18,1,WAIT_SEND,0.7330190734863279,0.0
397,1825,5,0,16,0,WAIT_SEND,0.6601,0.0
397,1825,5,0,16,0,WAIT_RECV,0.7332190734863279,1.9999999999997797E-4
410,1947,19,7,120,6,EXECUTION,0.7007,0.010000000000000009
410,1947,19,7,120,6,WAIT_SEND,0.7107,0.0
410,1947,19,7,120,6,WAIT_RECV,0.723338146972656,0.0013190734863279818
410,1947,19,7,120,6,EXECUTION,0.723338146972656,0.010000000000000009
410,1947,19,7,120,6,WAIT_SEND,0.733338146972656,0.0
391,1996,39,0,228,6,EXECUTION,0.718228610229492,0.0050000000000000044
391,1996,39,0,228,6,WAIT_SEND,0.723228610229492,0.0
391,1996,39,0,228,6,WAIT_SEND,0.723228610229492,0.0
391,1996,39,0,228,6,WAIT_RECV,0.728628610229492,1.9999999999997797E-4
391,1996,39,0,228,6,WAIT_RECV,0.728628610229492,1.9999999999997797E-4
391,1996,39,0,228,6,EXECUTION,0.728628610229492,0.0050000000000000044
391,1996,39,0,228,6,WAIT_SEND,0.733628610229492,0.0
389,1967,39,7,219,3,EXECUTION,0.7080381469726562,0.0050000000000000044
389,1967,39,7,219,3,WAIT_SEND,0.7130381469726562,0.0
389,1967,39,7,219,3,WAIT_RECV,0.7288381469726561,1.9999999999997797E-4
389,1967,39,7,219,3,EXECUTION,0.7288381469726561,0.0050000000000000044
389,1967,39,7,219,3,WAIT_SEND,0.7338381469726561,0.0
399,1875,16,4,96,7,EXECUTION,0.677738146972656,0.010000000000000009
399,1875,16,4,96,7,WAIT_SEND,0.687738146972656,0.0
399,1875,16,4,96,7,WAIT_RECV,0.7239381469726559,1.9999999999997797E-4
399,1875,16,4,96,7,EXECUTION,0.7239381469726559,0.010000000000000009
399,1875,16,4,96,7,WAIT_SEND,0.7339381469726559,0.0
421,1950,27,1,166,5,EXECUTION,0.701419073486328,0.010000000000000009
421,1950,27,1,166,5,WAIT_SEND,0.711419073486328,0.0
421,1950,27,1,166,5,WAIT_RECV,0.7241159851074213,0.001377838134765219
421,1950,27,1,166,5,EXECUTION,0.7241159851074213,0.010000000000000009
421,1950,27,1,166,5,WAIT_SEND,0.7341159851074213,0.0
334,1609,8,6,46,7,EXECUTION,0.5855,0.052486954901800775
334,1609,8,6,46,7,WAIT_SEND,0.6379869549018008,0.0
334,1609,8,6,46,7,WAIT_RECV,0.6710251018744567,1.9999999999997797E-4
334,1609,8,6,46,7,EXECUTION,0.6710251018744567,0.06319789616427918
334,1609,8,6,46,7,WAIT_SEND,0.7342229980387359,0.0
395,1890,24,2,148,6,EXECUTION,0.6840333333333334,0.01666666666666683
395,1890,24,2,148,6,WAIT_SEND,0.7007000000000002,0.0
395,1890,24,2,148,6,WAIT_RECV,0.7144333333333338,1.9999999999997797E-4
395,1890,24,2,148,6,EXECUTION,0.7144333333333338,0.020000000000000018
395,1890,24,2,148,6,WAIT_SEND,0.7344333333333338,0.0
349,1766,4,4,14,7,EXECUTION,0.6378428881835935,0.020000000000000018
349,1766,4,4,14,7,WAIT_SEND,0.6578428881835935,0.0
349,1766,4,4,14,7,WAIT_RECV,0.7248345680227668,1.9999999999997797E-4
349,1766,4,4,14,7,EXECUTION,0.7248345680227668,0.010000000000000009
349,1766,4,4,14,7,WAIT_SEND,0.7348345680227668,0.0
392,1955,23,1,140,6,EXECUTION,0.7044679153442379,0.010000000000000009
392,1955,23,1,140,6,WAIT_SEND,0.7144679153442379,0.0
392,1955,23,1,140,6,WAIT_RECV,0.7248679153442379,1.9999999999997797E-4
392,1955,23,1,140,6,EXECUTION,0.7248679153442379,0.010000000000000009
392,1955,23,1,140,6,WAIT_SEND,0.7348679153442379,0.0
379,2016,31,6,202,9,EXECUTION,0.7250770988225325,0.010000000000000009
379,2016,31,6,202,9,WAIT_SEND,0.7350770988225325,0.0
377,1884,31,4,200,7,EXECUTION,0.6805270988225325,0.010000000000000009
377,1884,31,4,200,7,WAIT_SEND,0.6905270988225325,0.0
377,1884,31,4,200,7,WAIT_RECV,0.7252926525363866,1.9999999999997797E-4
377,1884,31,4,200,7,EXECUTION,0.7252926525363866,0.010000000000000009
377,1884,31,4,200,7,WAIT_SEND,0.7352926525363866,0.0
421,1943,31,0,196,0,WAIT_SEND,0.7001000000000001,0.0
421,1943,31,0,196,0,WAIT_RECV,0.7354926525363866,0.0013766674289653613
396,1832,29,1,176,1,EXECUTION,0.6614286102294921,0.010000000000000009
396,1832,29,1,176,1,WAIT_SEND,0.6714286102294921,0.0
396,1832,29,1,176,1,WAIT_RECV,0.727104904174804,0.0013190734863279818
396,1832,29,1,176,1,EXECUTION,0.727104904174804,0.010000000000000009
396,1832,29,1,176,1,WAIT_SEND,0.737104904174804,0.0
382,1904,24,2,148,6,EXECUTION,0.6873666666666666,0.020000000000000018
382,1904,24,2,148,6,WAIT_SEND,0.7073666666666666,0.0
382,1904,24,2,148,6,WAIT_RECV,0.7211000000000002,1.9999999999997797E-4
382,1904,24,2,148,6,EXECUTION,0.7211000000000002,0.01666666666666683
382,1904,24,2,148,6,WAIT_SEND,0.737766666666667,0.0
361,1898,4,2,12,6,EXECUTION,0.6856312951495915,0.030000000000000027
361,1898,4,2,12,6,WAIT_SEND,0.7156312951495916,0.0
361,1898,4,2,12,6,WAIT_RECV,0.7282694421222475,0.0013190734863279818
361,1898,4,2,12,6,EXECUTION,0.7282694421222475,0.010000000000000009
361,1898,4,2,12,6,WAIT_SEND,0.7382694421222475,0.0
396,1826,27,0,165,0,WAIT_SEND,0.6601,0.0
396,1826,27,0,165,0,WAIT_RECV,0.738423977661132,0.0013190734863279818
400,1847,29,2,177,1,EXECUTION,0.6653,0.010000000000000009
400,1847,29,2,177,1,WAIT_SEND,0.6753,0.0
400,1847,29,2,177,1,WAIT_RECV,0.7287381469726559,0.0013190734863279818
400,1847,29,2,177,1,EXECUTION,0.7287381469726559,0.010000000000000009
400,1847,29,2,177,1,WAIT_SEND,0.7387381469726559,0.0
391,1982,39,2,222,4,EXECUTION,0.713028610229492,0.0050000000000000044
391,1982,39,2,222,4,WAIT_SEND,0.718028610229492,0.0
391,1982,39,2,222,4,WAIT_RECV,0.733828610229492,1.9999999999997797E-4
391,1982,39,2,222,4,EXECUTION,0.733828610229492,0.0050000000000000044
391,1982,39,2,222,4,WAIT_SEND,0.738828610229492,0.0
400,1845,29,0,175,0,WAIT_SEND,0.6651,0.0
400,1845,29,0,175,0,WAIT_RECV,0.7389381469726559,1.9999999999997797E-4
405,2027,14,6,85,9,EXECUTION,0.7274999999999998,0.011599999999999833
405,2027,14,6,85,9,WAIT_SEND,0.7390999999999996,0.0
398,1964,30,5,190,6,EXECUTION,0.70683178914388,0.010000000000000009
398,1964,30,5,190,6,WAIT_SEND,0.71683178914388,0.0
398,1964,30,5,190,6,WAIT_RECV,0.729469936116536,0.0013190734863279818
398,1964,30,5,190,6,EXECUTION,0.729469936116536,0.010000000000000009
398,1964,30,5,190,6,WAIT_SEND,0.739469936116536,0.0
393,1902,30,6,191,7,EXECUTION,0.6866127156575519,0.010000000000000009
393,1902,30,6,191,7,WAIT_SEND,0.6966127156575519,0.0
393,1902,30,6,191,7,WAIT_RECV,0.7296508626302078,1.9999999999997797E-4
393,1902,30,6,191,7,EXECUTION,0.7296508626302078,0.010000000000000009
393,1902,30,6,191,7,WAIT_SEND,0.7396508626302079,0.0
344,1733,4,3,13,7,EXECUTION,0.6234546661376953,0.020000000000000018
344,1733,4,3,13,7,WAIT_SEND,0.6434546661376953,0.0
344,1733,4,3,13,7,WAIT_RECV,0.7200903303324654,1.9999999999997797E-4
344,1733,4,3,13,7,EXECUTION,0.7200903303324654,0.020000000000000018
344,1733,4,3,13,7,WAIT_SEND,0.7400903303324654,0.0
394,2035,31,7,203,9,EXECUTION,0.7313270988225324,0.010000000000000009
394,2035,31,7,203,9,WAIT_SEND,0.7413270988225324,0.0
354,1620,7,0,34,0,WAIT_SEND,0.5901,0.0
354,1620,7,0,34,0,WAIT_RECV,0.741757220458984,0.06292861022949203
269,1203,2,1,1,1,EXECUTION,0.4453,0.06279562507911968
269,1203,2,1,1,1,WAIT_SEND,0.5080956250791197,0.0
269,1203,2,1,1,1,WAIT_RECV,0.6531054752632981,1.9999999999997797E-4
269,1203,2,1,1,1,EXECUTION,0.6531054752632981,0.08916139533796397
269,1203,2,1,1,1,WAIT_SEND,0.7422668706012621,0.0
269,1200,2,0,0,0,WAIT_SEND,0.4451,0.0
269,1200,2,0,0,0,WAIT_RECV,0.742466870601262,1.9999999999997797E-4
366,1951,5,5,21,6,EXECUTION,0.702326480054098,0.020000000000000018
366,1951,5,5,21,6,WAIT_SEND,0.722326480054098,0.0
366,1951,5,5,21,6,WAIT_RECV,0.732726480054098,1.9999999999997797E-4
366,1951,5,5,21,6,EXECUTION,0.732726480054098,0.010000000000000009
366,1951,5,5,21,6,WAIT_SEND,0.742726480054098,0.0
422,2039,17,3,103,9,EXECUTION,0.7331381469726559,0.010000000000000009
422,2039,17,3,103,9,WAIT_SEND,0.7431381469726559,0.0
409,2040,26,4,163,9,EXECUTION,0.733138146972656,0.010000000000000009
409,2040,26,4,163,9,WAIT_SEND,0.743138146972656,0.0
414,1975,19,6,119,6,EXECUTION,0.7107,0.010000000000000009
414,1975,19,6,119,6,WAIT_SEND,0.7207,0.0
414,1975,19,6,119,6,WAIT_RECV,0.733338146972656,0.0013190734863279818
414,1975,19,6,119,6,EXECUTION,0.733338146972656,0.010000000000000009
414,1975,19,6,119,6,WAIT_SEND,0.743338146972656,0.0
374,1865,31,5,201,7,EXECUTION,0.6742770988225325,0.010000000000000009
374,1865,31,5,201,7,WAIT_SEND,0.6842770988225325,0.0
374,1865,31,5,201,7,WAIT_RECV,0.7236110671028603,1.9999999999997797E-4
374,1865,31,5,201,7,EXECUTION,0.7236110671028603,0.020000000000000018
374,1865,31,5,201,7,WAIT_SEND,0.7436110671028603,0.0
428,1976,29,5,180,6,EXECUTION,0.7114190734863279,0.010000000000000009
428,1976,29,5,180,6,WAIT_SEND,0.7214190734863279,0.0
428,1976,29,5,180,6,WAIT_SEND,0.7214190734863279,0.0
428,1976,29,5,180,6,WAIT_RECV,0.7318190734863279,1.9999999999997797E-4
428,1976,29,5,180,6,WAIT_RECV,0.7340572204589839,0.0013190734863279818
428,1976,29,5,180,6,EXECUTION,0.7340572204589839,0.010000000000000009
428,1976,29,5,180,6,WAIT_SEND,0.7440572204589839,0.0
392,1924,23,2,141,7,EXECUTION,0.6942679153442379,0.010000000000000009
392,1924,23,2,141,7,WAIT_SEND,0.7042679153442379,0.0
392,1924,23,2,141,7,WAIT_RECV,0.7350679153442379,1.9999999999997797E-4
392,1924,23,2,141,7,EXECUTION,0.7350679153442379,0.010000000000000009
392,1924,23,2,141,7,WAIT_SEND,0.7450679153442379,0.0
399,1849,12,2,68,1,EXECUTION,0.666419073486328,0.010000000000000009
399,1849,12,2,68,1,WAIT_SEND,0.676419073486328,0.0
399,1849,12,2,68,1,WAIT_RECV,0.7352572204589839,0.0013190734863279818
399,1849,12,2,68,1,EXECUTION,0.7352572204589839,0.010000000000000009
399,1849,12,2,68,1,WAIT_SEND,0.7452572204589839,0.0
379,1962,31,2,198,6,EXECUTION,0.7063431305422047,0.01853396828032783
379,1962,31,2,198,6,WAIT_SEND,0.7248770988225325,0.0
379,1962,31,2,198,6,WAIT_RECV,0.7352770988225324,1.9999999999997797E-4
379,1962,31,2,198,6,EXECUTION,0.7352770988225324,0.010000000000000009
379,1962,31,2,198,6,WAIT_SEND,0.7452770988225325,0.0
428,1971,28,0,169,0,WAIT_SEND,0.7101,0.0
428,1971,28,0,169,0,WAIT_RECV,0.7453762939453119,0.0013190734863279818
373,2050,5,4,28,9,EXECUTION,0.7364027308959957,0.010000000000000009
373,2050,5,4,28,9,WAIT_SEND,0.7464027308959957,0.0
380,2051,9,3,50,9,EXECUTION,0.7364027308959957,0.010000000000000009
380,2051,9,3,50,9,WAIT_SEND,0.7464027308959957,0.0
399,1844,10,0,53,0,WAIT_SEND,0.6651,0.0
399,1844,10,0,53,0,WAIT_RECV,0.7465762939453119,0.0013190734863279818
357,1636,4,0,10,0,WAIT_SEND,0.5951,0.0
357,1636,4,0,10,0,WAIT_RECV,0.7467953674316403,0.06294768371582016
359,1637,9,0,47,0,WAIT_SEND,0.5951,0.0
359,1637,9,0,47,0,WAIT_RECV,0.7467953674316403,0.06294768371582016
242,1075,32,1,205,1,EXECUTION,0.4014190734863281,0.0928779858907064
242,1075,32,1,205,1,WAIT_SEND,0.4942970593770345,0.0
242,1075,32,1,205,1,WAIT_RECV,0.6672020760344355,1.9999999999997797E-4
242,1075,32,1,205,1,EXECUTION,0.6672020760344355,0.07961795207198419
242,1075,32,1,205,1,WAIT_SEND,0.7468200281064197,0.0
365,1888,2,2,2,7,EXECUTION,0.6821916050502231,0.010000000000000009
365,1888,2,2,2,7,WAIT_SEND,0.6921916050502231,0.0
365,1888,2,2,2,7,WAIT_RECV,0.7274678989955351,0.0013190734863279818
365,1888,2,2,2,7,EXECUTION,0.7274678989955351,0.020000000000000018
365,1888,2,2,2,7,WAIT_SEND,0.7474678989955351,0.0
406,2049,14,6,85,9,EXECUTION,0.7359,0.011599999999999833
406,2049,14,6,85,9,WAIT_SEND,0.7474999999999998,0.0
407,2054,26,5,164,9,EXECUTION,0.738138146972656,0.010000000000000009
407,2054,26,5,164,9,WAIT_SEND,0.748138146972656,0.0
242,1069,33,0,207,0,WAIT_SEND,0.4001,0.0
242,1069,33,0,207,0,WAIT_RECV,0.7481391015927477,0.0013190734863279818
404,2064,39,6,234,8,EXECUTION,0.743428610229492,0.0050000000000000044
404,2064,39,6,234,8,WAIT_SEND,0.748428610229492,0.0
361,1829,4,3,13,7,EXECUTION,0.6604999999999999,0.024931295149591692
361,1829,4,3,13,7,WAIT_SEND,0.6854312951495916,0.0
361,1829,4,3,13,7,WAIT_RECV,0.7384694421222475,1.9999999999997797E-4
361,1829,4,3,13,7,EXECUTION,0.7384694421222475,0.010810444105108896
361,1829,4,3,13,7,WAIT_SEND,0.7492798862273564,0.0
398,1934,30,7,192,7,EXECUTION,0.69663178914388,0.010000000000000009
398,1934,30,7,192,7,WAIT_SEND,0.70663178914388,0.0
398,1934,30,7,192,7,WAIT_RECV,0.739669936116536,1.9999999999997797E-4
398,1934,30,7,192,7,EXECUTION,0.739669936116536,0.010000000000000009
398,1934,30,7,192,7,WAIT_SEND,0.749669936116536,0.0
364,2062,28,5,174,9,EXECUTION,0.741098695646604,0.010000000000000009
364,2062,28,5,174,9,WAIT_SEND,0.751098695646604,0.0
299,1340,4,1,11,1,EXECUTION,0.49529999999999996,0.050000000000000044
299,1340,4,1,11,1,WAIT_SEND,0.5453,0.0
299,1340,4,1,11,1,WAIT_RECV,0.6931357444574417,1.9999999999997797E-4
299,1340,4,1,11,1,EXECUTION,0.6931357444574417,0.057969834282716404
299,1340,4,1,11,1,WAIT_SEND,0.7511055787401582,0.0
299,1336,4,0,10,0,WAIT_SEND,0.4951,0.0
299,1336,4,0,10,0,WAIT_RECV,0.7513055787401581,1.9999999999997797E-4
390,1803,14,2,81,1,EXECUTION,0.6503,0.010000000000000009
390,1803,14,2,81,1,WAIT_SEND,0.6603,0.0
390,1803,14,2,81,1,WAIT_RECV,0.7314999999999999,1.9999999999997797E-4
390,1803,14,2,81,1,EXECUTION,0.7314999999999999,0.020000000000000018
390,1803,14,2,81,1,WAIT_SEND,0.7515,0.0
394,1994,31,3,199,6,EXECUTION,0.7171615451086782,0.013965553713854217
394,1994,31,3,199,6,WAIT_SEND,0.7311270988225325,0.0
394,1994,31,3,199,6,WAIT_RECV,0.7415270988225324,1.9999999999997797E-4
394,1994,31,3,199,6,EXECUTION,0.7415270988225324,0.010000000000000009
394,1994,31,3,199,6,WAIT_SEND,0.7515270988225324,0.0
390,1801,14,0,79,0,WAIT_SEND,0.6501,0.0
390,1801,14,0,79,0,WAIT_RECV,0.7516999999999999,1.9999999999997797E-4
415,2063,12,6,72,9,EXECUTION,0.742019073486328,0.010000000000000009
415,2063,12,6,72,9,WAIT_SEND,0.752019073486328,0.0
367,1690,9,1,48,1,EXECUTION,0.6103,0.030000000000000027
367,1690,9,1,48,1,WAIT_SEND,0.6403,0.0
367,1690,9,1,48,1,WAIT_RECV,0.6952572204589839,0.0013190734863279818
367,1690,9,1,48,1,EXECUTION,0.6952572204589839,0.05724244665527323
367,1690,9,1,48,1,WAIT_SEND,0.7524996671142571,0.0
367,1688,9,0,47,0,WAIT_SEND,0.6101,0.0
367,1688,9,0,47,0,WAIT_RECV,0.7526996671142571,1.9999999999997797E-4
386,1777,11,1,63,1,EXECUTION,0.6403,0.022905895911322527
386,1777,11,1,63,1,WAIT_SEND,0.6632058959113225,0.0
386,1777,11,1,63,1,WAIT_RECV,0.7332053101998779,1.9999999999997797E-4
386,1777,11,1,63,1,EXECUTION,0.7332053101998779,0.020000000000000018
386,1777,11,1,63,1,WAIT_SEND,0.7532053101998779,0.0
409,2010,26,1,160,6,EXECUTION,0.722938146972656,0.010000000000000009
409,2010,26,1,160,6,WAIT_SEND,0.732938146972656,0.0
409,2010,26,1,160,6,WAIT_RECV,0.743338146972656,1.9999999999997797E-4
409,2010,26,1,160,6,EXECUTION,0.743338146972656,0.010000000000000009
409,2010,26,1,160,6,WAIT_SEND,0.753338146972656,0.0
386,1775,11,0,62,0,WAIT_SEND,0.6401,0.0
386,1775,11,0,62,0,WAIT_RECV,0.7534053101998779,1.9999999999997797E-4
410,1914,19,1,122,7,EXECUTION,0.6905,0.010000000000000009
410,1914,19,1,122,7,WAIT_SEND,0.7005,0.0
410,1914,19,1,122,7,WAIT_RECV,0.733538146972656,1.9999999999997797E-4
410,1914,19,1,122,7,EXECUTION,0.733538146972656,0.020000000000000018
410,1914,19,1,122,7,WAIT_SEND,0.753538146972656,0.0
404,2055,39,5,225,5,EXECUTION,0.738228610229492,0.0050000000000000044
404,2055,39,5,225,5,WAIT_SEND,0.743228610229492,0.0
404,2055,39,5,225,5,WAIT_RECV,0.748628610229492,1.9999999999997797E-4
404,2055,39,5,225,5,EXECUTION,0.748628610229492,0.0050000000000000044
404,2055,39,5,225,5,WAIT_SEND,0.753628610229492,0.0
403,2066,3,3,8,9,EXECUTION,0.74394389074707,0.010000000000000009
403,2066,3,3,8,9,WAIT_SEND,0.75394389074707,0.0
366,1917,2,3,3,7,EXECUTION,0.69100740656777,0.010000000000000009
366,1917,2,3,3,7,WAIT_SEND,0.70100740656777,0.0
366,1917,2,3,3,7,WAIT_RECV,0.744045553540426,0.0013190734863279818
366,1917,2,3,3,7,EXECUTION,0.744045553540426,0.010000000000000009
366,1917,2,3,3,7,WAIT_SEND,0.754045553540426,0.0
422,2006,13,1,74,6,EXECUTION,0.7218190734863279,0.010000000000000009
422,2006,13,1,74,6,WAIT_SEND,0.7318190734863279,0.0
422,2006,13,1,74,6,WAIT_RECV,0.7444572204589839,0.0013190734863279818
422,2006,13,1,74,6,EXECUTION,0.7444572204589839,0.010000000000000009
422,2006,13,1,74,6,WAIT_SEND,0.7544572204589839,0.0
276,1238,2,1,1,1,EXECUTION,0.4603,0.06978207188245572
276,1238,2,1,1,1,WAIT_SEND,0.5300820718824557,0.0
276,1238,2,1,1,1,WAIT_RECV,0.6661237340980108,1.9999999999997797E-4
276,1238,2,1,1,1,EXECUTION,0.6661237340980108,0.08916139533796397
276,1238,2,1,1,1,WAIT_SEND,0.7552851294359748,0.0
379,1900,31,5,201,7,EXECUTION,0.6861431305422047,0.020000000000000018
379,1900,31,5,201,7,WAIT_SEND,0.7061431305422047,0.0
379,1900,31,5,201,7,WAIT_RECV,0.7454770988225324,1.9999999999997797E-4
379,1900,31,5,201,7,EXECUTION,0.7454770988225324,0.010000000000000009
379,1900,31,5,201,7,WAIT_SEND,0.7554770988225324,0.0
276,1235,2,0,0,0,WAIT_SEND,0.4601,0.0
276,1235,2,0,0,0,WAIT_RECV,0.7554851294359748,1.9999999999997797E-4
402,2075,3,4,9,9,EXECUTION,0.7467953674316403,0.010000000000000009
402,2075,3,4,9,9,WAIT_SEND,0.7567953674316403,0.0
310,1395,2,1,1,1,EXECUTION,0.5153,0.06696135049534946
310,1395,2,1,1,1,WAIT_SEND,0.5822613504953494,0.0
310,1395,2,1,1,1,WAIT_RECV,0.6681681567331029,1.9999999999997797E-4
310,1395,2,1,1,1,EXECUTION,0.6681681567331029,0.08915927097167464
310,1395,2,1,1,1,WAIT_SEND,0.7573274277047776,0.0
310,1391,2,0,0,0,WAIT_SEND,0.5151,0.0
310,1391,2,0,0,0,WAIT_RECV,0.7575274277047775,1.9999999999997797E-4
356,1724,8,6,46,7,EXECUTION,0.6204999999999999,0.04786393504502995
356,1724,8,6,46,7,WAIT_SEND,0.6683639350450299,0.0
356,1724,8,6,46,7,WAIT_RECV,0.7014020820176858,1.9999999999997797E-4
356,1724,8,6,46,7,EXECUTION,0.7014020820176858,0.056241961138302154
356,1724,8,6,46,7,WAIT_SEND,0.757644043155988,0.0
380,2015,8,3,43,6,EXECUTION,0.7250741206665037,0.010000000000000009
380,2015,8,3,43,6,WAIT_SEND,0.7350741206665037,0.0
380,2015,8,3,43,6,WAIT_RECV,0.7477313411254878,0.0013286102294920443
380,2015,8,3,43,6,EXECUTION,0.7477313411254878,0.010000000000000009
380,2015,8,3,43,6,WAIT_SEND,0.7577313411254878,0.0
373,2014,8,5,45,6,EXECUTION,0.7250741206665037,0.010000000000000009
373,2014,8,5,45,6,WAIT_SEND,0.7350741206665037,0.0
373,2014,8,5,45,6,WAIT_RECV,0.7477313411254878,0.0013286102294920443
373,2014,8,5,45,6,EXECUTION,0.7477313411254878,0.010000000000000009
373,2014,8,5,45,6,WAIT_SEND,0.7577313411254878,0.0
404,2038,39,0,220,3,EXECUTION,0.7330286102294921,0.0050000000000000044
404,2038,39,0,220,3,WAIT_SEND,0.7380286102294921,0.0
404,2038,39,0,220,3,WAIT_RECV,0.753828610229492,1.9999999999997797E-4
404,2038,39,0,220,3,EXECUTION,0.753828610229492,0.0050000000000000044
404,2038,39,0,220,3,WAIT_SEND,0.758828610229492,0.0
405,1977,14,3,82,6,EXECUTION,0.7114999999999999,0.015799999999999925
405,1977,14,3,82,6,WAIT_SEND,0.7272999999999998,0.0
405,1977,14,3,82,6,WAIT_RECV,0.7392999999999996,1.9999999999997797E-4
405,1977,14,3,82,6,EXECUTION,0.7392999999999996,0.020000000000000018
405,1977,14,3,82,6,WAIT_SEND,0.7592999999999996,0.0
407,2026,30,2,187,6,EXECUTION,0.726819073486328,0.010000000000000009
407,2026,30,2,187,6,WAIT_SEND,0.736819073486328,0.0
407,2026,30,2,187,6,WAIT_RECV,0.749457220458984,0.0013190734863279818
407,2026,30,2,187,6,EXECUTION,0.749457220458984,0.010000000000000009
407,2026,30,2,187,6,WAIT_SEND,0.759457220458984,0.0
415,2037,12,4,70,6,EXECUTION,0.731819073486328,0.010000000000000009
415,2037,12,4,70,6,WAIT_SEND,0.741819073486328,0.0
415,2037,12,4,70,6,WAIT_RECV,0.752219073486328,1.9999999999997797E-4
415,2037,12,4,70,6,EXECUTION,0.752219073486328,0.010000000000000009
415,2037,12,4,70,6,WAIT_SEND,0.762219073486328,0.0
406,1990,14,3,82,6,EXECUTION,0.7157,0.020000000000000018
406,1990,14,3,82,6,WAIT_SEND,0.7357,0.0
406,1990,14,3,82,6,WAIT_RECV,0.7476999999999998,1.9999999999997797E-4
406,1990,14,3,82,6,EXECUTION,0.7476999999999998,0.015799999999999925
406,1990,14,3,82,6,WAIT_SEND,0.7634999999999997,0.0
414,1946,19,0,121,7,EXECUTION,0.7005,0.010000000000000009
414,1946,19,0,121,7,WAIT_SEND,0.7105,0.0
414,1946,19,0,121,7,WAIT_RECV,0.743538146972656,1.9999999999997797E-4
414,1946,19,0,121,7,EXECUTION,0.743538146972656,0.020000000000000018
414,1946,19,0,121,7,WAIT_SEND,0.763538146972656,0.0
409,1980,26,3,162,7,EXECUTION,0.712738146972656,0.010000000000000009
409,1980,26,3,162,7,WAIT_SEND,0.722738146972656,0.0
409,1980,26,3,162,7,WAIT_RECV,0.753538146972656,1.9999999999997797E-4
409,1980,26,3,162,7,EXECUTION,0.753538146972656,0.010000000000000009
409,1980,26,3,162,7,WAIT_SEND,0.763538146972656,0.0
427,2087,16,7,99,9,EXECUTION,0.7539595367431638,0.010000000000000009
427,2087,16,7,99,9,WAIT_SEND,0.7639595367431639,0.0
334,1510,8,1,41,1,EXECUTION,0.5553,0.030000000000000027
334,1510,8,1,41,1,WAIT_SEND,0.5853,0.0
334,1510,8,1,41,1,WAIT_RECV,0.7344229980387359,1.9999999999997797E-4
334,1510,8,1,41,1,EXECUTION,0.7344229980387359,0.029561499019368
334,1510,8,1,41,1,WAIT_SEND,0.7639844970581039,0.0
403,2042,3,1,6,6,EXECUTION,0.73374389074707,0.010000000000000009
403,2042,3,1,6,6,WAIT_SEND,0.74374389074707,0.0
403,2042,3,1,6,6,WAIT_RECV,0.75414389074707,1.9999999999997797E-4
403,2042,3,1,6,6,EXECUTION,0.75414389074707,0.010000000000000009
403,2042,3,1,6,6,WAIT_SEND,0.76414389074707,0.0
334,1507,8,0,40,0,WAIT_SEND,0.5551,0.0
334,1507,8,0,40,0,WAIT_RECV,0.7641844970581039,1.9999999999997797E-4
256,1146,32,1,205,1,EXECUTION,0.42529999999999996,0.10183333333333328
256,1146,32,1,205,1,WAIT_SEND,0.5271333333333332,0.0
256,1146,32,1,205,1,WAIT_RECV,0.688671406239099,1.9999999999997797E-4
256,1146,32,1,205,1,EXECUTION,0.688671406239099,0.07693428579640127
256,1146,32,1,205,1,WAIT_SEND,0.7656056920355002,0.0
256,1143,32,0,204,0,WAIT_SEND,0.4251,0.0
256,1143,32,0,204,0,WAIT_RECV,0.7658056920355002,1.9999999999997797E-4
281,1254,2,1,1,1,EXECUTION,0.4653,0.07061540521578907
281,1254,2,1,1,1,WAIT_SEND,0.5359154052157891,0.0
281,1254,2,1,1,1,WAIT_RECV,0.6781491580626677,1.9999999999997797E-4
281,1254,2,1,1,1,EXECUTION,0.6781491580626677,0.08791164580547906
281,1254,2,1,1,1,WAIT_SEND,0.7660608038681468,0.0
422,1978,13,3,76,7,EXECUTION,0.7116190734863279,0.010000000000000009
422,1978,13,3,76,7,WAIT_SEND,0.7216190734863279,0.0
422,1978,13,3,76,7,WAIT_RECV,0.7546572204589839,1.9999999999997797E-4
422,1978,13,3,76,7,EXECUTION,0.7546572204589839,0.011546048990885294
422,1978,13,3,76,7,WAIT_SEND,0.7662032694498692,0.0
281,1251,2,0,0,0,WAIT_SEND,0.4651,0.0
281,1251,2,0,0,0,WAIT_RECV,0.7662608038681468,1.9999999999997797E-4
429,2097,24,4,150,9,EXECUTION,0.7570190734863279,0.010000000000000009
429,2097,24,4,150,9,WAIT_SEND,0.7670190734863279,0.0
327,1481,6,1,30,1,EXECUTION,0.5453,0.027548546346028435
327,1481,6,1,30,1,WAIT_SEND,0.5728485463460284,0.0
327,1481,6,1,30,1,WAIT_RECV,0.7265333184068454,0.0013190734863279818
327,1481,6,1,30,1,EXECUTION,0.7265333184068454,0.04077259831859359
327,1481,6,1,30,1,WAIT_SEND,0.767305916725439,0.0
327,1478,6,0,29,0,WAIT_SEND,0.5451,0.0
327,1478,6,0,29,0,WAIT_RECV,0.767505916725439,1.9999999999997797E-4
401,2098,3,3,8,9,EXECUTION,0.7578044866296832,0.010000000000000009
401,2098,3,3,8,9,WAIT_SEND,0.7678044866296833,0.0
402,2048,7,4,38,6,EXECUTION,0.735412964233398,0.010000000000000009
402,2048,7,4,38,6,WAIT_SEND,0.745412964233398,0.0
402,2048,7,4,38,6,WAIT_RECV,0.7581144409179683,0.0013190734863279818
402,2048,7,4,38,6,EXECUTION,0.7581144409179683,0.010000000000000009
402,2048,7,4,38,6,WAIT_SEND,0.7681144409179683,0.0
373,1954,2,2,2,7,EXECUTION,0.7036944444444444,0.020000000000000018
373,1954,2,2,2,7,WAIT_SEND,0.7236944444444444,0.0
373,1954,2,2,2,7,WAIT_RECV,0.7590504146118158,0.0013190734863279818
373,1954,2,2,2,7,EXECUTION,0.7590504146118158,0.010000000000000009
373,1954,2,2,2,7,WAIT_SEND,0.7690504146118158,0.0
407,1992,30,0,193,7,EXECUTION,0.716619073486328,0.010000000000000009
407,1992,30,0,193,7,WAIT_SEND,0.726619073486328,0.0
407,1992,30,0,193,7,WAIT_RECV,0.759657220458984,1.9999999999997797E-4
407,1992,30,0,193,7,EXECUTION,0.759657220458984,0.010000000000000009
407,1992,30,0,193,7,WAIT_SEND,0.769657220458984,0.0
331,1498,9,1,48,1,EXECUTION,0.551419073486328,0.010000000000000009
331,1498,9,1,48,1,WAIT_SEND,0.561419073486328,0.0
331,1498,9,1,48,1,WAIT_RECV,0.7096044037475576,0.0013190734863279818
331,1498,9,1,48,1,EXECUTION,0.7096044037475576,0.06054850491129504
331,1498,9,1,48,1,WAIT_SEND,0.7701529086588527,0.0
331,1493,3,0,5,0,WAIT_SEND,0.5501,0.0
331,1493,3,0,5,0,WAIT_RECV,0.7714719821451806,0.0013190734863279818
364,2028,27,2,167,6,EXECUTION,0.729779622160276,0.010000000000000009
364,2028,27,2,167,6,WAIT_SEND,0.739779622160276,0.0
364,2028,27,2,167,6,WAIT_RECV,0.752417769132932,0.0013190734863279818
364,2028,27,2,167,6,EXECUTION,0.752417769132932,0.01931606132698105
364,2028,27,2,167,6,WAIT_SEND,0.7717338304599131,0.0
433,2110,18,6,112,9,EXECUTION,0.7620190734863279,0.010000000000000009
433,2110,18,6,112,9,WAIT_SEND,0.7720190734863279,0.0
418,2126,39,7,235,8,EXECUTION,0.7684286102294922,0.0050000000000000044
418,2126,39,7,235,8,WAIT_SEND,0.7734286102294922,0.0
405,1930,14,4,83,7,EXECUTION,0.6955,0.015799999999999925
405,1930,14,4,83,7,WAIT_SEND,0.7112999999999999,0.0
405,1930,14,4,83,7,WAIT_RECV,0.7594999999999996,1.9999999999997797E-4
405,1930,14,4,83,7,EXECUTION,0.7594999999999996,0.01399999999999968
405,1930,14,4,83,7,WAIT_SEND,0.7734999999999993,0.0
415,1974,11,2,64,7,EXECUTION,0.7105,0.020000000000000018
415,1974,11,2,64,7,WAIT_SEND,0.7305,0.0
415,1974,11,2,64,7,WAIT_RECV,0.763538146972656,0.0013190734863279818
415,1974,11,2,64,7,EXECUTION,0.763538146972656,0.010000000000000009
415,1974,11,2,64,7,WAIT_SEND,0.773538146972656,0.0
406,1931,14,5,84,7,EXECUTION,0.6955,0.020000000000000018
406,1931,14,5,84,7,WAIT_SEND,0.7155,0.0
406,1931,14,5,84,7,WAIT_RECV,0.7636999999999997,1.9999999999997797E-4
406,1931,14,5,84,7,EXECUTION,0.7636999999999997,0.010000000000000009
406,1931,14,5,84,7,WAIT_SEND,0.7736999999999997,0.0
410,1883,19,4,117,1,EXECUTION,0.6803,0.010000000000000009
410,1883,19,4,117,1,WAIT_SEND,0.6903,0.0
410,1883,19,4,117,1,WAIT_RECV,0.753738146972656,1.9999999999997797E-4
410,1883,19,4,117,1,EXECUTION,0.753738146972656,0.020000000000000018
410,1883,19,4,117,1,WAIT_SEND,0.773738146972656,0.0
410,1880,19,0,113,0,WAIT_SEND,0.6801,0.0
410,1880,19,0,113,0,WAIT_RECV,0.773938146972656,1.9999999999997797E-4
427,2065,16,2,94,6,EXECUTION,0.7437595367431639,0.010000000000000009
427,2065,16,2,94,6,WAIT_SEND,0.7537595367431639,0.0
427,2065,16,2,94,6,WAIT_RECV,0.7641595367431638,1.9999999999997797E-4
427,2065,16,2,94,6,EXECUTION,0.7641595367431638,0.010000000000000009
427,2065,16,2,94,6,WAIT_SEND,0.7741595367431638,0.0
403,2013,3,2,7,7,EXECUTION,0.72354389074707,0.010000000000000009
403,2013,3,2,7,7,WAIT_SEND,0.73354389074707,0.0
403,2013,3,2,7,7,WAIT_RECV,0.76434389074707,1.9999999999997797E-4
403,2013,3,2,7,7,EXECUTION,0.76434389074707,0.010000000000000009
403,2013,3,2,7,7,WAIT_SEND,0.77434389074707,0.0
409,1887,28,3,172,1,EXECUTION,0.681419073486328,0.030000000000000027
409,1887,28,3,172,1,WAIT_SEND,0.711419073486328,0.0
409,1887,28,3,172,1,WAIT_RECV,0.764857220458984,0.0013190734863279818
409,1887,28,3,172,1,EXECUTION,0.764857220458984,0.010000000000000009
409,1887,28,3,172,1,WAIT_SEND,0.774857220458984,0.0
395,1848,24,3,149,7,EXECUTION,0.6655,0.018333333333333424
395,1848,24,3,149,7,WAIT_SEND,0.6838333333333334,0.0
395,1848,24,3,149,7,WAIT_RECV,0.7346333333333338,1.9999999999997797E-4
395,1848,24,3,149,7,EXECUTION,0.7346333333333338,0.04030747975667448
395,1848,24,3,149,7,WAIT_SEND,0.7749408130900083,0.0
377,1740,31,1,197,1,EXECUTION,0.6253,0.05502709882253254
377,1740,31,1,197,1,WAIT_SEND,0.6803270988225325,0.0
377,1740,31,1,197,1,WAIT_RECV,0.7354926525363866,1.9999999999997797E-4
377,1740,31,1,197,1,EXECUTION,0.7354926525363866,0.040000000000000036
377,1740,31,1,197,1,WAIT_SEND,0.7754926525363867,0.0
377,1737,31,0,196,0,WAIT_SEND,0.6251,0.0
377,1737,31,0,196,0,WAIT_RECV,0.7756926525363866,1.9999999999997797E-4
409,1881,33,0,207,0,WAIT_SEND,0.6801,0.0
409,1881,33,0,207,0,WAIT_RECV,0.776176293945312,0.0013190734863279818
442,2124,15,5,91,9,EXECUTION,0.7670190734863279,0.010000000000000009
442,2124,15,5,91,9,WAIT_SEND,0.7770190734863279,0.0
356,1623,8,2,42,1,EXECUTION,0.5902999999999999,0.030000000000000027
356,1623,8,2,42,1,WAIT_SEND,0.6203,0.0
356,1623,8,2,42,1,WAIT_RECV,0.7579313411254878,2.8729796949977793E-4
356,1623,8,2,42,1,EXECUTION,0.7579313411254878,0.020000000000000018
356,1623,8,2,42,1,WAIT_SEND,0.7779313411254878,0.0
356,1621,8,0,40,0,WAIT_SEND,0.5901,0.0
356,1621,8,0,40,0,WAIT_RECV,0.7781313411254878,1.9999999999997797E-4
371,1772,8,6,46,7,EXECUTION,0.6391190734863279,0.05701984558105466
371,1772,8,6,46,7,WAIT_SEND,0.6961389190673826,0.0
371,1772,8,6,46,7,WAIT_RECV,0.7291770660400385,1.9999999999997797E-4
371,1772,8,6,46,7,EXECUTION,0.7291770660400385,0.04898662470060455
371,1772,8,6,46,7,WAIT_SEND,0.7781636907406431,0.0
424,2139,39,4,232,7,EXECUTION,0.773228610229492,0.0050000000000000044
424,2139,39,4,232,7,WAIT_SEND,0.778228610229492,0.0
402,2020,7,5,39,7,EXECUTION,0.725212964233398,0.010000000000000009
402,2020,7,5,39,7,WAIT_SEND,0.735212964233398,0.0
402,2020,7,5,39,7,WAIT_RECV,0.7683144409179683,1.9999999999997797E-4
402,2020,7,5,39,7,EXECUTION,0.7683144409179683,0.010000000000000009
402,2020,7,5,39,7,WAIT_SEND,0.7783144409179683,0.0
429,2072,19,7,120,6,EXECUTION,0.7456999999999999,0.010000000000000009
429,2072,19,7,120,6,WAIT_SEND,0.7556999999999999,0.0
429,2072,19,7,120,6,WAIT_RECV,0.7683381469726559,0.0013190734863279818
429,2072,19,7,120,6,EXECUTION,0.7683381469726559,0.010000000000000009
429,2072,19,7,120,6,WAIT_SEND,0.7783381469726559,0.0
418,2112,39,6,226,5,EXECUTION,0.7632286102294922,0.0050000000000000044
418,2112,39,6,226,5,WAIT_SEND,0.7682286102294922,0.0
418,2112,39,6,226,5,WAIT_RECV,0.7736286102294921,1.9999999999997797E-4
418,2112,39,6,226,5,EXECUTION,0.7736286102294921,0.0050000000000000044
418,2112,39,6,226,5,WAIT_SEND,0.7786286102294921,0.0
401,2073,8,4,44,6,EXECUTION,0.7464854131433553,0.010000000000000009
401,2073,8,4,44,6,WAIT_SEND,0.7564854131433553,0.0
401,2073,8,4,44,6,WAIT_RECV,0.7691235601160112,0.0013190734863279818
401,2073,8,4,44,6,EXECUTION,0.7691235601160112,0.010000000000000009
401,2073,8,4,44,6,WAIT_SEND,0.7791235601160112,0.0
374,1723,31,1,197,1,EXECUTION,0.6203,0.053777098822532565
374,1723,31,1,197,1,WAIT_SEND,0.6740770988225325,0.0
374,1723,31,1,197,1,WAIT_RECV,0.7438110671028603,1.9999999999997797E-4
374,1723,31,1,197,1,EXECUTION,0.7438110671028603,0.037920396358381625
374,1723,31,1,197,1,WAIT_SEND,0.7817314634612419,0.0
378,1749,10,0,53,0,WAIT_SEND,0.6301,0.0
378,1749,10,0,53,0,WAIT_RECV,0.781757220458984,0.06292861022949203
374,1720,31,0,196,0,WAIT_SEND,0.6201,0.0
374,1720,31,0,196,0,WAIT_RECV,0.7819314634612419,1.9999999999997797E-4
275,1227,32,1,205,1,EXECUTION,0.4553,0.10541889109602781
275,1227,32,1,205,1,WAIT_SEND,0.5607188910960278,0.0
275,1227,32,1,205,1,WAIT_RECV,0.7110569512050522,1.9999999999997797E-4
275,1227,32,1,205,1,EXECUTION,0.7110569512050522,0.07133789955491288
275,1227,32,1,205,1,WAIT_SEND,0.7823948507599651,0.0
275,1224,32,0,204,0,WAIT_SEND,0.4551,0.0
275,1224,32,0,204,0,WAIT_RECV,0.782594850759965,1.9999999999997797E-4
394,1873,32,2,206,7,EXECUTION,0.676619073486328,0.03922339813602227
394,1873,32,2,206,7,WAIT_SEND,0.7158424716223503,0.0
394,1873,32,2,206,7,WAIT_RECV,0.7528461723088604,0.0013190734863279818
394,1873,32,2,206,7,EXECUTION,0.7528461723088604,0.030000000000000027
394,1873,32,2,206,7,WAIT_SEND,0.7828461723088604,0.0
446,2138,33,4,211,9,EXECUTION,0.7731381469726559,0.010000000000000009
446,2138,33,4,211,9,WAIT_SEND,0.7831381469726559,0.0
433,2082,19,6,119,6,EXECUTION,0.7506999999999999,0.010000000000000009
433,2082,19,6,119,6,WAIT_SEND,0.7606999999999999,0.0
433,2082,19,6,119,6,WAIT_RECV,0.7733381469726559,0.0013190734863279818
433,2082,19,6,119,6,EXECUTION,0.7733381469726559,0.010000000000000009
433,2082,19,6,119,6,WAIT_SEND,0.7833381469726559,0.0
424,2154,39,5,233,8,EXECUTION,0.778428610229492,0.0050000000000000044
424,2154,39,5,233,8,WAIT_SEND,0.783428610229492,0.0
381,2141,33,3,210,9,EXECUTION,0.77373684261926,0.010000000000000009
381,2141,33,3,210,9,WAIT_SEND,0.78373684261926,0.0
414,1912,19,1,114,1,EXECUTION,0.6903,0.010000000000000009
414,1912,19,1,114,1,WAIT_SEND,0.7003,0.0
414,1912,19,1,114,1,WAIT_RECV,0.763738146972656,1.9999999999997797E-4
414,1912,19,1,114,1,EXECUTION,0.763738146972656,0.020000000000000018
414,1912,19,1,114,1,WAIT_SEND,0.783738146972656,0.0
418,2099,39,6,218,3,EXECUTION,0.7580286102294922,0.0050000000000000044
418,2099,39,6,218,3,WAIT_SEND,0.7630286102294922,0.0
418,2099,39,6,218,3,WAIT_RECV,0.7788286102294921,1.9999999999997797E-4
418,2099,39,6,218,3,EXECUTION,0.7788286102294921,0.0050000000000000044
418,2099,39,6,218,3,WAIT_SEND,0.7838286102294921,0.0
382,1851,24,3,149,7,EXECUTION,0.6671666666666666,0.020000000000000018
382,1851,24,3,149,7,WAIT_SEND,0.6871666666666666,0.0
382,1851,24,3,149,7,WAIT_RECV,0.737966666666667,1.9999999999997797E-4
382,1851,24,3,149,7,EXECUTION,0.737966666666667,0.045862309041342586
382,1851,24,3,149,7,WAIT_SEND,0.7838289757080096,0.0
406,1870,14,2,81,1,EXECUTION,0.6753,0.020000000000000018
406,1870,14,2,81,1,WAIT_SEND,0.6953,0.0
406,1870,14,2,81,1,WAIT_RECV,0.7738999999999997,1.9999999999997797E-4
406,1870,14,2,81,1,EXECUTION,0.7738999999999997,0.010000000000000009
406,1870,14,2,81,1,WAIT_SEND,0.7838999999999997,0.0
414,1909,19,0,113,0,WAIT_SEND,0.6901,0.0
414,1909,19,0,113,0,WAIT_RECV,0.783938146972656,1.9999999999997797E-4
406,1867,14,0,79,0,WAIT_SEND,0.6751,0.0
406,1867,14,0,79,0,WAIT_RECV,0.7840999999999997,1.9999999999997797E-4
431,2150,31,6,202,9,EXECUTION,0.7758999999999999,0.010000000000000009
431,2150,31,6,202,9,WAIT_SEND,0.7858999999999999,0.0
384,1781,22,1,137,1,EXECUTION,0.641419073486328,0.036666666666666625
384,1781,22,1,137,1,WAIT_SEND,0.6780857401529946,0.0
384,1781,22,1,137,1,WAIT_RECV,0.7315238871256505,0.0013190734863279818
384,1781,22,1,137,1,EXECUTION,0.7315238871256505,0.05463637593587223
384,1781,22,1,137,1,WAIT_SEND,0.7861602630615228,0.0
283,1270,32,1,205,1,EXECUTION,0.4703,0.10515965400347888
283,1270,32,1,205,1,WAIT_SEND,0.5754596540034789,0.0
283,1270,32,1,205,1,WAIT_RECV,0.7174210739139939,1.9999999999997797E-4
283,1270,32,1,205,1,EXECUTION,0.7174210739139939,0.06898076868719527
283,1270,32,1,205,1,WAIT_SEND,0.7864018426011892,0.0
283,1267,32,0,204,0,WAIT_SEND,0.4701,0.0
283,1267,32,0,204,0,WAIT_RECV,0.7866018426011891,1.9999999999997797E-4
427,2041,16,5,97,7,EXECUTION,0.7335595367431639,0.010000000000000009
427,2041,16,5,97,7,WAIT_SEND,0.7435595367431639,0.0
427,2041,16,5,97,7,WAIT_RECV,0.7743595367431638,1.9999999999997797E-4
427,2041,16,5,97,7,EXECUTION,0.7743595367431638,0.012740463256835866
427,2041,16,5,97,7,WAIT_SEND,0.7870999999999997,0.0
415,1911,11,1,63,1,EXECUTION,0.6903,0.020000000000000018
415,1911,11,1,63,1,WAIT_SEND,0.7103,0.0
415,1911,11,1,63,1,WAIT_RECV,0.773738146972656,1.9999999999997797E-4
415,1911,11,1,63,1,EXECUTION,0.773738146972656,0.013438146972655995
415,1911,11,1,63,1,WAIT_SEND,0.787176293945312,0.0
442,2096,15,3,89,6,EXECUTION,0.7568190734863279,0.010000000000000009
442,2096,15,3,89,6,WAIT_SEND,0.7668190734863279,0.0
442,2096,15,3,89,6,WAIT_RECV,0.7772190734863279,1.9999999999997797E-4
442,2096,15,3,89,6,EXECUTION,0.7772190734863279,0.010000000000000009
442,2096,15,3,89,6,WAIT_SEND,0.7872190734863279,0.0
415,1908,11,0,62,0,WAIT_SEND,0.6901,0.0
415,1908,11,0,62,0,WAIT_RECV,0.787376293945312,1.9999999999997797E-4
384,1776,25,0,151,0,WAIT_SEND,0.6401,0.0
384,1776,25,0,151,0,WAIT_RECV,0.7874793365478507,0.0013190734863279818
379,1753,31,1,197,1,EXECUTION,0.631419073486328,0.05452405705587671
379,1753,31,1,197,1,WAIT_SEND,0.6859431305422047,0.0
379,1753,31,1,197,1,WAIT_RECV,0.7556770988225324,1.9999999999997797E-4
379,1753,31,1,197,1,EXECUTION,0.7556770988225324,0.03198738049854555
379,1753,31,1,197,1,WAIT_SEND,0.787664479321078,0.0
424,2140,39,4,224,5,EXECUTION,0.773228610229492,0.0050000000000000044
424,2140,39,4,224,5,WAIT_SEND,0.778228610229492,0.0
424,2140,39,4,224,5,WAIT_RECV,0.7836286102294919,1.9999999999997797E-4
424,2140,39,4,224,5,EXECUTION,0.7836286102294919,0.0050000000000000044
424,2140,39,4,224,5,WAIT_SEND,0.7886286102294919,0.0
379,1750,33,0,207,0,WAIT_SEND,0.6301,0.0
379,1750,33,0,207,0,WAIT_RECV,0.788983552807406,0.0013190734863279818
452,2164,16,6,98,9,EXECUTION,0.7820190734863279,0.010000000000000009
452,2164,16,6,98,9,WAIT_SEND,0.7920190734863279,0.0
405,1869,14,1,80,1,EXECUTION,0.6753,0.020000000000000018
405,1869,14,1,80,1,WAIT_SEND,0.6953,0.0
405,1869,14,1,80,1,WAIT_RECV,0.7736999999999993,1.9999999999997797E-4
405,1869,14,1,80,1,EXECUTION,0.7736999999999993,0.020000000000000018
405,1869,14,1,80,1,WAIT_SEND,0.7936999999999993,0.0
424,2125,39,5,217,2,EXECUTION,0.768028610229492,0.0050000000000000044
424,2125,39,5,217,2,WAIT_SEND,0.773028610229492,0.0
424,2125,39,5,217,2,WAIT_SEND,0.773028610229492,0.0
424,2125,39,5,217,2,WAIT_RECV,0.778428610229492,1.9999999999997797E-4
424,2125,39,5,217,2,WAIT_RECV,0.7888286102294919,1.9999999999997797E-4
424,2125,39,5,217,2,EXECUTION,0.7888286102294919,0.0050000000000000044
424,2125,39,5,217,2,WAIT_SEND,0.7938286102294919,0.0
405,1866,14,0,79,0,WAIT_SEND,0.6751,0.0
405,1866,14,0,79,0,WAIT_RECV,0.7938999999999993,1.9999999999997797E-4
394,1813,28,2,171,1,EXECUTION,0.6553,0.020000000000000018
394,1813,28,2,171,1,WAIT_SEND,0.6753,0.0
394,1813,28,2,171,1,WAIT_RECV,0.7841652457951884,0.0013190734863279818
394,1813,28,2,171,1,EXECUTION,0.7841652457951884,0.010000000000000009
394,1813,28,2,171,1,WAIT_SEND,0.7941652457951884,0.0
394,1811,28,0,169,0,WAIT_SEND,0.6551,0.0
394,1811,28,0,169,0,WAIT_RECV,0.7943652457951884,1.9999999999997797E-4
446,2109,30,3,188,6,EXECUTION,0.7618190734863279,0.010000000000000009
446,2109,30,3,188,6,WAIT_SEND,0.771819073486328,0.0
446,2109,30,3,188,6,WAIT_RECV,0.7844572204589839,0.0013190734863279818
446,2109,30,3,188,6,EXECUTION,0.7844572204589839,0.010000000000000009
446,2109,30,3,188,6,WAIT_SEND,0.7944572204589839,0.0
381,2086,27,2,167,6,EXECUTION,0.753101707805951,0.01931606132698105
381,2086,27,2,167,6,WAIT_SEND,0.772417769132932,0.0
381,2086,27,2,167,6,WAIT_RECV,0.785055916105588,0.0013190734863279818
381,2086,27,2,167,6,EXECUTION,0.785055916105588,0.010000000000000009
381,2086,27,2,167,6,WAIT_SEND,0.795055916105588,0.0
420,2173,3,4,9,9,EXECUTION,0.7854603931476606,0.010000000000000009
420,2173,3,4,9,9,WAIT_SEND,0.7954603931476606,0.0
431,2121,31,2,198,6,EXECUTION,0.7656999999999999,0.010000000000000009
431,2121,31,2,198,6,WAIT_SEND,0.7757,0.0
431,2121,31,2,198,6,WAIT_RECV,0.7860999999999999,1.9999999999997797E-4
431,2121,31,2,198,6,EXECUTION,0.7860999999999999,0.010000000000000009
431,2121,31,2,198,6,WAIT_SEND,0.7960999999999999,0.0
437,2176,11,3,65,9,EXECUTION,0.7861762939453119,0.010000000000000009
437,2176,11,3,65,9,WAIT_SEND,0.7961762939453119,0.0
423,2178,3,3,8,9,EXECUTION,0.7866185425269389,0.010000000000000009
423,2178,3,3,8,9,WAIT_SEND,0.7966185425269389,0.0
389,1786,29,0,175,0,WAIT_SEND,0.6451,0.0
389,1786,29,0,175,0,WAIT_RECV,0.7967667572021482,0.06292861022949203
442,2074,15,4,90,7,EXECUTION,0.7466190734863279,0.010000000000000009
442,2074,15,4,90,7,WAIT_SEND,0.756619073486328,0.0
442,2074,15,4,90,7,WAIT_RECV,0.7874190734863279,1.9999999999997797E-4
442,2074,15,4,90,7,EXECUTION,0.7874190734863279,0.010000000000000009
442,2074,15,4,90,7,WAIT_SEND,0.7974190734863279,0.0
465,2181,13,4,77,8,EXECUTION,0.787738146972656,0.010000000000000009
465,2181,13,4,77,8,WAIT_SEND,0.797738146972656,0.0
448,2183,14,6,85,9,EXECUTION,0.7898999999999996,0.010000000000000009
448,2183,14,6,85,9,WAIT_SEND,0.7998999999999996,0.0
349,1594,4,1,11,1,EXECUTION,0.5814190734863279,0.05622381469726556
349,1594,4,1,11,1,WAIT_SEND,0.6376428881835935,0.0
349,1594,4,1,11,1,WAIT_RECV,0.7350345680227668,1.9999999999997797E-4
349,1594,4,1,11,1,EXECUTION,0.7350345680227668,0.06499523745277669
349,1594,4,1,11,1,WAIT_SEND,0.8000298054755435,0.0
380,1834,8,6,46,7,EXECUTION,0.661619073486328,0.06325504718017572
380,1834,8,6,46,7,WAIT_SEND,0.7248741206665037,0.0
380,1834,8,6,46,7,WAIT_RECV,0.7579313411254878,1.9999999999997797E-4
380,1834,8,6,46,7,EXECUTION,0.7579313411254878,0.043003319003836804
380,1834,8,6,46,7,WAIT_SEND,0.8009346601293246,0.0
349,1587,3,0,5,0,WAIT_SEND,0.5801,0.0
349,1587,3,0,5,0,WAIT_RECV,0.8013488789618715,0.0013190734863279818
391,1800,13,0,73,0,WAIT_SEND,0.6501,0.0
391,1800,13,0,73,0,WAIT_RECV,0.801757220458984,0.06292861022949203
452,2135,16,3,95,6,EXECUTION,0.771819073486328,0.010000000000000009
452,2135,16,3,95,6,WAIT_SEND,0.781819073486328,0.0
452,2135,16,3,95,6,WAIT_RECV,0.7922190734863279,1.9999999999997797E-4
452,2135,16,3,95,6,EXECUTION,0.7922190734863279,0.010000000000000009
452,2135,16,3,95,6,WAIT_SEND,0.8022190734863279,0.0
456,2193,26,4,163,9,EXECUTION,0.7931381469726559,0.010000000000000009
456,2193,26,4,163,9,WAIT_SEND,0.803138146972656,0.0
393,1815,30,1,186,1,EXECUTION,0.656419073486328,0.02999364217122391
393,1815,30,1,186,1,WAIT_SEND,0.6864127156575519,0.0
393,1815,30,1,186,1,WAIT_RECV,0.7398508626302078,1.9999999999997797E-4
393,1815,30,1,186,1,EXECUTION,0.7398508626302078,0.06473863152397996
393,1815,30,1,186,1,WAIT_SEND,0.8045894941541878,0.0
364,1937,32,2,206,7,EXECUTION,0.6973694547673327,0.031091093906615352
364,1937,32,2,206,7,WAIT_SEND,0.728460548673948,0.0
364,1937,32,2,206,7,WAIT_RECV,0.7731381469726559,0.0014043165127428647
364,1937,32,2,206,7,EXECUTION,0.7731381469726559,0.0320568364776298
364,1937,32,2,206,7,WAIT_SEND,0.8051949834502857,0.0
392,1805,22,1,137,1,EXECUTION,0.651419073486328,0.041529768371581954
392,1805,22,1,137,1,WAIT_SEND,0.69294884185791,0.0
392,1805,22,1,137,1,WAIT_RECV,0.7463869888305659,0.0013190734863279818
392,1805,22,1,137,1,EXECUTION,0.7463869888305659,0.059058327128092114
392,1805,22,1,137,1,WAIT_SEND,0.805445315958658,0.0
393,1810,26,0,159,0,WAIT_SEND,0.6551,0.0
393,1810,26,0,159,0,WAIT_RECV,0.8059085676405158,0.0013190734863279818
344,1557,4,1,11,1,EXECUTION,0.5703,0.05295466613769528
344,1557,4,1,11,1,WAIT_SEND,0.6232546661376953,0.0
344,1557,4,1,11,1,WAIT_RECV,0.7402903303324654,1.9999999999997797E-4
344,1557,4,1,11,1,EXECUTION,0.7402903303324654,0.06593313196574757
344,1557,4,1,11,1,WAIT_SEND,0.806223462298213,0.0
431,2095,31,4,200,7,EXECUTION,0.7555,0.010000000000000009
431,2095,31,4,200,7,WAIT_SEND,0.7655,0.0
431,2095,31,4,200,7,WAIT_RECV,0.7962999999999999,1.9999999999997797E-4
431,2095,31,4,200,7,EXECUTION,0.7962999999999999,0.010000000000000009
431,2095,31,4,200,7,WAIT_SEND,0.8062999999999999,0.0
344,1554,4,0,10,0,WAIT_SEND,0.5701,0.0
344,1554,4,0,10,0,WAIT_RECV,0.8064234622982129,1.9999999999997797E-4
392,1802,23,0,139,0,WAIT_SEND,0.6501,0.0
392,1802,23,0,139,0,WAIT_RECV,0.806764389444986,0.0013190734863279818
447,2210,25,5,156,9,EXECUTION,0.797019073486328,0.010000000000000009
447,2210,25,5,156,9,WAIT_SEND,0.807019073486328,0.0
437,2142,13,2,75,6,EXECUTION,0.7748572204589839,0.010000000000000009
437,2142,13,2,75,6,WAIT_SEND,0.7848572204589839,0.0
437,2142,13,2,75,6,WAIT_RECV,0.7974953674316398,0.0013190734863279818
437,2142,13,2,75,6,EXECUTION,0.7974953674316398,0.010000000000000009
437,2142,13,2,75,6,WAIT_SEND,0.8074953674316399,0.0
422,1945,17,1,101,1,EXECUTION,0.7003,0.009999999999999898
422,1945,17,1,101,1,WAIT_SEND,0.7102999999999999,0.0
422,1945,17,1,101,1,WAIT_RECV,0.7675223429361971,0.0013190734863279818
422,1945,17,1,101,1,EXECUTION,0.7675223429361971,0.040000000000000036
422,1945,17,1,101,1,WAIT_SEND,0.8075223429361972,0.0
429,2024,19,1,122,7,EXECUTION,0.7254999999999999,0.020000000000000018
429,2024,19,1,122,7,WAIT_SEND,0.7454999999999999,0.0
429,2024,19,1,122,7,WAIT_RECV,0.7785381469726559,1.9999999999997797E-4
429,2024,19,1,122,7,EXECUTION,0.7785381469726559,0.02901907348632793
429,2024,19,1,122,7,WAIT_SEND,0.8075572204589838,0.0
442,2052,15,1,87,1,EXECUTION,0.736419073486328,0.010000000000000009
442,2052,15,1,87,1,WAIT_SEND,0.746419073486328,0.0
442,2052,15,1,87,1,WAIT_RECV,0.7976190734863279,1.9999999999997797E-4
442,2052,15,1,87,1,EXECUTION,0.7976190734863279,0.010000000000000009
442,2052,15,1,87,1,WAIT_SEND,0.8076190734863279,0.0
422,1942,17,0,100,0,WAIT_SEND,0.7001000000000001,0.0
422,1942,17,0,100,0,WAIT_RECV,0.8077223429361972,1.9999999999997797E-4
423,2148,8,5,45,6,EXECUTION,0.7752994690406109,0.010000000000000009
423,2148,8,5,45,6,WAIT_SEND,0.7852994690406109,0.0
423,2148,8,5,45,6,WAIT_RECV,0.7979376160132668,0.0013190734863279818
423,2148,8,5,45,6,EXECUTION,0.7979376160132668,0.010000000000000009
423,2148,8,5,45,6,WAIT_SEND,0.8079376160132669,0.0
425,2211,9,4,51,9,EXECUTION,0.7989164024827737,0.010000000000000009
425,2211,9,4,51,9,WAIT_SEND,0.8089164024827737,0.0
442,2045,13,0,73,0,WAIT_SEND,0.7351,0.0
442,2045,13,0,73,0,WAIT_RECV,0.8089381469726559,0.0013190734863279818
465,2152,17,2,102,5,EXECUTION,0.776419073486328,0.010000000000000009
465,2152,17,2,102,5,WAIT_SEND,0.786419073486328,0.0
465,2152,17,2,102,5,WAIT_RECV,0.799057220458984,0.0013190734863279818
465,2152,17,2,102,5,EXECUTION,0.799057220458984,0.010000000000000009
465,2152,17,2,102,5,WAIT_SEND,0.809057220458984,0.0
465,2145,10,0,53,0,WAIT_SEND,0.7751,0.0
465,2145,10,0,53,0,WAIT_RECV,0.810376293945312,0.0013190734863279818
365,1674,2,1,1,1,EXECUTION,0.6053,0.07669160505022321
365,1674,2,1,1,1,WAIT_SEND,0.6819916050502232,0.0
365,1674,2,1,1,1,WAIT_RECV,0.7476678989955351,1.9999999999997797E-4
365,1674,2,1,1,1,EXECUTION,0.7476678989955351,0.06366091406878926
365,1674,2,1,1,1,WAIT_SEND,0.8113288130643244,0.0
365,1671,2,0,0,0,WAIT_SEND,0.6051,0.0
365,1671,2,0,0,0,WAIT_RECV,0.8115288130643243,1.9999999999997797E-4
476,2222,5,1,25,8,EXECUTION,0.801619073486328,0.010000000000000009
476,2222,5,1,25,8,WAIT_SEND,0.811619073486328,0.0
433,2034,19,0,121,7,EXECUTION,0.7304999999999999,0.020000000000000018
433,2034,19,0,121,7,WAIT_SEND,0.7505,0.0
433,2034,19,0,121,7,WAIT_RECV,0.7835381469726559,1.9999999999997797E-4
433,2034,19,0,121,7,EXECUTION,0.7835381469726559,0.028459536743163927
433,2034,19,0,121,7,WAIT_SEND,0.8119976837158198,0.0
452,2107,16,4,96,7,EXECUTION,0.761619073486328,0.010000000000000009
452,2107,16,4,96,7,WAIT_SEND,0.771619073486328,0.0
452,2107,16,4,96,7,WAIT_RECV,0.8024190734863279,1.9999999999997797E-4
452,2107,16,4,96,7,EXECUTION,0.8024190734863279,0.010000000000000009
452,2107,16,4,96,7,WAIT_SEND,0.8124190734863279,0.0
450,2194,24,4,150,9,EXECUTION,0.79369768371582,0.019438849100748
450,2194,24,4,150,9,WAIT_SEND,0.813136532816568,0.0
416,2226,9,5,52,9,EXECUTION,0.8033250704707385,0.010000000000000009
416,2226,9,5,52,9,WAIT_SEND,0.8133250704707385,0.0
456,2166,26,1,160,6,EXECUTION,0.782938146972656,0.010000000000000009
456,2166,26,1,160,6,WAIT_SEND,0.792938146972656,0.0
456,2166,26,1,160,6,WAIT_RECV,0.8033381469726559,1.9999999999997797E-4
456,2166,26,1,160,6,EXECUTION,0.8033381469726559,0.010000000000000009
456,2166,26,1,160,6,WAIT_SEND,0.8133381469726559,0.0
411,2199,24,4,150,9,EXECUTION,0.794258834615072,0.019438849100748
411,2199,24,4,150,9,WAIT_SEND,0.81369768371582,0.0
448,2155,14,3,82,6,EXECUTION,0.7796999999999996,0.010000000000000009
448,2155,14,3,82,6,WAIT_SEND,0.7896999999999996,0.0
448,2155,14,3,82,6,WAIT_RECV,0.8000999999999996,1.9999999999997797E-4
448,2155,14,3,82,6,EXECUTION,0.8000999999999996,0.014399999999999635
448,2155,14,3,82,6,WAIT_SEND,0.8144999999999992,0.0
398,1833,30,1,186,1,EXECUTION,0.6614286102294921,0.03500317891438798
398,1833,30,1,186,1,WAIT_SEND,0.69643178914388,0.0
398,1833,30,1,186,1,WAIT_RECV,0.749869936116536,1.9999999999997797E-4
398,1833,30,1,186,1,EXECUTION,0.749869936116536,0.06473863152397996
398,1833,30,1,186,1,WAIT_SEND,0.8146085676405159,0.0
446,2084,30,6,191,7,EXECUTION,0.751619073486328,0.010000000000000009
446,2084,30,6,191,7,WAIT_SEND,0.761619073486328,0.0
446,2084,30,6,191,7,WAIT_RECV,0.7946572204589839,1.9999999999997797E-4
446,2084,30,6,191,7,EXECUTION,0.7946572204589839,0.020000000000000018
446,2084,30,6,191,7,WAIT_SEND,0.8146572204589839,0.0
445,2228,16,7,99,9,EXECUTION,0.8047595367431638,0.010000000000000009
445,2228,16,7,99,9,WAIT_SEND,0.8147595367431638,0.0
361,1656,4,1,11,1,EXECUTION,0.6003,0.05999999999999994
361,1656,4,1,11,1,WAIT_SEND,0.6602999999999999,0.0
361,1656,4,1,11,1,WAIT_RECV,0.7494798862273564,1.9999999999997797E-4
361,1656,4,1,11,1,EXECUTION,0.7494798862273564,0.06593313196574757
361,1656,4,1,11,1,WAIT_SEND,0.815413018193104,0.0
366,1694,2,1,1,1,EXECUTION,0.611419073486328,0.07938833308144211
366,1694,2,1,1,1,WAIT_SEND,0.6908074065677701,0.0
366,1694,2,1,1,1,WAIT_RECV,0.754245553540426,1.9999999999997797E-4
366,1694,2,1,1,1,EXECUTION,0.754245553540426,0.061194293614455164
366,1694,2,1,1,1,WAIT_SEND,0.8154398471548812,0.0
361,1653,4,0,10,0,WAIT_SEND,0.6001,0.0
361,1653,4,0,10,0,WAIT_RECV,0.815613018193104,1.9999999999997797E-4
398,1827,27,0,165,0,WAIT_SEND,0.6601,0.0
398,1827,27,0,165,0,WAIT_RECV,0.815985830688476,0.0013772630479600423
438,2236,3,4,9,9,EXECUTION,0.8066584038040717,0.010000000000000009
438,2236,3,4,9,9,WAIT_SEND,0.8166584038040717,0.0
366,1687,3,0,5,0,WAIT_SEND,0.6101,0.0
366,1687,3,0,5,0,WAIT_RECV,0.8168584038040717,0.00141855664919055
437,2111,13,3,76,7,EXECUTION,0.7631111714680986,0.011546048990885294
437,2111,13,3,76,7,WAIT_SEND,0.7746572204589839,0.0
437,2111,13,3,76,7,WAIT_RECV,0.8076953674316398,1.9999999999997797E-4
437,2111,13,3,76,7,EXECUTION,0.8076953674316398,0.010000000000000009
437,2111,13,3,76,7,WAIT_SEND,0.8176953674316398,0.0
431,1989,31,1,197,1,EXECUTION,0.7152999999999999,0.040000000000000036
431,1989,31,1,197,1,WAIT_SEND,0.7553,0.0
431,1989,31,1,197,1,WAIT_RECV,0.8064999999999999,1.9999999999997797E-4
431,1989,31,1,197,1,EXECUTION,0.8064999999999999,0.011199999999999877
431,1989,31,1,197,1,WAIT_SEND,0.8176999999999998,0.0
431,1986,31,0,196,0,WAIT_SEND,0.7151,0.0
431,1986,31,0,196,0,WAIT_RECV,0.8178999999999997,1.9999999999997797E-4
436,2239,33,4,211,9,EXECUTION,0.8083284172058102,0.010000000000000009
436,2239,33,4,211,9,WAIT_SEND,0.8183284172058102,0.0
413,2240,9,3,50,9,EXECUTION,0.8096276138108761,0.010000000000000009
413,2240,9,3,50,9,WAIT_SEND,0.8196276138108761,0.0
401,1897,8,6,46,7,EXECUTION,0.6855,0.06078541314335528
401,1897,8,6,46,7,WAIT_SEND,0.7462854131433553,0.0
401,1897,8,6,46,7,WAIT_RECV,0.7793235601160112,1.9999999999997797E-4
401,1897,8,6,46,7,EXECUTION,0.7793235601160112,0.04038288065958173
401,1897,8,6,46,7,WAIT_SEND,0.819706440775593,0.0
447,2174,19,6,119,6,EXECUTION,0.7857,0.010000000000000009
447,2174,19,6,119,6,WAIT_SEND,0.7957,0.0
447,2174,19,6,119,6,WAIT_RECV,0.8083381469726559,0.0013190734863279818
447,2174,19,6,119,6,EXECUTION,0.8083381469726559,0.013038146972655928
447,2174,19,6,119,6,WAIT_SEND,0.8213762939453119,0.0
395,1812,24,1,147,1,EXECUTION,0.6553,0.010000000000000009
395,1812,24,1,147,1,WAIT_SEND,0.6653,0.0
395,1812,24,1,147,1,WAIT_RECV,0.7751408130900083,1.9999999999997797E-4
395,1812,24,1,147,1,EXECUTION,0.7751408130900083,0.04642040654500412
395,1812,24,1,147,1,WAIT_SEND,0.8215612196350124,0.0
404,1858,15,0,86,0,WAIT_SEND,0.6701,0.0
404,1858,15,0,86,0,WAIT_RECV,0.821757220458984,0.06292861022949203
395,1809,24,0,146,0,WAIT_SEND,0.6551,0.0
395,1809,24,0,146,0,WAIT_RECV,0.8217612196350124,1.9999999999997797E-4
476,2190,5,3,19,5,EXECUTION,0.791419073486328,0.010000000000000009
476,2190,5,3,19,5,WAIT_SEND,0.801419073486328,0.0
476,2190,5,3,19,5,WAIT_RECV,0.811819073486328,1.9999999999997797E-4
476,2190,5,3,19,5,EXECUTION,0.811819073486328,0.010000000000000009
476,2190,5,3,19,5,WAIT_SEND,0.821819073486328,0.0
470,2252,10,7,60,9,EXECUTION,0.812019073486328,0.010000000000000009
470,2252,10,7,60,9,WAIT_SEND,0.822019073486328,0.0
476,2185,6,0,29,0,WAIT_SEND,0.7901,0.0
476,2185,6,0,29,0,WAIT_RECV,0.823138146972656,0.0013190734863279818
427,1973,17,1,101,1,EXECUTION,0.7102999999999999,0.021940463256835963
427,1973,17,1,101,1,WAIT_SEND,0.7322404632568359,0.0
427,1973,17,1,101,1,WAIT_RECV,0.7884190734863277,0.0013190734863279818
427,1973,17,1,101,1,EXECUTION,0.7884190734863277,0.034775817362467376
427,1973,17,1,101,1,WAIT_SEND,0.823194890848795,0.0
427,1970,17,0,100,0,WAIT_SEND,0.7101,0.0
427,1970,17,0,100,0,WAIT_RECV,0.823394890848795,1.9999999999997797E-4
449,2268,39,6,234,8,EXECUTION,0.818428610229492,0.0050000000000000044
449,2268,39,6,234,8,WAIT_SEND,0.823428610229492,0.0
456,2137,26,2,161,7,EXECUTION,0.772738146972656,0.010000000000000009
456,2137,26,2,161,7,WAIT_SEND,0.782738146972656,0.0
456,2137,26,2,161,7,WAIT_RECV,0.8135381469726559,1.9999999999997797E-4
456,2137,26,2,161,7,EXECUTION,0.8135381469726559,0.010000000000000009
456,2137,26,2,161,7,WAIT_SEND,0.8235381469726559,0.0
452,2080,12,3,69,1,EXECUTION,0.7503,0.010000000000000009
452,2080,12,3,69,1,WAIT_SEND,0.7603,0.0
452,2080,12,3,69,1,WAIT_RECV,0.8137381469726559,0.0013190734863279818
452,2080,12,3,69,1,EXECUTION,0.8137381469726559,0.010000000000000009
452,2080,12,3,69,1,WAIT_SEND,0.8237381469726559,0.0
452,2078,12,0,66,0,WAIT_SEND,0.7501,0.0
452,2078,12,0,66,0,WAIT_RECV,0.8239381469726559,1.9999999999997797E-4
373,1721,2,1,1,1,EXECUTION,0.6203,0.08319444444444446
373,1721,2,1,1,1,WAIT_SEND,0.7034944444444444,0.0
373,1721,2,1,1,1,WAIT_RECV,0.7692504146118158,1.9999999999997797E-4
373,1721,2,1,1,1,EXECUTION,0.7692504146118158,0.05551825982588976
373,1721,2,1,1,1,WAIT_SEND,0.8247686744377055,0.0
445,2200,16,2,94,6,EXECUTION,0.7945595367431638,0.010000000000000009
445,2200,16,2,94,6,WAIT_SEND,0.8045595367431638,0.0
445,2200,16,2,94,6,WAIT_RECV,0.8149595367431638,1.9999999999997797E-4
445,2200,16,2,94,6,EXECUTION,0.8149595367431638,0.010000000000000009
445,2200,16,2,94,6,WAIT_SEND,0.8249595367431638,0.0
373,1718,2,0,0,0,WAIT_SEND,0.6201,0.0
373,1718,2,0,0,0,WAIT_RECV,0.8249686744377055,1.9999999999997797E-4
439,2263,33,3,210,9,EXECUTION,0.8153284172058102,0.010000000000000009
439,2263,33,3,210,9,WAIT_SEND,0.8253284172058102,0.0
469,2264,16,6,98,9,EXECUTION,0.815457220458984,0.010000000000000009
469,2264,16,6,98,9,WAIT_SEND,0.825457220458984,0.0
446,2061,29,3,178,1,EXECUTION,0.7403,0.010000000000000009
446,2061,29,3,178,1,WAIT_SEND,0.7503,0.0
446,2061,29,3,178,1,WAIT_RECV,0.815985830688476,0.0013286102294920443
446,2061,29,3,178,1,EXECUTION,0.815985830688476,0.010000000000000009
446,2061,29,3,178,1,WAIT_SEND,0.825985830688476,0.0
446,2058,29,0,175,0,WAIT_SEND,0.7401,0.0
446,2058,29,0,175,0,WAIT_RECV,0.826185830688476,1.9999999999997797E-4
438,2208,3,1,6,6,EXECUTION,0.7964584038040717,0.010000000000000009
438,2208,3,1,6,6,WAIT_SEND,0.8064584038040717,0.0
438,2208,3,1,6,6,WAIT_RECV,0.8168584038040717,1.9999999999997797E-4
438,2208,3,1,6,6,EXECUTION,0.8168584038040717,0.010000000000000009
438,2208,3,1,6,6,WAIT_SEND,0.8268584038040717,0.0
371,1705,6,1,30,1,EXECUTION,0.6153,0.022499999999999964
371,1705,6,1,30,1,WAIT_SEND,0.6377999999999999,0.0
371,1705,6,1,30,1,WAIT_RECV,0.779482764226971,0.0013190734863279818
371,1705,6,1,30,1,EXECUTION,0.779482764226971,0.04759138211348557
371,1705,6,1,30,1,WAIT_SEND,0.8270741463404566,0.0
371,1701,6,0,29,0,WAIT_SEND,0.6151,0.0
371,1701,6,0,29,0,WAIT_RECV,0.8272741463404566,1.9999999999997797E-4
429,1988,19,2,115,1,EXECUTION,0.7152999999999999,0.010000000000000009
429,1988,19,2,115,1,WAIT_SEND,0.7253,0.0
429,1988,19,2,115,1,WAIT_RECV,0.8077572204589838,1.9999999999997797E-4
429,1988,19,2,115,1,EXECUTION,0.8077572204589838,0.020000000000000018
429,1988,19,2,115,1,WAIT_SEND,0.8277572204589838,0.0
429,1985,19,0,113,0,WAIT_SEND,0.7151,0.0
429,1985,19,0,113,0,WAIT_RECV,0.8279572204589838,1.9999999999997797E-4
381,2005,32,2,206,7,EXECUTION,0.721782634319623,0.030000000000000027
381,2005,32,2,206,7,WAIT_SEND,0.751782634319623,0.0
381,2005,32,2,206,7,WAIT_RECV,0.796374989591916,0.0013190734863279818
381,2005,32,2,206,7,EXECUTION,0.796374989591916,0.03220499846459246
381,2005,32,2,206,7,WAIT_SEND,0.8285799880565085,0.0
449,2254,39,5,225,5,EXECUTION,0.813228610229492,0.0050000000000000044
449,2254,39,5,225,5,WAIT_SEND,0.818228610229492,0.0
449,2254,39,5,225,5,WAIT_RECV,0.823628610229492,1.9999999999997797E-4
449,2254,39,5,225,5,EXECUTION,0.823628610229492,0.0050000000000000044
449,2254,39,5,225,5,WAIT_SEND,0.828628610229492,0.0
420,2127,4,2,12,6,EXECUTION,0.7700399864419941,0.014101333219338485
420,2127,4,2,12,6,WAIT_SEND,0.7841413196613326,0.0
420,2127,4,2,12,6,WAIT_RECV,0.7967794666339886,0.0013190734863279818
420,2127,4,2,12,6,EXECUTION,0.7967794666339886,0.031992685463439585
420,2127,4,2,12,6,WAIT_SEND,0.8287721520974282,0.0
433,2001,19,3,116,1,EXECUTION,0.7202999999999999,0.010000000000000009
433,2001,19,3,116,1,WAIT_SEND,0.7303,0.0
433,2001,19,3,116,1,WAIT_RECV,0.8121976837158198,1.9999999999997797E-4
433,2001,19,3,116,1,EXECUTION,0.8121976837158198,0.01689768371581979
433,2001,19,3,116,1,WAIT_SEND,0.8290953674316396,0.0
433,1998,19,0,113,0,WAIT_SEND,0.7201,0.0
433,1998,19,0,113,0,WAIT_RECV,0.8292953674316396,1.9999999999997797E-4
441,2269,6,4,33,9,EXECUTION,0.8195838915095327,0.010000000000000009
441,2269,6,4,33,9,WAIT_SEND,0.8295838915095327,0.0
436,2209,30,4,189,6,EXECUTION,0.7970093437194822,0.010000000000000009
436,2209,30,4,189,6,WAIT_SEND,0.8070093437194822,0.0
436,2209,30,4,189,6,WAIT_RECV,0.8196474906921382,0.0013190734863279818
436,2209,30,4,189,6,EXECUTION,0.8196474906921382,0.010000000000000009
436,2209,30,4,189,6,WAIT_SEND,0.8296474906921382,0.0
471,2273,14,6,85,9,EXECUTION,0.8202999999999996,0.010000000000000009
471,2273,14,6,85,9,WAIT_SEND,0.8302999999999996,0.0
475,2276,5,2,26,9,EXECUTION,0.8209,0.010000000000000009
475,2276,5,2,26,9,WAIT_SEND,0.8309,0.0
474,2277,18,5,111,9,EXECUTION,0.8209,0.010000000000000009
474,2277,18,5,111,9,WAIT_SEND,0.8309,0.0
407,1871,30,1,186,1,EXECUTION,0.676419073486328,0.040000000000000036
407,1871,30,1,186,1,WAIT_SEND,0.716419073486328,0.0
407,1871,30,1,186,1,WAIT_RECV,0.769857220458984,1.9999999999997797E-4
407,1871,30,1,186,1,EXECUTION,0.769857220458984,0.061600345052083116
407,1871,30,1,186,1,WAIT_SEND,0.8314575655110671,0.0
462,2282,20,7,132,9,EXECUTION,0.822019073486328,0.010000000000000009
462,2282,20,7,132,9,WAIT_SEND,0.832019073486328,0.0
470,2224,10,3,56,6,EXECUTION,0.801819073486328,0.010000000000000009
470,2224,10,3,56,6,WAIT_SEND,0.811819073486328,0.0
470,2224,10,3,56,6,WAIT_RECV,0.822219073486328,1.9999999999997797E-4
470,2224,10,3,56,6,EXECUTION,0.822219073486328,0.010000000000000009
470,2224,10,3,56,6,WAIT_SEND,0.832219073486328,0.0
407,1868,27,0,165,0,WAIT_SEND,0.6751,0.0
407,1868,27,0,165,0,WAIT_RECV,0.8327766389973951,0.0013190734863279818
416,2177,9,2,49,6,EXECUTION,0.7862763421408073,0.01684872832993123
416,2177,9,2,49,6,WAIT_SEND,0.8031250704707386,0.0
416,2177,9,2,49,6,WAIT_RECV,0.8135250704707385,1.9999999999997797E-4
416,2177,9,2,49,6,EXECUTION,0.8135250704707385,0.020000000000000018
416,2177,9,2,49,6,WAIT_SEND,0.8335250704707385,0.0
449,2237,39,7,219,3,EXECUTION,0.808028610229492,0.0050000000000000044
449,2237,39,7,219,3,WAIT_SEND,0.813028610229492,0.0
449,2237,39,7,219,3,WAIT_RECV,0.828828610229492,1.9999999999997797E-4
449,2237,39,7,219,3,EXECUTION,0.828828610229492,0.0050000000000000044
449,2237,39,7,219,3,WAIT_SEND,0.833828610229492,0.0
448,2119,14,4,83,7,EXECUTION,0.7655,0.01399999999999968
448,2119,14,4,83,7,WAIT_SEND,0.7794999999999996,0.0
448,2119,14,4,83,7,WAIT_RECV,0.8146999999999992,1.9999999999997797E-4
448,2119,14,4,83,7,EXECUTION,0.8146999999999992,0.019199999999999218
448,2119,14,4,83,7,WAIT_SEND,0.8338999999999984,0.0
450,2165,19,7,120,6,EXECUTION,0.782378610229492,0.010000000000000009
450,2165,19,7,120,6,WAIT_SEND,0.792378610229492,0.0
450,2165,19,7,120,6,WAIT_RECV,0.8144556063028959,0.0013190734863279818
450,2165,19,7,120,6,EXECUTION,0.8144556063028959,0.020000000000000018
450,2165,19,7,120,6,WAIT_SEND,0.834455606302896,0.0
426,2283,6,3,32,9,EXECUTION,0.8245470056385386,0.010000000000000009
426,2283,6,3,32,9,WAIT_SEND,0.8345470056385386,0.0
456,2106,29,4,179,1,EXECUTION,0.761419073486328,0.010000000000000009
456,2106,29,4,179,1,WAIT_SEND,0.771419073486328,0.0
456,2106,29,4,179,1,WAIT_RECV,0.8248572204589839,0.0013190734863279818
456,2106,29,4,179,1,EXECUTION,0.8248572204589839,0.010000000000000009
456,2106,29,4,179,1,WAIT_SEND,0.8348572204589839,0.0
445,2163,16,5,97,7,EXECUTION,0.781619073486328,0.012740463256835866
445,2163,16,5,97,7,WAIT_SEND,0.7943595367431638,0.0
445,2163,16,5,97,7,WAIT_RECV,0.8251595367431638,1.9999999999997797E-4
445,2163,16,5,97,7,EXECUTION,0.8251595367431638,0.010000000000000009
445,2163,16,5,97,7,WAIT_SEND,0.8351595367431638,0.0
440,2289,33,4,211,9,EXECUTION,0.8253284172058102,0.010000000000000009
440,2289,33,4,211,9,WAIT_SEND,0.8353284172058102,0.0
469,2232,16,3,95,6,EXECUTION,0.805257220458984,0.010000000000000009
469,2232,16,3,95,6,WAIT_SEND,0.815257220458984,0.0
469,2232,16,3,95,6,WAIT_RECV,0.8256572204589839,1.9999999999997797E-4
469,2232,16,3,95,6,EXECUTION,0.8256572204589839,0.010000000000000009
469,2232,16,3,95,6,WAIT_SEND,0.8356572204589839,0.0
456,2103,33,0,207,0,WAIT_SEND,0.7601,0.0
456,2103,33,0,207,0,WAIT_RECV,0.8361762939453119,0.0013190734863279818
439,2227,30,5,190,6,EXECUTION,0.8040093437194822,0.010000000000000009
439,2227,30,5,190,6,WAIT_SEND,0.8140093437194822,0.0
439,2227,30,5,190,6,WAIT_RECV,0.8266474906921382,0.0013190734863279818
439,2227,30,5,190,6,EXECUTION,0.8266474906921382,0.010000000000000009
439,2227,30,5,190,6,WAIT_SEND,0.8366474906921382,0.0
413,2182,9,2,49,6,EXECUTION,0.7894276138108761,0.020000000000000018
413,2182,9,2,49,6,WAIT_SEND,0.8094276138108761,0.0
413,2182,9,2,49,6,WAIT_RECV,0.8198276138108761,1.9999999999997797E-4
413,2182,9,2,49,6,EXECUTION,0.8198276138108761,0.01684872832993123
413,2182,9,2,49,6,WAIT_SEND,0.8366763421408073,0.0
459,2295,18,6,112,9,EXECUTION,0.8296572204589839,0.010000000000000009
459,2295,18,6,112,9,WAIT_SEND,0.8396572204589839,0.0
437,2025,17,1,101,1,EXECUTION,0.726419073486328,0.03537302449544266
437,2025,17,1,101,1,WAIT_SEND,0.7617920979817706,0.0
437,2025,17,1,101,1,WAIT_RECV,0.8190144409179678,0.0013190734863279818
437,2025,17,1,101,1,EXECUTION,0.8190144409179678,0.021393483310275796
437,2025,17,1,101,1,WAIT_SEND,0.8404079242282436,0.0
441,2238,8,3,43,6,EXECUTION,0.8082648180232047,0.010000000000000009
441,2238,8,3,43,6,WAIT_SEND,0.8182648180232047,0.0
441,2238,8,3,43,6,WAIT_RECV,0.8309029649958607,0.0013190734863279818
441,2238,8,3,43,6,EXECUTION,0.8309029649958607,0.010000000000000009
441,2238,8,3,43,6,WAIT_SEND,0.8409029649958607,0.0
423,2023,8,6,46,7,EXECUTION,0.7254999999999999,0.049599469040610966
423,2023,8,6,46,7,WAIT_SEND,0.7750994690406109,0.0
423,2023,8,6,46,7,WAIT_RECV,0.8081376160132668,1.9999999999997797E-4
423,2023,8,6,46,7,EXECUTION,0.8081376160132668,0.03289220619058153
423,2023,8,6,46,7,WAIT_SEND,0.8410298222038484,0.0
458,2302,20,6,131,9,EXECUTION,0.8310381469726559,0.010000000000000009
458,2302,20,6,131,9,WAIT_SEND,0.8410381469726559,0.0
475,2248,5,4,20,6,EXECUTION,0.8107,0.010000000000000009
475,2248,5,4,20,6,WAIT_SEND,0.8207,0.0
475,2248,5,4,20,6,WAIT_RECV,0.8311,1.9999999999997797E-4
475,2248,5,4,20,6,EXECUTION,0.8311,0.010000000000000009
475,2248,5,4,20,6,WAIT_SEND,0.8411,0.0
474,2249,18,2,108,6,EXECUTION,0.8107,0.010000000000000009
474,2249,18,2,108,6,WAIT_SEND,0.8207,0.0
474,2249,18,2,108,6,WAIT_RECV,0.8311,1.9999999999997797E-4
474,2249,18,2,108,6,EXECUTION,0.8311,0.010000000000000009
474,2249,18,2,108,6,WAIT_SEND,0.8411,0.0
430,2303,29,1,184,9,EXECUTION,0.8311162123103744,0.010000000000000009
430,2303,29,1,184,9,WAIT_SEND,0.8411162123103744,0.0
437,2017,10,0,53,0,WAIT_SEND,0.7251,0.0
437,2017,10,0,53,0,WAIT_RECV,0.8417269977145716,0.0013190734863279818
481,2304,31,7,203,9,EXECUTION,0.832019073486328,0.010000000000000009
481,2304,31,7,203,9,WAIT_SEND,0.842019073486328,0.0
401,1846,8,1,41,1,EXECUTION,0.6653,0.020000000000000018
401,1846,8,1,41,1,WAIT_SEND,0.6853,0.0
401,1846,8,1,41,1,WAIT_RECV,0.8199064407755929,1.9999999999997797E-4
401,1846,8,1,41,1,EXECUTION,0.8199064407755929,0.02230322038779653
401,1846,8,1,41,1,WAIT_SEND,0.8422096611633895,0.0
462,2251,20,3,128,6,EXECUTION,0.811819073486328,0.010000000000000009
462,2251,20,3,128,6,WAIT_SEND,0.821819073486328,0.0
462,2251,20,3,128,6,WAIT_RECV,0.832219073486328,1.9999999999997797E-4
462,2251,20,3,128,6,EXECUTION,0.832219073486328,0.010000000000000009
462,2251,20,3,128,6,WAIT_SEND,0.842219073486328,0.0
401,1843,8,0,40,0,WAIT_SEND,0.6651,0.0
401,1843,8,0,40,0,WAIT_RECV,0.8424096611633894,1.9999999999997797E-4
470,2191,10,4,57,7,EXECUTION,0.791619073486328,0.010000000000000009
470,2191,10,4,57,7,WAIT_SEND,0.801619073486328,0.0
470,2191,10,4,57,7,WAIT_RECV,0.8324190734863279,1.9999999999997797E-4
470,2191,10,4,57,7,EXECUTION,0.8324190734863279,0.010000000000000009
470,2191,10,4,57,7,WAIT_SEND,0.8424190734863279,0.0
493,2307,30,1,194,8,EXECUTION,0.8327766389973951,0.010000000000000009
493,2307,30,1,194,8,WAIT_SEND,0.8427766389973951,0.0
417,2309,24,4,150,9,EXECUTION,0.8336485168823246,0.010000000000000009
417,2309,24,4,150,9,WAIT_SEND,0.8436485168823246,0.0
425,2151,4,2,12,6,EXECUTION,0.7759386532226556,0.021658675773790104
425,2151,4,2,12,6,WAIT_SEND,0.7975973289964458,0.0
425,2151,4,2,12,6,WAIT_RECV,0.8102354759691017,0.0013190734863279818
425,2151,4,2,12,6,EXECUTION,0.8102354759691017,0.03357300392290641
425,2151,4,2,12,6,WAIT_SEND,0.8438084798920081,0.0
403,1859,9,1,48,1,EXECUTION,0.6703,0.05191528051757799
403,1859,9,1,48,1,WAIT_SEND,0.722215280517578,0.0
403,1859,9,1,48,1,WAIT_RECV,0.775662964233398,0.0013190734863279818
403,1859,9,1,48,1,EXECUTION,0.775662964233398,0.06999999999999995
403,1859,9,1,48,1,WAIT_SEND,0.8456629642333979,0.0
403,1857,9,0,47,0,WAIT_SEND,0.6701,0.0
403,1857,9,0,47,0,WAIT_RECV,0.8458629642333979,1.9999999999997797E-4
471,2235,14,3,82,6,EXECUTION,0.8057,0.014399999999999635
471,2235,14,3,82,6,WAIT_SEND,0.8200999999999996,0.0
471,2235,14,3,82,6,WAIT_RECV,0.8304999999999996,1.9999999999997797E-4
471,2235,14,3,82,6,EXECUTION,0.8304999999999996,0.015600000000000391
471,2235,14,3,82,6,WAIT_SEND,0.8461,0.0
447,2120,19,0,121,7,EXECUTION,0.7655,0.020000000000000018
447,2120,19,0,121,7,WAIT_SEND,0.7855,0.0
447,2120,19,0,121,7,WAIT_RECV,0.8215762939453118,1.9999999999997797E-4
447,2120,19,0,121,7,EXECUTION,0.8215762939453118,0.024589305114745996
447,2120,19,0,121,7,WAIT_SEND,0.8461655990600578,0.0
440,2255,30,2,187,6,EXECUTION,0.8140093437194822,0.010000000000000009
440,2255,30,2,187,6,WAIT_SEND,0.8240093437194822,0.0
440,2255,30,2,187,6,WAIT_RECV,0.8366474906921382,0.0013190734863279818
440,2255,30,2,187,6,EXECUTION,0.8366474906921382,0.010000000000000009
440,2255,30,2,187,6,WAIT_SEND,0.8466474906921382,0.0
436,2180,30,7,192,7,EXECUTION,0.7868093437194822,0.010000000000000009
436,2180,30,7,192,7,WAIT_SEND,0.7968093437194822,0.0
436,2180,30,7,192,7,WAIT_RECV,0.8298474906921381,1.9999999999997797E-4
436,2180,30,7,192,7,EXECUTION,0.8298474906921381,0.016888380991617713
436,2180,30,7,192,7,WAIT_SEND,0.8467358716837559,0.0
382,1760,22,1,137,1,EXECUTION,0.6353,0.030547593180338617
382,1760,22,1,137,1,WAIT_SEND,0.6658475931803386,0.0
382,1760,22,1,137,1,WAIT_RECV,0.7851480491943376,0.0013190734863279818
382,1760,22,1,137,1,EXECUTION,0.7851480491943376,0.06159393283226333
382,1760,22,1,137,1,WAIT_SEND,0.8467419820266009,0.0
418,1928,24,0,146,0,WAIT_SEND,0.6951,0.0
418,1928,24,0,146,0,WAIT_RECV,0.8467572204589842,0.06292861022949203
439,2195,30,0,193,7,EXECUTION,0.7938093437194822,0.010000000000000009
439,2195,30,0,193,7,WAIT_SEND,0.8038093437194822,0.0
439,2195,30,0,193,7,WAIT_RECV,0.8368474906921382,1.9999999999997797E-4
439,2195,30,0,193,7,EXECUTION,0.8368474906921382,0.010000000000000009
439,2195,30,0,193,7,WAIT_SEND,0.8468474906921382,0.0
382,1758,22,0,136,0,WAIT_SEND,0.6351,0.0
382,1758,22,0,136,0,WAIT_RECV,0.8469419820266009,1.9999999999997797E-4
435,2320,31,6,202,9,EXECUTION,0.8369684909524961,0.010000000000000009
435,2320,31,6,202,9,WAIT_SEND,0.8469684909524962,0.0
469,2197,11,2,64,7,EXECUTION,0.793938146972656,0.010000000000000009
469,2197,11,2,64,7,WAIT_SEND,0.803938146972656,0.0
469,2197,11,2,64,7,WAIT_RECV,0.8369762939453119,0.0013190734863279818
469,2197,11,2,64,7,EXECUTION,0.8369762939453119,0.010000000000000009
469,2197,11,2,64,7,WAIT_SEND,0.8469762939453119,0.0
438,2147,2,3,3,7,EXECUTION,0.7751393303177437,0.020000000000000018
438,2147,2,3,3,7,WAIT_SEND,0.7951393303177438,0.0
438,2147,2,3,3,7,WAIT_RECV,0.8281774772903997,0.0013190734863279818
438,2147,2,3,3,7,EXECUTION,0.8281774772903997,0.020000000000000018
438,2147,2,3,3,7,WAIT_SEND,0.8481774772903997,0.0
445,2059,17,1,101,1,EXECUTION,0.7403,0.040000000000000036
445,2059,17,1,101,1,WAIT_SEND,0.7803,0.0
445,2059,17,1,101,1,WAIT_RECV,0.8364786102294918,0.0013190734863279818
445,2059,17,1,101,1,EXECUTION,0.8364786102294918,0.011964656999375878
445,2059,17,1,101,1,WAIT_SEND,0.8484432672288676,0.0
445,2056,17,0,100,0,WAIT_SEND,0.7401,0.0
445,2056,17,0,100,0,WAIT_RECV,0.8486432672288676,1.9999999999997797E-4
402,1862,9,1,48,1,EXECUTION,0.671419073486328,0.05247481726074199
402,1862,9,1,48,1,WAIT_SEND,0.72389389074707,0.0
402,1862,9,1,48,1,WAIT_RECV,0.7796335144042963,0.0013190734863279818
402,1862,9,1,48,1,EXECUTION,0.7796335144042963,0.06943277854701457
402,1862,9,1,48,1,WAIT_SEND,0.8490662929513109,0.0
402,1856,3,0,5,0,WAIT_SEND,0.6701,0.0
402,1856,3,0,5,0,WAIT_RECV,0.8503853664376388,0.0013190734863279818
459,2259,19,6,119,6,EXECUTION,0.8153,0.013038146972655928
459,2259,19,6,119,6,WAIT_SEND,0.828338146972656,0.0
459,2259,19,6,119,6,WAIT_RECV,0.8409762939453119,0.0013190734863279818
459,2259,19,6,119,6,EXECUTION,0.8409762939453119,0.010000000000000009
459,2259,19,6,119,6,WAIT_SEND,0.8509762939453119,0.0
475,2219,5,7,23,7,EXECUTION,0.8005,0.010000000000000009
475,2219,5,7,23,7,WAIT_SEND,0.8105,0.0
475,2219,5,7,23,7,WAIT_RECV,0.8412999999999999,1.9999999999997797E-4
475,2219,5,7,23,7,EXECUTION,0.8412999999999999,0.010000000000000009
475,2219,5,7,23,7,WAIT_SEND,0.8513,0.0
430,2278,29,6,181,6,EXECUTION,0.8209162123103744,0.010000000000000009
430,2278,29,6,181,6,WAIT_SEND,0.8309162123103744,0.0
430,2278,29,6,181,6,WAIT_RECV,0.8413162123103743,1.9999999999997797E-4
430,2278,29,6,181,6,EXECUTION,0.8413162123103743,0.010000000000000009
430,2278,29,6,181,6,WAIT_SEND,0.8513162123103744,0.0
481,2281,31,3,199,6,EXECUTION,0.821819073486328,0.010000000000000009
481,2281,31,3,199,6,WAIT_SEND,0.831819073486328,0.0
481,2281,31,3,199,6,WAIT_RECV,0.842219073486328,1.9999999999997797E-4
481,2281,31,3,199,6,EXECUTION,0.842219073486328,0.010000000000000009
481,2281,31,3,199,6,WAIT_SEND,0.852219073486328,0.0
458,2242,19,7,120,6,EXECUTION,0.8097190734863279,0.020000000000000018
458,2242,19,7,120,6,WAIT_SEND,0.8297190734863279,0.0
458,2242,19,7,120,6,WAIT_RECV,0.8423572204589839,0.0013190734863279818
458,2242,19,7,120,6,EXECUTION,0.8423572204589839,0.010000000000000009
458,2242,19,7,120,6,WAIT_SEND,0.8523572204589839,0.0
462,2223,20,4,129,7,EXECUTION,0.801619073486328,0.010000000000000009
462,2223,20,4,129,7,WAIT_SEND,0.811619073486328,0.0
462,2223,20,4,129,7,WAIT_RECV,0.8424190734863279,1.9999999999997797E-4
462,2223,20,4,129,7,EXECUTION,0.8424190734863279,0.010000000000000009
462,2223,20,4,129,7,WAIT_SEND,0.852419073486328,0.0
413,2134,2,3,3,7,EXECUTION,0.7716239353211459,0.01648460500340221
413,2134,2,3,3,7,WAIT_SEND,0.7881085403245481,0.0
413,2134,2,3,3,7,WAIT_RECV,0.8379954156271353,0.0013190734863279818
413,2134,2,3,3,7,EXECUTION,0.8379954156271353,0.015091030831632213
413,2134,2,3,3,7,WAIT_SEND,0.8530864464587675,0.0
470,2160,12,1,67,1,EXECUTION,0.7803,0.010000000000000009
470,2160,12,1,67,1,WAIT_SEND,0.7903,0.0
470,2160,12,1,67,1,WAIT_RECV,0.8437381469726559,0.0013190734863279818
470,2160,12,1,67,1,EXECUTION,0.8437381469726559,0.010000000000000009
470,2160,12,1,67,1,WAIT_SEND,0.8537381469726559,0.0
470,2158,12,0,66,0,WAIT_SEND,0.7801,0.0
470,2158,12,0,66,0,WAIT_RECV,0.8539381469726559,1.9999999999997797E-4
493,2280,27,1,166,5,EXECUTION,0.821419073486328,0.010000000000000009
493,2280,27,1,166,5,WAIT_SEND,0.831419073486328,0.0
493,2280,27,1,166,5,WAIT_RECV,0.8440957124837231,0.0013190734863279818
493,2280,27,1,166,5,EXECUTION,0.8440957124837231,0.010000000000000009
493,2280,27,1,166,5,WAIT_SEND,0.8540957124837231,0.0
448,2070,14,1,80,1,EXECUTION,0.7453,0.020000000000000018
448,2070,14,1,80,1,WAIT_SEND,0.7653,0.0
448,2070,14,1,80,1,WAIT_RECV,0.8340999999999984,1.9999999999997797E-4
448,2070,14,1,80,1,EXECUTION,0.8340999999999984,0.020000000000000018
448,2070,14,1,80,1,WAIT_SEND,0.8540999999999984,0.0
448,2067,14,0,79,0,WAIT_SEND,0.7451,0.0
448,2067,14,0,79,0,WAIT_RECV,0.8542999999999984,1.9999999999997797E-4
416,2143,2,2,2,7,EXECUTION,0.7749572686544793,0.010000000000000009
416,2143,2,2,2,7,WAIT_SEND,0.7849572686544793,0.0
416,2143,2,2,2,7,WAIT_RECV,0.8348441439570665,0.0013190734863279818
416,2143,2,2,2,7,EXECUTION,0.8348441439570665,0.020000000000000018
416,2143,2,2,2,7,WAIT_SEND,0.8548441439570665,0.0
380,1751,6,1,30,1,EXECUTION,0.6303,0.030000000000000027
380,1751,6,1,30,1,WAIT_SEND,0.6603,0.0
380,1751,6,1,30,1,WAIT_RECV,0.8022537336156526,0.0013190734863279818
380,1751,6,1,30,1,EXECUTION,0.8022537336156526,0.052795691056742755
380,1751,6,1,30,1,WAIT_SEND,0.8550494246723953,0.0
380,1748,6,0,29,0,WAIT_SEND,0.6301,0.0
380,1748,6,0,29,0,WAIT_RECV,0.8552494246723953,1.9999999999997797E-4
493,2272,29,0,175,0,WAIT_SEND,0.8201,0.0
493,2272,29,0,175,0,WAIT_RECV,0.855414785970051,0.0013190734863279818
453,2343,3,3,8,9,EXECUTION,0.8459747126817487,0.010000000000000009
453,2343,3,3,8,9,WAIT_SEND,0.8559747126817487,0.0
454,2344,2,4,4,9,EXECUTION,0.8459980367984743,0.010000000000000009
454,2344,2,4,4,9,WAIT_SEND,0.8559980367984743,0.0
447,2071,19,4,117,1,EXECUTION,0.7453,0.020000000000000018
447,2071,19,4,117,1,WAIT_SEND,0.7653,0.0
447,2071,19,4,117,1,WAIT_RECV,0.8463655990600578,1.9999999999997797E-4
447,2071,19,4,117,1,EXECUTION,0.8463655990600578,0.010000000000000009
447,2071,19,4,117,1,WAIT_SEND,0.8563655990600578,0.0
447,2068,19,0,113,0,WAIT_SEND,0.7451,0.0
447,2068,19,0,113,0,WAIT_RECV,0.8565655990600578,1.9999999999997797E-4
424,1959,31,0,196,0,WAIT_SEND,0.7051,0.0
424,1959,31,0,196,0,WAIT_RECV,0.856757220458984,0.06292861022949203
440,2196,30,6,191,7,EXECUTION,0.7938093437194822,0.020000000000000018
440,2196,30,6,191,7,WAIT_SEND,0.8138093437194822,0.0
440,2196,30,6,191,7,WAIT_RECV,0.8469358716837558,2.8838099161765385E-4
440,2196,30,6,191,7,EXECUTION,0.8469358716837558,0.010000000000000009
440,2196,30,6,191,7,WAIT_SEND,0.8569358716837558,0.0
489,2346,31,7,203,9,EXECUTION,0.8471684909524961,0.010000000000000009
489,2346,31,7,203,9,WAIT_SEND,0.8571684909524961,0.0
469,2159,11,1,63,1,EXECUTION,0.7803,0.013438146972655995
469,2159,11,1,63,1,WAIT_SEND,0.793738146972656,0.0
469,2159,11,1,63,1,WAIT_RECV,0.8471762939453119,1.9999999999997797E-4
469,2159,11,1,63,1,EXECUTION,0.8471762939453119,0.010000000000000009
469,2159,11,1,63,1,WAIT_SEND,0.8571762939453119,0.0
469,2157,11,0,62,0,WAIT_SEND,0.7801,0.0
469,2157,11,0,62,0,WAIT_RECV,0.8573762939453119,1.9999999999997797E-4
435,2291,27,2,167,6,EXECUTION,0.8256494174661682,0.010000000000000009
435,2291,27,2,167,6,WAIT_SEND,0.8356494174661682,0.0
435,2291,27,2,167,6,WAIT_RECV,0.8482875644388241,0.0013190734863279818
435,2291,27,2,167,6,EXECUTION,0.8482875644388241,0.010000000000000009
435,2291,27,2,167,6,WAIT_SEND,0.8582875644388241,0.0
411,2167,24,2,148,6,EXECUTION,0.784058834615072,0.010000000000000009
411,2167,24,2,148,6,WAIT_SEND,0.794058834615072,0.0
411,2167,24,2,148,6,WAIT_RECV,0.8138976837158199,1.9999999999997797E-4
411,2167,24,2,148,6,EXECUTION,0.8138976837158199,0.044462137353549314
411,2167,24,2,148,6,WAIT_SEND,0.8583598210693693,0.0
468,2367,39,7,235,8,EXECUTION,0.8534286102294921,0.0050000000000000044
468,2367,39,7,235,8,WAIT_SEND,0.8584286102294921,0.0
506,2356,19,2,123,8,EXECUTION,0.8504999999999999,0.010000000000000009
506,2356,19,2,123,8,WAIT_SEND,0.8604999999999999,0.0
477,2357,14,6,85,9,EXECUTION,0.8506999999999996,0.010000000000000009
477,2357,14,6,85,9,WAIT_SEND,0.8606999999999996,0.0
492,2359,5,3,27,9,EXECUTION,0.8509,0.010000000000000009
492,2359,5,3,27,9,WAIT_SEND,0.8609,0.0
423,1960,8,2,42,1,EXECUTION,0.7052999999999999,0.020000000000000018
423,1960,8,2,42,1,WAIT_SEND,0.7253,0.0
423,1960,8,2,42,1,WAIT_RECV,0.8412298222038483,1.9999999999997797E-4
423,1960,8,2,42,1,EXECUTION,0.8412298222038483,0.020000000000000018
423,1960,8,2,42,1,WAIT_SEND,0.8612298222038484,0.0
474,2220,18,4,110,7,EXECUTION,0.8005,0.010000000000000009
474,2220,18,4,110,7,WAIT_SEND,0.8105,0.0
474,2220,18,4,110,7,WAIT_RECV,0.8412999999999999,1.9999999999997797E-4
474,2220,18,4,110,7,EXECUTION,0.8412999999999999,0.020000000000000018
474,2220,18,4,110,7,WAIT_SEND,0.8613,0.0
423,1957,8,0,40,0,WAIT_SEND,0.7051,0.0
423,1957,8,0,40,0,WAIT_RECV,0.8614298222038483,1.9999999999997797E-4
475,2187,5,1,17,1,EXECUTION,0.7903,0.010000000000000009
475,2187,5,1,17,1,WAIT_SEND,0.8003,0.0
475,2187,5,1,17,1,WAIT_RECV,0.8514999999999999,1.9999999999997797E-4
475,2187,5,1,17,1,EXECUTION,0.8514999999999999,0.010000000000000009
475,2187,5,1,17,1,WAIT_SEND,0.8614999999999999,0.0
475,2184,5,0,16,0,WAIT_SEND,0.7901,0.0
475,2184,5,0,16,0,WAIT_RECV,0.8616999999999999,1.9999999999997797E-4
457,2364,5,4,28,9,EXECUTION,0.8531136317491314,0.010000000000000009
457,2364,5,4,28,9,WAIT_SEND,0.8631136317491314,0.0
473,2384,39,5,233,8,EXECUTION,0.858428610229492,0.0050000000000000044
473,2384,39,5,233,8,WAIT_SEND,0.863428610229492,0.0
468,2348,39,6,226,5,EXECUTION,0.8482286102294921,0.0050000000000000044
468,2348,39,6,226,5,WAIT_SEND,0.8532286102294921,0.0
468,2348,39,6,226,5,WAIT_RECV,0.8586286102294921,1.9999999999997797E-4
468,2348,39,6,226,5,EXECUTION,0.8586286102294921,0.0050000000000000044
468,2348,39,6,226,5,WAIT_SEND,0.8636286102294921,0.0
481,2250,31,5,201,7,EXECUTION,0.811619073486328,0.010000000000000009
481,2250,31,5,201,7,WAIT_SEND,0.821619073486328,0.0
481,2250,31,5,201,7,WAIT_RECV,0.852419073486328,1.9999999999997797E-4
481,2250,31,5,201,7,EXECUTION,0.852419073486328,0.011919073486328036
481,2250,31,5,201,7,WAIT_SEND,0.864338146972656,0.0
420,2100,4,4,14,7,EXECUTION,0.7598399864419941,0.010000000000000009
420,2100,4,4,14,7,WAIT_SEND,0.7698399864419941,0.0
420,2100,4,4,14,7,WAIT_RECV,0.8289721520974281,1.9999999999997797E-4
420,2100,4,4,14,7,EXECUTION,0.8289721520974281,0.035784359537033406
420,2100,4,4,14,7,WAIT_SEND,0.8647565116344615,0.0
471,2207,14,5,84,7,EXECUTION,0.7955,0.010000000000000009
471,2207,14,5,84,7,WAIT_SEND,0.8055,0.0
471,2207,14,5,84,7,WAIT_RECV,0.8462999999999999,1.9999999999997797E-4
471,2207,14,5,84,7,EXECUTION,0.8462999999999999,0.019680926513671926
471,2207,14,5,84,7,WAIT_SEND,0.8659809265136719,0.0
453,2318,3,1,6,6,EXECUTION,0.8357747126817487,0.010000000000000009
453,2318,3,1,6,6,WAIT_SEND,0.8457747126817488,0.0
453,2318,3,1,6,6,WAIT_RECV,0.8561747126817487,1.9999999999997797E-4
453,2318,3,1,6,6,EXECUTION,0.8561747126817487,0.010000000000000009
453,2318,3,1,6,6,WAIT_SEND,0.8661747126817487,0.0
364,1676,32,1,205,1,EXECUTION,0.6053,0.09186945476733277
364,1676,32,1,205,1,WAIT_SEND,0.6971694547673327,0.0
364,1676,32,1,205,1,WAIT_RECV,0.8053949834502857,1.9999999999997797E-4
364,1676,32,1,205,1,EXECUTION,0.8053949834502857,0.061342704355885735
364,1676,32,1,205,1,WAIT_SEND,0.8667376878061714,0.0
434,2360,24,4,150,9,EXECUTION,0.8515076789154061,0.015261021853604007
434,2360,24,4,150,9,WAIT_SEND,0.8667687007690101,0.0
364,1673,32,0,204,0,WAIT_SEND,0.6051,0.0
364,1673,32,0,204,0,WAIT_RECV,0.8669376878061714,1.9999999999997797E-4
443,2381,2,4,4,9,EXECUTION,0.8573620753402698,0.010000000000000009
443,2381,2,4,4,9,WAIT_SEND,0.8673620753402698,0.0
454,2310,8,4,44,6,EXECUTION,0.8346789633121463,0.010000000000000009
454,2310,8,4,44,6,WAIT_SEND,0.8446789633121463,0.0
454,2310,8,4,44,6,WAIT_RECV,0.8573620753402698,0.0013640385417954537
454,2310,8,4,44,6,EXECUTION,0.8573620753402698,0.010000000000000009
454,2310,8,4,44,6,WAIT_SEND,0.8673620753402698,0.0
489,2319,31,2,198,6,EXECUTION,0.8369684909524961,0.010000000000000009
489,2319,31,2,198,6,WAIT_SEND,0.8469684909524962,0.0
489,2319,31,2,198,6,WAIT_RECV,0.8573684909524961,1.9999999999997797E-4
489,2319,31,2,198,6,EXECUTION,0.8573684909524961,0.010000000000000009
489,2319,31,2,198,6,WAIT_SEND,0.8673684909524961,0.0
473,2366,39,4,224,5,EXECUTION,0.853228610229492,0.0050000000000000044
473,2366,39,4,224,5,WAIT_SEND,0.858228610229492,0.0
473,2366,39,4,224,5,WAIT_RECV,0.863628610229492,1.9999999999997797E-4
473,2366,39,4,224,5,EXECUTION,0.863628610229492,0.0050000000000000044
473,2366,39,4,224,5,WAIT_SEND,0.868628610229492,0.0
468,2335,39,0,220,3,EXECUTION,0.8430286102294922,0.0050000000000000044
468,2335,39,0,220,3,WAIT_SEND,0.8480286102294922,0.0
468,2335,39,0,220,3,WAIT_RECV,0.8638286102294921,1.9999999999997797E-4
468,2335,39,0,220,3,EXECUTION,0.8638286102294921,0.0050000000000000044
468,2335,39,0,220,3,WAIT_SEND,0.8688286102294921,0.0
506,2327,19,5,118,5,EXECUTION,0.8402999999999999,0.010000000000000009
506,2327,19,5,118,5,WAIT_SEND,0.8503,0.0
506,2327,19,5,118,5,WAIT_RECV,0.8606999999999999,1.9999999999997797E-4
506,2327,19,5,118,5,EXECUTION,0.8606999999999999,0.010000000000000009
506,2327,19,5,118,5,WAIT_SEND,0.8706999999999999,0.0
506,2324,19,0,113,0,WAIT_SEND,0.8401,0.0
506,2324,19,0,113,0,WAIT_RECV,0.8708999999999999,1.9999999999997797E-4
500,2391,16,7,99,9,EXECUTION,0.8609,0.010000000000000009
500,2391,16,7,99,9,WAIT_SEND,0.8709,0.0
459,2179,19,0,121,7,EXECUTION,0.786619073486328,0.028459536743163927
459,2179,19,0,121,7,WAIT_SEND,0.8150786102294919,0.0
459,2179,19,0,121,7,WAIT_RECV,0.8511762939453119,1.9999999999997797E-4
459,2179,19,0,121,7,EXECUTION,0.8511762939453119,0.020000000000000018
459,2179,19,0,121,7,WAIT_SEND,0.8711762939453119,0.0
463,2393,33,3,210,9,EXECUTION,0.861419073486328,0.010000000000000009
463,2393,33,3,210,9,WAIT_SEND,0.871419073486328,0.0
432,2376,24,4,150,9,EXECUTION,0.8562466570618021,0.015261021853604007
432,2376,24,4,150,9,WAIT_SEND,0.8715076789154061,0.0
441,2113,8,6,46,7,EXECUTION,0.7650614990193679,0.043003319003836804
441,2113,8,6,46,7,WAIT_SEND,0.8080648180232047,0.0
441,2113,8,6,46,7,WAIT_RECV,0.8411029649958607,1.9999999999997797E-4
441,2113,8,6,46,7,EXECUTION,0.8411029649958607,0.03150189153326188
441,2113,8,6,46,7,WAIT_SEND,0.8726048565291226,0.0
450,2108,19,1,122,7,EXECUTION,0.761619073486328,0.02055953674316402
450,2108,19,1,122,7,WAIT_SEND,0.782178610229492,0.0
450,2108,19,1,122,7,WAIT_RECV,0.8346556063028959,1.9999999999997797E-4
450,2108,19,1,122,7,EXECUTION,0.8346556063028959,0.038025509989420336
450,2108,19,1,122,7,WAIT_SEND,0.8726811162923163,0.0
457,2334,5,4,20,6,EXECUTION,0.8429136317491314,0.010000000000000009
457,2334,5,4,20,6,WAIT_SEND,0.8529136317491314,0.0
457,2334,5,4,20,6,WAIT_RECV,0.8633136317491313,1.9999999999997797E-4
457,2334,5,4,20,6,EXECUTION,0.8633136317491313,0.010000000000000009
457,2334,5,4,20,6,WAIT_SEND,0.8733136317491313,0.0
426,2192,4,2,12,6,EXECUTION,0.7926213016750754,0.030606630477135188
426,2192,4,2,12,6,WAIT_SEND,0.8232279321522106,0.0
426,2192,4,2,12,6,WAIT_RECV,0.8358660791248665,0.0013190734863279818
426,2192,4,2,12,6,EXECUTION,0.8358660791248665,0.03760623395275131
426,2192,4,2,12,6,WAIT_SEND,0.8734723130776179,0.0
473,2347,39,6,218,3,EXECUTION,0.848028610229492,0.0050000000000000044
473,2347,39,6,218,3,WAIT_SEND,0.8530286102294921,0.0
473,2347,39,6,218,3,WAIT_RECV,0.868828610229492,1.9999999999997797E-4
473,2347,39,6,218,3,EXECUTION,0.868828610229492,0.0050000000000000044
473,2347,39,6,218,3,WAIT_SEND,0.873828610229492,0.0
477,2311,14,3,82,6,EXECUTION,0.8348999999999992,0.015600000000000391
477,2311,14,3,82,6,WAIT_SEND,0.8504999999999996,0.0
477,2311,14,3,82,6,WAIT_RECV,0.8608999999999996,1.9999999999997797E-4
477,2311,14,3,82,6,EXECUTION,0.8608999999999996,0.014399999999999635
477,2311,14,3,82,6,WAIT_SEND,0.8752999999999992,0.0
481,2218,29,1,176,1,EXECUTION,0.8003,0.010000000000000009
481,2218,29,1,176,1,WAIT_SEND,0.8103,0.0
481,2218,29,1,176,1,WAIT_RECV,0.865657220458984,0.0013190734863279818
481,2218,29,1,176,1,EXECUTION,0.865657220458984,0.010000000000000009
481,2218,29,1,176,1,WAIT_SEND,0.875657220458984,0.0
481,2215,29,0,175,0,WAIT_SEND,0.8001,0.0
481,2215,29,0,175,0,WAIT_RECV,0.875857220458984,1.9999999999997797E-4
490,2407,18,5,111,9,EXECUTION,0.8659,0.010000000000000009
490,2407,18,5,111,9,WAIT_SEND,0.8759,0.0
453,2290,3,2,7,7,EXECUTION,0.8255747126817488,0.010000000000000009
453,2290,3,2,7,7,WAIT_SEND,0.8355747126817488,0.0
453,2290,3,2,7,7,WAIT_RECV,0.8663747126817487,1.9999999999997797E-4
453,2290,3,2,7,7,EXECUTION,0.8663747126817487,0.010000000000000009
453,2290,3,2,7,7,WAIT_SEND,0.8763747126817487,0.0
489,2293,31,4,200,7,EXECUTION,0.8266999999999999,0.010000000000000009
489,2293,31,4,200,7,WAIT_SEND,0.8366999999999999,0.0
489,2293,31,4,200,7,WAIT_RECV,0.8675684909524961,1.9999999999997797E-4
489,2293,31,4,200,7,EXECUTION,0.8675684909524961,0.010000000000000009
489,2293,31,4,200,7,WAIT_SEND,0.8775684909524961,0.0
492,2332,5,5,21,6,EXECUTION,0.8407,0.010000000000000009
492,2332,5,5,21,6,WAIT_SEND,0.8507,0.0
492,2332,5,5,21,6,WAIT_RECV,0.8611,1.9999999999997797E-4
492,2332,5,5,21,6,EXECUTION,0.8611,0.01648523545692926
492,2332,5,5,21,6,WAIT_SEND,0.8775852354569292,0.0
483,2426,39,2,230,7,EXECUTION,0.873228610229492,0.0050000000000000044
483,2426,39,2,230,7,WAIT_SEND,0.8782286102294921,0.0
491,2412,20,7,132,9,EXECUTION,0.8685060623168938,0.010000000000000009
491,2412,20,7,132,9,WAIT_SEND,0.8785060623168938,0.0
500,2358,16,2,94,6,EXECUTION,0.8507,0.010000000000000009
500,2358,16,2,94,6,WAIT_SEND,0.8607,0.0
500,2358,16,2,94,6,WAIT_RECV,0.8711,1.9999999999997797E-4
500,2358,16,2,94,6,EXECUTION,0.8711,0.010000000000000009
500,2358,16,2,94,6,WAIT_SEND,0.8811,0.0
459,2123,19,2,115,1,EXECUTION,0.766419073486328,0.020000000000000018
459,2123,19,2,115,1,WAIT_SEND,0.786419073486328,0.0
459,2123,19,2,115,1,WAIT_RECV,0.8713762939453119,1.9999999999997797E-4
459,2123,19,2,115,1,EXECUTION,0.8713762939453119,0.010000000000000009
459,2123,19,2,115,1,WAIT_SEND,0.8813762939453119,0.0
485,2421,23,4,143,9,EXECUTION,0.872019073486328,0.010000000000000009
485,2421,23,4,143,9,WAIT_SEND,0.882019073486328,0.0
459,2116,23,0,139,0,WAIT_SEND,0.7651,0.0
459,2116,23,0,139,0,WAIT_RECV,0.8826953674316399,0.0013190734863279818
463,2350,30,3,188,6,EXECUTION,0.8500474906921381,0.010000000000000009
463,2350,30,3,188,6,WAIT_SEND,0.8600474906921382,0.0
463,2350,30,3,188,6,WAIT_RECV,0.872738146972656,0.0013190734863279818
463,2350,30,3,188,6,EXECUTION,0.872738146972656,0.010000000000000009
463,2350,30,3,188,6,WAIT_SEND,0.882738146972656,0.0
504,2425,26,5,164,9,EXECUTION,0.8731381469726559,0.010000000000000009
504,2425,26,5,164,9,WAIT_SEND,0.8831381469726559,0.0
483,2445,39,6,234,8,EXECUTION,0.878428610229492,0.0050000000000000044
483,2445,39,6,234,8,WAIT_SEND,0.883428610229492,0.0
457,2306,5,6,22,7,EXECUTION,0.8327136317491314,0.010000000000000009
457,2306,5,6,22,7,WAIT_SEND,0.8427136317491314,0.0
457,2306,5,6,22,7,WAIT_RECV,0.8735136317491313,1.9999999999997797E-4
457,2306,5,6,22,7,EXECUTION,0.8735136317491313,0.010000000000000009
457,2306,5,6,22,7,WAIT_SEND,0.8835136317491313,0.0
425,2122,4,3,13,7,EXECUTION,0.7657386532226557,0.010000000000000009
425,2122,4,3,13,7,WAIT_SEND,0.7757386532226557,0.0
425,2122,4,3,13,7,WAIT_RECV,0.8440084798920081,1.9999999999997797E-4
425,2122,4,3,13,7,EXECUTION,0.8440084798920081,0.039894531318160786
425,2122,4,3,13,7,WAIT_SEND,0.8839030112101689,0.0
477,2265,14,4,83,7,EXECUTION,0.8155,0.019199999999999218
477,2265,14,4,83,7,WAIT_SEND,0.8346999999999992,0.0
477,2265,14,4,83,7,WAIT_RECV,0.8754999999999992,1.9999999999997797E-4
477,2265,14,4,83,7,EXECUTION,0.8754999999999992,0.010000000000000009
477,2265,14,4,83,7,WAIT_SEND,0.8854999999999992,0.0
430,2175,32,2,206,7,EXECUTION,0.7859755923338979,0.03362154649014848
430,2175,32,2,206,7,WAIT_SEND,0.8195971388240464,0.0
430,2175,32,2,206,7,WAIT_RECV,0.8526352857967023,0.0013190734863279818
430,2175,32,2,206,7,EXECUTION,0.8526352857967023,0.032943524940310276
430,2175,32,2,206,7,WAIT_SEND,0.8855788107370126,0.0
490,2375,18,3,109,6,EXECUTION,0.8557,0.010000000000000009
490,2375,18,3,109,6,WAIT_SEND,0.8657,0.0
490,2375,18,3,109,6,WAIT_RECV,0.8761,1.9999999999997797E-4
490,2375,18,3,109,6,EXECUTION,0.8761,0.010000000000000009
490,2375,18,3,109,6,WAIT_SEND,0.8861,0.0
471,2172,14,2,81,1,EXECUTION,0.7853,0.010000000000000009
471,2172,14,2,81,1,WAIT_SEND,0.7953,0.0
471,2172,14,2,81,1,WAIT_RECV,0.8661809265136718,1.9999999999997797E-4
471,2172,14,2,81,1,EXECUTION,0.8661809265136718,0.020000000000000018
471,2172,14,2,81,1,WAIT_SEND,0.8861809265136719,0.0
471,2169,14,0,79,0,WAIT_SEND,0.7851,0.0
471,2169,14,0,79,0,WAIT_RECV,0.8863809265136718,1.9999999999997797E-4
455,2439,6,4,33,9,EXECUTION,0.8764433013576121,0.010000000000000009
455,2439,6,4,33,9,WAIT_SEND,0.8864433013576121,0.0
508,2441,10,0,61,9,EXECUTION,0.8770190734863279,0.010000000000000009
508,2441,10,0,61,9,WAIT_SEND,0.8870190734863279,0.0
461,2442,23,5,144,9,EXECUTION,0.8772727185058589,0.010000000000000009
461,2442,23,5,144,9,WAIT_SEND,0.8872727185058589,0.0
458,2161,19,1,122,7,EXECUTION,0.7805,0.02901907348632793
458,2161,19,1,122,7,WAIT_SEND,0.8095190734863279,0.0
458,2161,19,1,122,7,WAIT_RECV,0.8525572204589839,1.9999999999997797E-4
458,2161,19,1,122,7,EXECUTION,0.8525572204589839,0.0350309739583331
458,2161,19,1,122,7,WAIT_SEND,0.887588194417317,0.0
488,2464,39,5,241,10,EXECUTION,0.8834286102294922,0.0050000000000000044
488,2464,39,5,241,10,WAIT_SEND,0.8884286102294922,0.0
488,2463,39,2,238,9,EXECUTION,0.8834286102294922,0.0050000000000000044
488,2463,39,2,238,9,WAIT_SEND,0.8884286102294922,0.0
483,2427,39,5,225,5,EXECUTION,0.873228610229492,0.0050000000000000044
483,2427,39,5,225,5,WAIT_SEND,0.8782286102294921,0.0
483,2427,39,5,225,5,WAIT_RECV,0.883628610229492,1.9999999999997797E-4
483,2427,39,5,225,5,EXECUTION,0.883628610229492,0.0050000000000000044
483,2427,39,5,225,5,WAIT_SEND,0.888628610229492,0.0
497,2453,14,6,85,9,EXECUTION,0.8810999999999996,0.010000000000000009
497,2453,14,6,85,9,WAIT_SEND,0.8910999999999996,0.0
482,2454,5,2,26,9,EXECUTION,0.8813,0.010000000000000009
482,2454,5,2,26,9,WAIT_SEND,0.8913,0.0
500,2330,16,4,96,7,EXECUTION,0.8405,0.010000000000000009
500,2330,16,4,96,7,WAIT_SEND,0.8505,0.0
500,2330,16,4,96,7,WAIT_RECV,0.8813,1.9999999999997797E-4
500,2330,16,4,96,7,EXECUTION,0.8813,0.010000000000000009
500,2330,16,4,96,7,WAIT_SEND,0.8913,0.0
485,2396,23,1,140,6,EXECUTION,0.861819073486328,0.010000000000000009
485,2396,23,1,140,6,WAIT_SEND,0.871819073486328,0.0
485,2396,23,1,140,6,WAIT_RECV,0.882219073486328,1.9999999999997797E-4
485,2396,23,1,140,6,EXECUTION,0.882219073486328,0.010000000000000009
485,2396,23,1,140,6,WAIT_SEND,0.892219073486328,0.0
435,2189,32,2,206,7,EXECUTION,0.7907087974896917,0.03362154649014848
435,2189,32,2,206,7,WAIT_SEND,0.8243303439798402,0.0
435,2189,32,2,206,7,WAIT_RECV,0.8596066379251521,0.0013190734863279818
435,2189,32,2,206,7,EXECUTION,0.8596066379251521,0.032943524940310276
435,2189,32,2,206,7,WAIT_SEND,0.8925501628654624,0.0
441,2047,8,1,41,1,EXECUTION,0.7353,0.029561499019368
441,2047,8,1,41,1,WAIT_SEND,0.764861499019368,0.0
441,2047,8,1,41,1,WAIT_RECV,0.8728048565291225,1.9999999999997797E-4
441,2047,8,1,41,1,EXECUTION,0.8728048565291225,0.020000000000000018
441,2047,8,1,41,1,WAIT_SEND,0.8928048565291226,0.0
505,2459,31,6,202,9,EXECUTION,0.8828190734863279,0.010000000000000009
505,2459,31,6,202,9,WAIT_SEND,0.8928190734863279,0.0
463,2308,30,7,192,7,EXECUTION,0.8329591097005205,0.016888380991617713
463,2308,30,7,192,7,WAIT_SEND,0.8498474906921382,0.0
463,2308,30,7,192,7,WAIT_RECV,0.8829381469726559,1.9999999999997797E-4
463,2308,30,7,192,7,EXECUTION,0.8829381469726559,0.010000000000000009
463,2308,30,7,192,7,WAIT_SEND,0.8929381469726559,0.0
441,2044,8,0,40,0,WAIT_SEND,0.7351,0.0
441,2044,8,0,40,0,WAIT_RECV,0.8930048565291225,1.9999999999997797E-4
509,2462,33,4,211,9,EXECUTION,0.8831381469726559,0.010000000000000009
509,2462,33,4,211,9,WAIT_SEND,0.8931381469726559,0.0
438,2036,6,1,30,1,EXECUTION,0.731419073486328,0.0424011833450878
438,2036,6,1,30,1,WAIT_SEND,0.7738202568314158,0.0
438,2036,6,1,30,1,WAIT_RECV,0.8494965507767277,0.0013190734863279818
438,2036,6,1,30,1,EXECUTION,0.8494965507767277,0.04368735616809882
438,2036,6,1,30,1,WAIT_SEND,0.8931839069448265,0.0
413,1895,2,1,1,1,EXECUTION,0.6853,0.08612393532114593
413,1895,2,1,1,1,WAIT_SEND,0.771423935321146,0.0
413,1895,2,1,1,1,WAIT_RECV,0.8532864464587675,1.9999999999997797E-4
413,1895,2,1,1,1,EXECUTION,0.8532864464587675,0.040000000000000036
413,1895,2,1,1,1,WAIT_SEND,0.8932864464587675,0.0
413,1892,2,0,0,0,WAIT_SEND,0.6851,0.0
413,1892,2,0,0,0,WAIT_RECV,0.8934864464587675,1.9999999999997797E-4
488,2444,39,1,229,6,EXECUTION,0.8782286102294922,0.0050000000000000044
488,2444,39,1,229,6,WAIT_SEND,0.8832286102294922,0.0
488,2444,39,1,229,6,WAIT_SEND,0.8832286102294922,0.0
488,2444,39,1,229,6,WAIT_RECV,0.8886286102294921,1.9999999999997797E-4
488,2444,39,1,229,6,WAIT_RECV,0.8886286102294921,1.9999999999997797E-4
488,2444,39,1,229,6,EXECUTION,0.8886286102294921,0.0050000000000000044
488,2444,39,1,229,6,WAIT_SEND,0.8936286102294921,0.0
494,2466,9,4,51,9,EXECUTION,0.8838080671629315,0.010000000000000009
494,2466,9,4,51,9,WAIT_SEND,0.8938080671629315,0.0
483,2411,39,3,215,2,EXECUTION,0.8680286102294921,0.0050000000000000044
483,2411,39,3,215,2,WAIT_SEND,0.8730286102294921,0.0
483,2411,39,3,215,2,WAIT_SEND,0.8730286102294921,0.0
483,2411,39,3,215,2,WAIT_RECV,0.878428610229492,1.9999999999997797E-4
483,2411,39,3,215,2,WAIT_RECV,0.888828610229492,1.9999999999997797E-4
483,2411,39,3,215,2,EXECUTION,0.888828610229492,0.0050000000000000044
483,2411,39,3,215,2,WAIT_SEND,0.893828610229492,0.0
504,2395,30,4,189,6,EXECUTION,0.8618190734863279,0.010000000000000009
504,2395,30,4,189,6,WAIT_SEND,0.8718190734863279,0.0
504,2395,30,4,189,6,WAIT_RECV,0.8844572204589839,0.0013190734863279818
504,2395,30,4,189,6,EXECUTION,0.8844572204589839,0.010000000000000009
504,2395,30,4,189,6,WAIT_SEND,0.8944572204589839,0.0
417,2225,24,2,148,6,EXECUTION,0.8020067868408208,0.031441730041503746
417,2225,24,2,148,6,WAIT_SEND,0.8334485168823246,0.0
417,2225,24,2,148,6,WAIT_RECV,0.8438485168823245,1.9999999999997797E-4
417,2225,24,2,148,6,EXECUTION,0.8438485168823245,0.050648211535678445
417,2225,24,2,148,6,WAIT_SEND,0.894496728418003,0.0
438,2029,3,0,5,0,WAIT_SEND,0.7301,0.0
438,2029,3,0,5,0,WAIT_RECV,0.8945029804311545,0.0013190734863279818
416,1910,2,1,1,1,EXECUTION,0.6903,0.08445726865447933
416,1910,2,1,1,1,WAIT_SEND,0.7747572686544794,0.0
416,1910,2,1,1,1,WAIT_RECV,0.8550441439570665,1.9999999999997797E-4
416,1910,2,1,1,1,EXECUTION,0.8550441439570665,0.039560575625425254
416,1910,2,1,1,1,WAIT_SEND,0.8946047195824918,0.0
416,1907,2,0,0,0,WAIT_SEND,0.6901,0.0
416,1907,2,0,0,0,WAIT_RECV,0.8948047195824917,1.9999999999997797E-4
515,2474,15,5,91,9,EXECUTION,0.8858999999999999,0.010000000000000009
515,2474,15,5,91,9,WAIT_SEND,0.8958999999999999,0.0
449,2069,30,0,185,0,WAIT_SEND,0.7451,0.0
449,2069,30,0,185,0,WAIT_RECV,0.896757220458984,0.06292861022949203
508,2410,10,1,54,6,EXECUTION,0.8668190734863279,0.010000000000000009
508,2410,10,1,54,6,WAIT_SEND,0.8768190734863279,0.0
508,2410,10,1,54,6,WAIT_RECV,0.8872190734863279,1.9999999999997797E-4
508,2410,10,1,54,6,EXECUTION,0.8872190734863279,0.010000000000000009
508,2410,10,1,54,6,WAIT_SEND,0.8972190734863279,0.0
492,2301,5,0,24,7,EXECUTION,0.8305,0.010000000000000009
492,2301,5,0,24,7,WAIT_SEND,0.8405,0.0
492,2301,5,0,24,7,WAIT_RECV,0.8777852354569292,1.9999999999997797E-4
492,2301,5,0,24,7,EXECUTION,0.8777852354569292,0.020000000000000018
492,2301,5,0,24,7,WAIT_SEND,0.8977852354569292,0.0
458,2104,19,1,114,1,EXECUTION,0.7603,0.020000000000000018
458,2104,19,1,114,1,WAIT_SEND,0.7803,0.0
458,2104,19,1,114,1,WAIT_RECV,0.8877881944173169,1.9999999999997797E-4
458,2104,19,1,114,1,EXECUTION,0.8877881944173169,0.010000000000000009
458,2104,19,1,114,1,WAIT_SEND,0.8977881944173169,0.0
458,2102,19,0,113,0,WAIT_SEND,0.7601,0.0
458,2102,19,0,113,0,WAIT_RECV,0.8979881944173169,1.9999999999997797E-4
474,2188,18,1,107,1,EXECUTION,0.7903,0.010000000000000009
474,2188,18,1,107,1,WAIT_SEND,0.8003,0.0
474,2188,18,1,107,1,WAIT_RECV,0.8614999999999999,1.9999999999997797E-4
474,2188,18,1,107,1,EXECUTION,0.8614999999999999,0.03669364217122395
474,2188,18,1,107,1,WAIT_SEND,0.8981936421712239,0.0
381,1761,32,1,205,1,EXECUTION,0.6353,0.08628263431962302
381,1761,32,1,205,1,WAIT_SEND,0.721582634319623,0.0
381,1761,32,1,205,1,WAIT_RECV,0.8287799880565084,1.9999999999997797E-4
381,1761,32,1,205,1,EXECUTION,0.8287799880565084,0.06942045252559792
381,1761,32,1,205,1,WAIT_SEND,0.8982004405821064,0.0
474,2186,18,0,106,0,WAIT_SEND,0.7901,0.0
474,2186,18,0,106,0,WAIT_RECV,0.8983936421712239,1.9999999999997797E-4
381,1759,32,0,204,0,WAIT_SEND,0.6351,0.0
381,1759,32,0,204,0,WAIT_RECV,0.8984004405821063,1.9999999999997797E-4
461,2408,19,6,119,6,EXECUTION,0.8659536450195309,0.010000000000000009
461,2408,19,6,119,6,WAIT_SEND,0.8759536450195309,0.0
461,2408,19,6,119,6,WAIT_RECV,0.8885917919921869,0.0013190734863279818
461,2408,19,6,119,6,EXECUTION,0.8885917919921869,0.010000000000000009
461,2408,19,6,119,6,WAIT_SEND,0.8985917919921869,0.0
454,2212,8,6,46,7,EXECUTION,0.7990202568314158,0.03545870648073057
454,2212,8,6,46,7,WAIT_SEND,0.8344789633121463,0.0
454,2212,8,6,46,7,WAIT_RECV,0.8675620753402697,1.9999999999997797E-4
454,2212,8,6,46,7,EXECUTION,0.8675620753402697,0.031260695297213204
454,2212,8,6,46,7,WAIT_SEND,0.898822770637483,0.0
488,2424,39,3,223,4,EXECUTION,0.8730286102294922,0.0050000000000000044
488,2424,39,3,223,4,WAIT_SEND,0.8780286102294922,0.0
488,2424,39,3,223,4,WAIT_RECV,0.8938286102294921,1.9999999999997797E-4
488,2424,39,3,223,4,EXECUTION,0.8938286102294921,0.0050000000000000044
488,2424,39,3,223,4,WAIT_SEND,0.8988286102294921,0.0
444,2478,24,4,150,9,EXECUTION,0.8894901919800147,0.010000000000000009
444,2478,24,4,150,9,WAIT_SEND,0.8994901919800147,0.0
491,2380,19,7,120,6,EXECUTION,0.8571869888305658,0.010000000000000009
491,2380,19,7,120,6,WAIT_SEND,0.8671869888305658,0.0
491,2380,19,7,120,6,WAIT_RECV,0.8798251358032217,0.0013190734863279818
491,2380,19,7,120,6,EXECUTION,0.8798251358032217,0.020000000000000018
491,2380,19,7,120,6,WAIT_SEND,0.8998251358032218,0.0
495,2484,6,3,32,9,EXECUTION,0.8907194825216596,0.010000000000000009
495,2484,6,3,32,9,WAIT_SEND,0.9007194825216596,0.0
482,2399,5,5,21,6,EXECUTION,0.8646147645430707,0.01648523545692926
482,2399,5,5,21,6,WAIT_SEND,0.8811,0.0
482,2399,5,5,21,6,WAIT_RECV,0.8915,1.9999999999997797E-4
482,2399,5,5,21,6,EXECUTION,0.8915,0.010000000000000009
482,2399,5,5,21,6,WAIT_SEND,0.9015,0.0
485,2362,23,3,142,7,EXECUTION,0.851619073486328,0.010000000000000009
485,2362,23,3,142,7,WAIT_SEND,0.861619073486328,0.0
485,2362,23,3,142,7,WAIT_RECV,0.892419073486328,1.9999999999997797E-4
485,2362,23,3,142,7,EXECUTION,0.892419073486328,0.010000000000000009
485,2362,23,3,142,7,WAIT_SEND,0.902419073486328,0.0
505,2422,31,3,199,6,EXECUTION,0.872619073486328,0.010000000000000009
505,2422,31,3,199,6,WAIT_SEND,0.882619073486328,0.0
505,2422,31,3,199,6,WAIT_RECV,0.8930190734863279,1.9999999999997797E-4
505,2422,31,3,199,6,EXECUTION,0.8930190734863279,0.010000000000000009
505,2422,31,3,199,6,WAIT_SEND,0.9030190734863279,0.0
518,2488,26,4,163,9,EXECUTION,0.8931381469726559,0.010000000000000009
518,2488,26,4,163,9,WAIT_SEND,0.9031381469726559,0.0
487,2489,5,3,27,9,EXECUTION,0.8932055112662013,0.010000000000000009
487,2489,5,3,27,9,WAIT_SEND,0.9032055112662013,0.0
426,2136,4,4,14,7,EXECUTION,0.7724213016750754,0.020000000000000018
426,2136,4,4,14,7,WAIT_SEND,0.7924213016750754,0.0
426,2136,4,4,14,7,WAIT_RECV,0.8736723130776178,1.9999999999997797E-4
426,2136,4,4,14,7,EXECUTION,0.8736723130776178,0.030000000000000027
426,2136,4,4,14,7,WAIT_SEND,0.9036723130776179,0.0
494,2428,9,2,49,6,EXECUTION,0.8736080671629315,0.010000000000000009
494,2428,9,2,49,6,WAIT_SEND,0.8836080671629315,0.0
494,2428,9,2,49,6,WAIT_RECV,0.8940080671629315,1.9999999999997797E-4
494,2428,9,2,49,6,EXECUTION,0.8940080671629315,0.010000000000000009
494,2428,9,2,49,6,WAIT_SEND,0.9040080671629315,0.0
451,2491,6,4,33,9,EXECUTION,0.8945029804311545,0.010000000000000009
451,2491,6,4,33,9,WAIT_SEND,0.9045029804311545,0.0
504,2361,30,0,193,7,EXECUTION,0.8516190734863279,0.010000000000000009
504,2361,30,0,193,7,WAIT_SEND,0.8616190734863279,0.0
504,2361,30,0,193,7,WAIT_RECV,0.8946572204589839,1.9999999999997797E-4
504,2361,30,0,193,7,EXECUTION,0.8946572204589839,0.010000000000000009
504,2361,30,0,193,7,WAIT_SEND,0.9046572204589839,0.0
490,2317,18,4,110,7,EXECUTION,0.8355,0.020000000000000018
490,2317,18,4,110,7,WAIT_SEND,0.8555,0.0
490,2317,18,4,110,7,WAIT_RECV,0.8863,1.9999999999997797E-4
490,2317,18,4,110,7,EXECUTION,0.8863,0.020000000000000018
490,2317,18,4,110,7,WAIT_SEND,0.9063,0.0
520,2501,3,4,9,9,EXECUTION,0.8970190734863279,0.010000000000000009
520,2501,3,4,9,9,WAIT_SEND,0.9070190734863279,0.0
496,2502,20,6,131,9,EXECUTION,0.897019073486328,0.010000000000000009
496,2502,20,6,131,9,WAIT_SEND,0.907019073486328,0.0
508,2378,10,5,58,7,EXECUTION,0.8566190734863279,0.010000000000000009
508,2378,10,5,58,7,WAIT_SEND,0.8666190734863279,0.0
508,2378,10,5,58,7,WAIT_RECV,0.8974190734863279,1.9999999999997797E-4
508,2378,10,5,58,7,EXECUTION,0.8974190734863279,0.010000000000000009
508,2378,10,5,58,7,WAIT_SEND,0.9074190734863279,0.0
489,2262,31,1,197,1,EXECUTION,0.8153,0.011199999999999877
489,2262,31,1,197,1,WAIT_SEND,0.8264999999999999,0.0
489,2262,31,1,197,1,WAIT_RECV,0.8777684909524961,1.9999999999997797E-4
489,2262,31,1,197,1,EXECUTION,0.8777684909524961,0.030000000000000027
489,2262,31,1,197,1,WAIT_SEND,0.9077684909524961,0.0
489,2258,31,0,196,0,WAIT_SEND,0.8151,0.0
489,2258,31,0,196,0,WAIT_RECV,0.9079684909524961,1.9999999999997797E-4
492,2274,5,2,18,1,EXECUTION,0.8203,0.010000000000000009
492,2274,5,2,18,1,WAIT_SEND,0.8303,0.0
492,2274,5,2,18,1,WAIT_RECV,0.8979852354569292,1.9999999999997797E-4
492,2274,5,2,18,1,EXECUTION,0.8979852354569292,0.010000000000000009
492,2274,5,2,18,1,WAIT_SEND,0.9079852354569292,0.0
478,2504,31,7,203,9,EXECUTION,0.8980365766473989,0.010000000000000009
478,2504,31,7,203,9,WAIT_SEND,0.9080365766473989,0.0
492,2271,5,0,16,0,WAIT_SEND,0.8201,0.0
492,2271,5,0,16,0,WAIT_RECV,0.9081852354569292,1.9999999999997797E-4
477,2204,14,1,80,1,EXECUTION,0.7953,0.020000000000000018
477,2204,14,1,80,1,WAIT_SEND,0.8153,0.0
477,2204,14,1,80,1,WAIT_RECV,0.8856999999999992,1.9999999999997797E-4
477,2204,14,1,80,1,EXECUTION,0.8856999999999992,0.02269999999999961
477,2204,14,1,80,1,WAIT_SEND,0.9083999999999988,0.0
498,2524,39,7,235,8,EXECUTION,0.9034286102294922,0.0050000000000000044
498,2524,39,7,235,8,WAIT_SEND,0.9084286102294922,0.0
477,2201,14,0,79,0,WAIT_SEND,0.7951,0.0
477,2201,14,0,79,0,WAIT_RECV,0.9085999999999987,1.9999999999997797E-4
462,2132,21,1,134,1,EXECUTION,0.7703,0.030000000000000027
462,2132,21,1,134,1,WAIT_SEND,0.8003,0.0
462,2132,21,1,134,1,WAIT_RECV,0.8537381469726559,0.0013190734863279818
462,2132,21,1,134,1,EXECUTION,0.8537381469726559,0.05546381469726558
462,2132,21,1,134,1,WAIT_SEND,0.9092019616699215,0.0
462,2129,21,0,133,0,WAIT_SEND,0.7701,0.0
462,2129,21,0,133,0,WAIT_RECV,0.9094019616699215,1.9999999999997797E-4
491,2305,19,0,121,7,EXECUTION,0.8323976837158198,0.024589305114745996
491,2305,19,0,121,7,WAIT_SEND,0.8569869888305658,0.0
491,2305,19,0,121,7,WAIT_RECV,0.9000251358032217,1.9999999999997797E-4
491,2305,19,0,121,7,EXECUTION,0.9000251358032217,0.010000000000000009
491,2305,19,0,121,7,WAIT_SEND,0.9100251358032218,0.0
467,2509,18,6,112,9,EXECUTION,0.9001236598103832,0.010000000000000009
467,2509,18,6,112,9,WAIT_SEND,0.9101236598103832,0.0
497,2409,14,3,82,6,EXECUTION,0.8664999999999999,0.014399999999999635
497,2409,14,3,82,6,WAIT_SEND,0.8808999999999996,0.0
497,2409,14,3,82,6,WAIT_RECV,0.8912999999999995,1.9999999999997797E-4
497,2409,14,3,82,6,EXECUTION,0.8912999999999995,0.020299999999999763
497,2409,14,3,82,6,WAIT_SEND,0.9115999999999993,0.0
482,2368,5,7,23,7,EXECUTION,0.8544147645430707,0.010000000000000009
482,2368,5,7,23,7,WAIT_SEND,0.8644147645430708,0.0
482,2368,5,7,23,7,WAIT_RECV,0.9017,1.9999999999997797E-4
482,2368,5,7,23,7,EXECUTION,0.9017,0.010000000000000009
482,2368,5,7,23,7,WAIT_SEND,0.9117,0.0
516,2518,14,6,85,9,EXECUTION,0.9020190734863279,0.010000000000000009
516,2518,14,6,85,9,WAIT_SEND,0.9120190734863279,0.0
495,2447,8,5,45,6,EXECUTION,0.8794004090353316,0.010000000000000009
495,2447,8,5,45,6,WAIT_SEND,0.8894004090353316,0.0
495,2447,8,5,45,6,WAIT_RECV,0.9020385560079875,0.0013190734863279818
495,2447,8,5,45,6,EXECUTION,0.9020385560079875,0.010000000000000009
495,2447,8,5,45,6,WAIT_SEND,0.9120385560079876,0.0
434,2241,24,2,148,6,EXECUTION,0.8096697980102546,0.041637880905151525
434,2241,24,2,148,6,WAIT_SEND,0.8513076789154062,0.0
434,2241,24,2,148,6,WAIT_RECV,0.8669687007690101,1.9999999999997797E-4
434,2241,24,2,148,6,EXECUTION,0.8669687007690101,0.04550560552979854
434,2241,24,2,148,6,WAIT_SEND,0.9124743062988087,0.0
502,2519,5,4,28,9,EXECUTION,0.903022702909456,0.010000000000000009
502,2519,5,4,28,9,WAIT_SEND,0.913022702909456,0.0
511,2520,29,7,182,9,EXECUTION,0.9031381469726559,0.010000000000000009
511,2520,29,7,182,9,WAIT_SEND,0.9131381469726559,0.0
460,2521,24,4,150,9,EXECUTION,0.9031943563963823,0.010000000000000009
460,2521,24,4,150,9,WAIT_SEND,0.9131943563963824,0.0
505,2390,31,5,201,7,EXECUTION,0.8604999999999999,0.011919073486328036
505,2390,31,5,201,7,WAIT_SEND,0.872419073486328,0.0
505,2390,31,5,201,7,WAIT_RECV,0.9032190734863279,1.9999999999997797E-4
505,2390,31,5,201,7,EXECUTION,0.9032190734863279,0.010000000000000009
505,2390,31,5,201,7,WAIT_SEND,0.9132190734863279,0.0
518,2460,26,1,160,6,EXECUTION,0.8829381469726559,0.010000000000000009
518,2460,26,1,160,6,WAIT_SEND,0.8929381469726559,0.0
518,2460,26,1,160,6,WAIT_RECV,0.9033381469726559,1.9999999999997797E-4
518,2460,26,1,160,6,EXECUTION,0.9033381469726559,0.010000000000000009
518,2460,26,1,160,6,WAIT_SEND,0.9133381469726559,0.0
487,2461,5,4,20,6,EXECUTION,0.8830055112662013,0.010000000000000009
487,2461,5,4,20,6,WAIT_SEND,0.8930055112662013,0.0
487,2461,5,4,20,6,WAIT_RECV,0.9034055112662013,1.9999999999997797E-4
487,2461,5,4,20,6,EXECUTION,0.9034055112662013,0.010000000000000009
487,2461,5,4,20,6,WAIT_SEND,0.9134055112662013,0.0
503,2536,39,0,236,9,EXECUTION,0.9084286102294921,0.0050000000000000044
503,2536,39,0,236,9,WAIT_SEND,0.9134286102294921,0.0
503,2537,39,3,239,10,EXECUTION,0.9084286102294921,0.0050000000000000044
503,2537,39,3,239,10,WAIT_SEND,0.9134286102294921,0.0
498,2505,39,6,226,5,EXECUTION,0.8982286102294922,0.0050000000000000044
498,2505,39,6,226,5,WAIT_SEND,0.9032286102294922,0.0
498,2505,39,6,226,5,WAIT_RECV,0.9086286102294922,1.9999999999997797E-4
498,2505,39,6,226,5,EXECUTION,0.9086286102294922,0.0050000000000000044
498,2505,39,6,226,5,WAIT_SEND,0.9136286102294922,0.0
436,2021,30,1,186,1,EXECUTION,0.7253,0.06130934371948227
436,2021,30,1,186,1,WAIT_SEND,0.7866093437194822,0.0
436,2021,30,1,186,1,WAIT_RECV,0.8469358716837558,1.9999999999997797E-4
436,2021,30,1,186,1,EXECUTION,0.8469358716837558,0.06729018482510984
436,2021,30,1,186,1,WAIT_SEND,0.9142260565088657,0.0
439,2032,30,1,186,1,EXECUTION,0.7303,0.06330934371948227
439,2032,30,1,186,1,WAIT_SEND,0.7936093437194822,0.0
439,2032,30,1,186,1,WAIT_RECV,0.8470474906921381,1.9999999999997797E-4
439,2032,30,1,186,1,EXECUTION,0.8470474906921381,0.06730878799317352
439,2032,30,1,186,1,WAIT_SEND,0.9143562786853117,0.0
436,2018,30,0,185,0,WAIT_SEND,0.7251,0.0
436,2018,30,0,185,0,WAIT_RECV,0.9144260565088657,1.9999999999997797E-4
439,2030,30,0,185,0,WAIT_SEND,0.7301,0.0
439,2030,30,0,185,0,WAIT_RECV,0.9145562786853116,1.9999999999997797E-4
420,1944,4,1,11,1,EXECUTION,0.7003,0.05933998644199412
420,1944,4,1,11,1,WAIT_SEND,0.7596399864419942,0.0
420,1944,4,1,11,1,WAIT_RECV,0.8649565116344615,1.9999999999997797E-4
420,1944,4,1,11,1,EXECUTION,0.8649565116344615,0.050000000000000044
420,1944,4,1,11,1,WAIT_SEND,0.9149565116344616,0.0
420,1941,4,0,10,0,WAIT_SEND,0.7001000000000001,0.0
420,1941,4,0,10,0,WAIT_RECV,0.9151565116344615,1.9999999999997797E-4
432,2253,24,2,148,6,EXECUTION,0.8123555743774419,0.04369108268436028
432,2253,24,2,148,6,WAIT_SEND,0.8560466570618022,0.0
432,2253,24,2,148,6,WAIT_RECV,0.8717076789154061,1.9999999999997797E-4
432,2253,24,2,148,6,EXECUTION,0.8717076789154061,0.043610014271240116
432,2253,24,2,148,6,WAIT_SEND,0.9153176931866462,0.0
494,2397,2,3,3,7,EXECUTION,0.8622889936766035,0.010000000000000009
494,2397,2,3,3,7,WAIT_SEND,0.8722889936766035,0.0
494,2397,2,3,3,7,WAIT_RECV,0.9053271406492595,0.0013190734863279818
494,2397,2,3,3,7,EXECUTION,0.9053271406492595,0.010000000000000009
494,2397,2,3,3,7,WAIT_SEND,0.9153271406492595,0.0
509,2420,27,2,167,6,EXECUTION,0.8718190734863279,0.010000000000000009
509,2420,27,2,167,6,WAIT_SEND,0.8818190734863279,0.0
509,2420,27,2,167,6,WAIT_RECV,0.8944572204589839,0.0013190734863279818
509,2420,27,2,167,6,EXECUTION,0.8944572204589839,0.021319073486328
509,2420,27,2,167,6,WAIT_SEND,0.9157762939453119,0.0
504,2328,29,2,177,1,EXECUTION,0.8402999999999999,0.010000000000000009
504,2328,29,2,177,1,WAIT_SEND,0.8503,0.0
504,2328,29,2,177,1,WAIT_RECV,0.9059762939453119,0.0013190734863279818
504,2328,29,2,177,1,EXECUTION,0.9059762939453119,0.010000000000000009
504,2328,29,2,177,1,WAIT_SEND,0.9159762939453119,0.0
515,2437,15,3,89,6,EXECUTION,0.8756999999999999,0.010000000000000009
515,2437,15,3,89,6,WAIT_SEND,0.8856999999999999,0.0
515,2437,15,3,89,6,WAIT_RECV,0.8960999999999999,1.9999999999997797E-4
515,2437,15,3,89,6,EXECUTION,0.8960999999999999,0.020000000000000018
515,2437,15,3,89,6,WAIT_SEND,0.9160999999999999,0.0
504,2325,29,0,175,0,WAIT_SEND,0.8401,0.0
504,2325,29,0,175,0,WAIT_RECV,0.9161762939453119,1.9999999999997797E-4
520,2473,7,3,37,6,EXECUTION,0.8856999999999999,0.010000000000000009
520,2473,7,3,37,6,WAIT_SEND,0.8956999999999999,0.0
520,2473,7,3,37,6,WAIT_RECV,0.9083381469726559,0.0013190734863279818
520,2473,7,3,37,6,EXECUTION,0.9083381469726559,0.010000000000000009
520,2473,7,3,37,6,WAIT_SEND,0.9183381469726559,0.0
503,2522,39,7,227,6,EXECUTION,0.9032286102294921,0.0050000000000000044
503,2522,39,7,227,6,WAIT_SEND,0.9082286102294921,0.0
503,2522,39,7,227,6,WAIT_SEND,0.9082286102294921,0.0
503,2522,39,7,227,6,WAIT_RECV,0.913628610229492,1.9999999999997797E-4
503,2522,39,7,227,6,WAIT_RECV,0.913628610229492,1.9999999999997797E-4
503,2522,39,7,227,6,EXECUTION,0.913628610229492,0.0050000000000000044
503,2522,39,7,227,6,WAIT_SEND,0.918628610229492,0.0
508,2340,12,2,68,1,EXECUTION,0.8452999999999999,0.010000000000000009
508,2340,12,2,68,1,WAIT_SEND,0.8553,0.0
508,2340,12,2,68,1,WAIT_RECV,0.9087381469726559,0.0013190734863279818
508,2340,12,2,68,1,EXECUTION,0.9087381469726559,0.010000000000000009
508,2340,12,2,68,1,WAIT_SEND,0.9187381469726559,0.0
461,2294,19,1,122,7,EXECUTION,0.8294600028483069,0.036293642171223994
461,2294,19,1,122,7,WAIT_SEND,0.8657536450195309,0.0
461,2294,19,1,122,7,WAIT_RECV,0.8987917919921868,1.9999999999997797E-4
461,2294,19,1,122,7,EXECUTION,0.8987917919921868,0.020000000000000018
461,2294,19,1,122,7,WAIT_SEND,0.9187917919921869,0.0
498,2487,39,7,219,3,EXECUTION,0.8930286102294922,0.0050000000000000044
498,2487,39,7,219,3,WAIT_SEND,0.8980286102294922,0.0
498,2487,39,7,219,3,WAIT_RECV,0.9138286102294921,1.9999999999997797E-4
498,2487,39,7,219,3,EXECUTION,0.9138286102294921,0.0050000000000000044
498,2487,39,7,219,3,WAIT_SEND,0.9188286102294921,0.0
508,2337,12,0,66,0,WAIT_SEND,0.8451,0.0
508,2337,12,0,66,0,WAIT_RECV,0.9189381469726559,1.9999999999997797E-4
478,2476,30,5,190,6,EXECUTION,0.8867175031610709,0.010000000000000009
478,2476,30,5,190,6,WAIT_SEND,0.8967175031610709,0.0
478,2476,30,5,190,6,WAIT_RECV,0.9093556501337269,0.0013190734863279818
478,2476,30,5,190,6,EXECUTION,0.9093556501337269,0.010000000000000009
478,2476,30,5,190,6,WAIT_SEND,0.9193556501337269,0.0
500,2299,16,1,93,1,EXECUTION,0.8303,0.010000000000000009
500,2299,16,1,93,1,WAIT_SEND,0.8403,0.0
500,2299,16,1,93,1,WAIT_RECV,0.8915,1.9999999999997797E-4
500,2299,16,1,93,1,EXECUTION,0.8915,0.028100000000000014
500,2299,16,1,93,1,WAIT_SEND,0.9196,0.0
500,2297,16,0,92,0,WAIT_SEND,0.8301000000000001,0.0
500,2297,16,0,92,0,WAIT_RECV,0.9198,1.9999999999997797E-4
491,2261,19,3,116,1,EXECUTION,0.8153,0.01689768371581979
491,2261,19,3,116,1,WAIT_SEND,0.8321976837158198,0.0
491,2261,19,3,116,1,WAIT_RECV,0.9102251358032217,1.9999999999997797E-4
491,2261,19,3,116,1,EXECUTION,0.9102251358032217,0.010000000000000009
491,2261,19,3,116,1,WAIT_SEND,0.9202251358032217,0.0
491,2257,19,0,113,0,WAIT_SEND,0.8151,0.0
491,2257,19,0,113,0,WAIT_RECV,0.9204251358032217,1.9999999999997797E-4
467,2446,19,7,120,6,EXECUTION,0.8788045863240552,0.020000000000000018
467,2446,19,7,120,6,WAIT_SEND,0.8988045863240552,0.0
467,2446,19,7,120,6,WAIT_RECV,0.9114427332967112,0.0013190734863279818
467,2446,19,7,120,6,EXECUTION,0.9114427332967112,0.010000000000000009
467,2446,19,7,120,6,WAIT_SEND,0.9214427332967112,0.0
443,2275,4,2,12,6,EXECUTION,0.8208014102436699,0.03524159161027185
443,2275,4,2,12,6,WAIT_SEND,0.8560430018539418,0.0
443,2275,4,2,12,6,WAIT_RECV,0.8686811488265977,0.0013190734863279818
443,2275,4,2,12,6,EXECUTION,0.8686811488265977,0.053411279387104105
443,2275,4,2,12,6,WAIT_SEND,0.9220924282137019,0.0
507,2565,39,5,233,8,EXECUTION,0.9184286102294921,0.0050000000000000044
507,2565,39,5,233,8,WAIT_SEND,0.9234286102294921,0.0
486,2551,29,0,183,9,EXECUTION,0.9135346183855366,0.010000000000000009
486,2551,29,0,183,9,WAIT_SEND,0.9235346183855366,0.0
518,2423,26,3,162,7,EXECUTION,0.872738146972656,0.010000000000000009
518,2423,26,3,162,7,WAIT_SEND,0.882738146972656,0.0
518,2423,26,3,162,7,WAIT_RECV,0.9135381469726559,1.9999999999997797E-4
518,2423,26,3,162,7,EXECUTION,0.9135381469726559,0.010000000000000009
518,2423,26,3,162,7,WAIT_SEND,0.9235381469726559,0.0
487,2398,5,0,24,7,EXECUTION,0.8628055112662013,0.020000000000000018
487,2398,5,0,24,7,WAIT_SEND,0.8828055112662013,0.0
487,2398,5,0,24,7,WAIT_RECV,0.9136055112662013,1.9999999999997797E-4
487,2398,5,0,24,7,EXECUTION,0.9136055112662013,0.010000000000000009
487,2398,5,0,24,7,WAIT_SEND,0.9236055112662013,0.0
503,2503,39,1,221,4,EXECUTION,0.8980286102294921,0.0050000000000000044
503,2503,39,1,221,4,WAIT_SEND,0.9030286102294921,0.0
503,2503,39,1,221,4,WAIT_RECV,0.918828610229492,1.9999999999997797E-4
503,2503,39,1,221,4,EXECUTION,0.918828610229492,0.0050000000000000044
503,2503,39,1,221,4,WAIT_SEND,0.923828610229492,0.0
510,2552,18,5,111,9,EXECUTION,0.9138603088378906,0.010000000000000009
510,2552,18,5,111,9,WAIT_SEND,0.9238603088378906,0.0
502,2486,8,3,43,6,EXECUTION,0.891703629423128,0.010000000000000009
502,2486,8,3,43,6,WAIT_SEND,0.901703629423128,0.0
502,2486,8,3,43,6,WAIT_RECV,0.914341776395784,0.0013190734863279818
502,2486,8,3,43,6,EXECUTION,0.914341776395784,0.010000000000000009
502,2486,8,3,43,6,WAIT_SEND,0.924341776395784,0.0
440,2033,30,1,186,1,EXECUTION,0.7303,0.06330934371948227
440,2033,30,1,186,1,WAIT_SEND,0.7936093437194822,0.0
440,2033,30,1,186,1,WAIT_RECV,0.8571358716837558,1.9999999999997797E-4
440,2033,30,1,186,1,EXECUTION,0.8571358716837558,0.06730878799317352
440,2033,30,1,186,1,WAIT_SEND,0.9244446596769293,0.0
440,2031,30,0,185,0,WAIT_SEND,0.7301,0.0
440,2031,30,0,185,0,WAIT_RECV,0.9246446596769293,1.9999999999997797E-4
499,2557,28,4,173,9,EXECUTION,0.915289172105577,0.010000000000000009
499,2557,28,4,173,9,WAIT_SEND,0.925289172105577,0.0
519,2559,15,5,91,9,EXECUTION,0.9158999999999999,0.010000000000000009
519,2559,15,5,91,9,WAIT_SEND,0.9259,0.0
543,2561,13,4,77,8,EXECUTION,0.916619073486328,0.010000000000000009
543,2561,13,4,77,8,WAIT_SEND,0.926619073486328,0.0
444,2323,24,2,148,6,EXECUTION,0.8386419804443362,0.050648211535678445
444,2323,24,2,148,6,WAIT_SEND,0.8892901919800147,0.0
444,2323,24,2,148,6,WAIT_RECV,0.8996901919800147,1.9999999999997797E-4
444,2323,24,2,148,6,EXECUTION,0.8996901919800147,0.027339852788676233
444,2323,24,2,148,6,WAIT_SEND,0.9270300447686909,0.0
453,2093,9,1,48,1,EXECUTION,0.7553,0.0689556391954208
453,2093,9,1,48,1,WAIT_SEND,0.8242556391954208,0.0
453,2093,9,1,48,1,WAIT_RECV,0.8776937861680767,0.0013190734863279818
453,2093,9,1,48,1,EXECUTION,0.8776937861680767,0.050000000000000044
453,2093,9,1,48,1,WAIT_SEND,0.9276937861680767,0.0
453,2090,9,0,47,0,WAIT_SEND,0.7551,0.0
453,2090,9,0,47,0,WAIT_RECV,0.9278937861680767,1.9999999999997797E-4
512,2578,39,6,234,8,EXECUTION,0.923428610229492,0.0050000000000000044
512,2578,39,6,234,8,WAIT_SEND,0.928428610229492,0.0
507,2550,39,4,224,5,EXECUTION,0.9132286102294921,0.0050000000000000044
507,2550,39,4,224,5,WAIT_SEND,0.9182286102294921,0.0
507,2550,39,4,224,5,WAIT_RECV,0.923628610229492,1.9999999999997797E-4
507,2550,39,4,224,5,EXECUTION,0.923628610229492,0.0050000000000000044
507,2550,39,4,224,5,WAIT_SEND,0.9286286102294921,0.0
497,2345,14,5,84,7,EXECUTION,0.846619073486328,0.019680926513671926
497,2345,14,5,84,7,WAIT_SEND,0.8663,0.0
497,2345,14,5,84,7,WAIT_RECV,0.9117999999999993,1.9999999999997797E-4
497,2345,14,5,84,7,EXECUTION,0.9117999999999993,0.016859536743163317
497,2345,14,5,84,7,WAIT_SEND,0.9286595367431626,0.0
450,2081,21,1,134,1,EXECUTION,0.7503,0.010000000000000009
450,2081,21,1,134,1,WAIT_SEND,0.7603,0.0
450,2081,21,1,134,1,WAIT_RECV,0.8740001897786442,0.0013190734863279818
450,2081,21,1,134,1,EXECUTION,0.8740001897786442,0.05546381469726558
450,2081,21,1,134,1,WAIT_SEND,0.9294640044759098,0.0
450,2079,21,0,133,0,WAIT_SEND,0.7501,0.0
450,2079,21,0,133,0,WAIT_RECV,0.9296640044759098,1.9999999999997797E-4
496,2477,20,3,128,6,EXECUTION,0.886819073486328,0.010000000000000009
496,2477,20,3,128,6,WAIT_SEND,0.8968190734863281,0.0
496,2477,20,3,128,6,WAIT_RECV,0.907219073486328,1.9999999999997797E-4
496,2477,20,3,128,6,EXECUTION,0.907219073486328,0.022700000000000053
496,2477,20,3,128,6,WAIT_SEND,0.9299190734863281,0.0
460,2369,24,2,148,6,EXECUTION,0.8544705518552989,0.048523804541083515
460,2369,24,2,148,6,WAIT_SEND,0.9029943563963824,0.0
460,2369,24,2,148,6,WAIT_RECV,0.9133943563963823,1.9999999999997797E-4
460,2369,24,2,148,6,EXECUTION,0.9133943563963823,0.017138400317864955
460,2369,24,2,148,6,WAIT_SEND,0.9305327567142473,0.0
522,2572,31,6,202,9,EXECUTION,0.9208999999999999,0.010000000000000009
522,2572,31,6,202,9,WAIT_SEND,0.9309,0.0
467,2331,19,1,122,7,EXECUTION,0.8405790763346349,0.038025509989420336
467,2331,19,1,122,7,WAIT_SEND,0.8786045863240552,0.0
467,2331,19,1,122,7,WAIT_RECV,0.9216427332967112,1.9999999999997797E-4
467,2331,19,1,122,7,EXECUTION,0.9216427332967112,0.010000000000000009
467,2331,19,1,122,7,WAIT_SEND,0.9316427332967112,0.0
468,2156,2,0,0,0,WAIT_SEND,0.7801,0.0
468,2156,2,0,0,0,WAIT_RECV,0.9317572204589841,0.06292861022949203
501,2575,28,5,174,9,EXECUTION,0.9220190734863278,0.010000000000000009
501,2575,28,5,174,9,WAIT_SEND,0.9320190734863278,0.0
535,2576,16,6,98,9,EXECUTION,0.922019073486328,0.010000000000000009
535,2576,16,6,98,9,WAIT_SEND,0.932019073486328,0.0
495,2342,8,6,46,7,EXECUTION,0.8455,0.03370040903533156
495,2342,8,6,46,7,WAIT_SEND,0.8792004090353316,0.0
495,2342,8,6,46,7,WAIT_RECV,0.9122385560079875,1.9999999999997797E-4
495,2342,8,6,46,7,EXECUTION,0.9122385560079875,0.020000000000000018
495,2342,8,6,46,7,WAIT_SEND,0.9322385560079876,0.0
516,2457,14,3,82,6,EXECUTION,0.8818190734863279,0.020000000000000018
516,2457,14,3,82,6,WAIT_SEND,0.901819073486328,0.0
516,2457,14,3,82,6,WAIT_RECV,0.9122190734863279,1.9999999999997797E-4
516,2457,14,3,82,6,EXECUTION,0.9122190734863279,0.02010953674316429
516,2457,14,3,82,6,WAIT_SEND,0.9323286102294922,0.0
457,2105,9,1,48,1,EXECUTION,0.761419073486328,0.06997548477647542
457,2105,9,1,48,1,WAIT_SEND,0.8313945582628034,0.0
457,2105,9,1,48,1,WAIT_RECV,0.8848327052354593,0.0013190734863279818
457,2105,9,1,48,1,EXECUTION,0.8848327052354593,0.04857221618652352
457,2105,9,1,48,1,WAIT_SEND,0.9334049214219828,0.0
505,2329,31,1,197,1,EXECUTION,0.8402999999999999,0.020000000000000018
505,2329,31,1,197,1,WAIT_SEND,0.8603,0.0
505,2329,31,1,197,1,WAIT_RECV,0.9134190734863279,1.9999999999997797E-4
505,2329,31,1,197,1,EXECUTION,0.9134190734863279,0.020000000000000018
505,2329,31,1,197,1,WAIT_SEND,0.9334190734863279,0.0
513,2591,39,4,240,10,EXECUTION,0.9284286102294921,0.0050000000000000044
513,2591,39,4,240,10,WAIT_SEND,0.9334286102294921,0.0
513,2590,39,1,237,9,EXECUTION,0.9284286102294921,0.0050000000000000044
513,2590,39,1,237,9,WAIT_SEND,0.9334286102294921,0.0
505,2326,31,0,196,0,WAIT_SEND,0.8401,0.0
505,2326,31,0,196,0,WAIT_RECV,0.9336190734863279,1.9999999999997797E-4
512,2564,39,5,225,5,EXECUTION,0.918228610229492,0.0050000000000000044
512,2564,39,5,225,5,WAIT_SEND,0.923228610229492,0.0
512,2564,39,5,225,5,WAIT_RECV,0.928628610229492,1.9999999999997797E-4
512,2564,39,5,225,5,EXECUTION,0.928628610229492,0.0050000000000000044
512,2564,39,5,225,5,WAIT_SEND,0.933628610229492,0.0
425,1961,9,1,48,1,EXECUTION,0.7052999999999999,0.059119579736327754
425,1961,9,1,48,1,WAIT_SEND,0.7644195797363277,0.0
425,1961,9,1,48,1,WAIT_RECV,0.8852220846964969,0.0013190734863279818
425,1961,9,1,48,1,EXECUTION,0.8852220846964969,0.04841646440210845
425,1961,9,1,48,1,WAIT_SEND,0.9336385490986053,0.0
486,2523,29,5,180,6,EXECUTION,0.9033346183855366,0.010000000000000009
486,2523,29,5,180,6,WAIT_SEND,0.9133346183855366,0.0
486,2523,29,5,180,6,WAIT_RECV,0.9237346183855366,1.9999999999997797E-4
486,2523,29,5,180,6,EXECUTION,0.9237346183855366,0.010000000000000009
486,2523,29,5,180,6,WAIT_SEND,0.9337346183855366,0.0
507,2534,39,0,220,3,EXECUTION,0.9080286102294921,0.0050000000000000044
507,2534,39,0,220,3,WAIT_SEND,0.9130286102294921,0.0
507,2534,39,0,220,3,WAIT_RECV,0.928828610229492,1.9999999999997797E-4
507,2534,39,0,220,3,EXECUTION,0.928828610229492,0.0050000000000000044
507,2534,39,0,220,3,WAIT_SEND,0.933828610229492,0.0
425,1958,9,0,47,0,WAIT_SEND,0.7051,0.0
425,1958,9,0,47,0,WAIT_RECV,0.9338385490986053,1.9999999999997797E-4
510,2525,18,2,108,6,EXECUTION,0.9036603088378906,0.010000000000000009
510,2525,18,2,108,6,WAIT_SEND,0.9136603088378906,0.0
510,2525,18,2,108,6,WAIT_RECV,0.9240603088378906,1.9999999999997797E-4
510,2525,18,2,108,6,EXECUTION,0.9240603088378906,0.010000000000000009
510,2525,18,2,108,6,WAIT_SEND,0.9340603088378906,0.0
457,2101,3,0,5,0,WAIT_SEND,0.7601,0.0
457,2101,3,0,5,0,WAIT_RECV,0.9347239949083108,0.0013190734863279818
518,2392,29,3,178,1,EXECUTION,0.861419073486328,0.010000000000000009
518,2392,29,3,178,1,WAIT_SEND,0.871419073486328,0.0
518,2392,29,3,178,1,WAIT_RECV,0.9248572204589839,0.0013190734863279818
518,2392,29,3,178,1,EXECUTION,0.9248572204589839,0.010000000000000009
518,2392,29,3,178,1,WAIT_SEND,0.9348572204589839,0.0
511,2458,27,2,167,6,EXECUTION,0.8818190734863279,0.020000000000000018
511,2458,27,2,167,6,WAIT_SEND,0.901819073486328,0.0
511,2458,27,2,167,6,WAIT_RECV,0.9144572204589839,0.0013190734863279818
511,2458,27,2,167,6,EXECUTION,0.9144572204589839,0.020439691162109308
511,2458,27,2,167,6,WAIT_SEND,0.9348969116210932,0.0
519,2498,15,3,89,6,EXECUTION,0.8956999999999999,0.020000000000000018
519,2498,15,3,89,6,WAIT_SEND,0.9157,0.0
519,2498,15,3,89,6,WAIT_RECV,0.9260999999999999,1.9999999999997797E-4
519,2498,15,3,89,6,EXECUTION,0.9260999999999999,0.010000000000000009
519,2498,15,3,89,6,WAIT_SEND,0.9360999999999999,0.0
518,2386,27,0,165,0,WAIT_SEND,0.8601,0.0
518,2386,27,0,165,0,WAIT_RECV,0.9361762939453119,0.0013190734863279818
515,2406,15,4,90,7,EXECUTION,0.8654999999999999,0.010000000000000009
515,2406,15,4,90,7,WAIT_SEND,0.8755,0.0
515,2406,15,4,90,7,WAIT_RECV,0.9162999999999999,1.9999999999997797E-4
515,2406,15,4,90,7,EXECUTION,0.9162999999999999,0.020000000000000018
515,2406,15,4,90,7,WAIT_SEND,0.9362999999999999,0.0
499,2526,30,2,187,6,EXECUTION,0.903970098619249,0.010000000000000009
499,2526,30,2,187,6,WAIT_SEND,0.913970098619249,0.0
499,2526,30,2,187,6,WAIT_RECV,0.926608245591905,0.0013190734863279818
499,2526,30,2,187,6,EXECUTION,0.926608245591905,0.010000000000000009
499,2526,30,2,187,6,WAIT_SEND,0.936608245591905,0.0
473,2170,14,0,79,0,WAIT_SEND,0.7851,0.0
473,2170,14,0,79,0,WAIT_RECV,0.936757220458984,0.06292861022949203
531,2588,20,7,132,9,EXECUTION,0.9278404632568359,0.010000000000000009
531,2588,20,7,132,9,WAIT_SEND,0.9378404632568359,0.0
543,2532,17,2,102,5,EXECUTION,0.9053,0.010000000000000009
543,2532,17,2,102,5,WAIT_SEND,0.9153,0.0
543,2532,17,2,102,5,WAIT_RECV,0.927938146972656,0.0013190734863279818
543,2532,17,2,102,5,EXECUTION,0.927938146972656,0.010000000000000009
543,2532,17,2,102,5,WAIT_SEND,0.937938146972656,0.0
532,2589,5,2,26,9,EXECUTION,0.928138146972656,0.010000000000000009
532,2589,5,2,26,9,WAIT_SEND,0.938138146972656,0.0
543,2529,17,0,100,0,WAIT_SEND,0.9051,0.0
543,2529,17,0,100,0,WAIT_RECV,0.938138146972656,1.9999999999997797E-4
502,2382,8,6,46,7,EXECUTION,0.8578032203877964,0.03370040903533156
502,2382,8,6,46,7,WAIT_SEND,0.891503629423128,0.0
502,2382,8,6,46,7,WAIT_RECV,0.9245417763957839,1.9999999999997797E-4
502,2382,8,6,46,7,EXECUTION,0.9245417763957839,0.013848389806101813
502,2382,8,6,46,7,WAIT_SEND,0.9383901662018858,0.0
513,2577,39,0,228,6,EXECUTION,0.9232286102294921,0.0050000000000000044
513,2577,39,0,228,6,WAIT_SEND,0.9282286102294921,0.0
513,2577,39,0,228,6,WAIT_SEND,0.9282286102294921,0.0
513,2577,39,0,228,6,WAIT_RECV,0.9336286102294921,1.9999999999997797E-4
513,2577,39,0,228,6,WAIT_RECV,0.9336286102294921,1.9999999999997797E-4
513,2577,39,0,228,6,EXECUTION,0.9336286102294921,0.0050000000000000044
513,2577,39,0,228,6,WAIT_SEND,0.9386286102294921,0.0
512,2549,39,6,218,3,EXECUTION,0.913028610229492,0.0050000000000000044
512,2549,39,6,218,3,WAIT_SEND,0.918028610229492,0.0
512,2549,39,6,218,3,WAIT_RECV,0.9338286102294919,1.9999999999997797E-4
512,2549,39,6,218,3,EXECUTION,0.9338286102294919,0.0050000000000000044
512,2549,39,6,218,3,WAIT_SEND,0.9388286102294919,0.0
490,2260,18,1,107,1,EXECUTION,0.8153,0.020000000000000018
490,2260,18,1,107,1,WAIT_SEND,0.8353,0.0
490,2260,18,1,107,1,WAIT_RECV,0.9065,1.9999999999997797E-4
490,2260,18,1,107,1,EXECUTION,0.9065,0.03373333333333328
490,2260,18,1,107,1,WAIT_SEND,0.9402333333333333,0.0
490,2256,18,0,106,0,WAIT_SEND,0.8151,0.0
490,2256,18,0,106,0,WAIT_RECV,0.9404333333333332,1.9999999999997797E-4
533,2601,16,7,99,9,EXECUTION,0.9309,0.010000000000000009
533,2601,16,7,99,9,WAIT_SEND,0.9409,0.0
522,2545,31,2,198,6,EXECUTION,0.9107,0.010000000000000009
522,2545,31,2,198,6,WAIT_SEND,0.9207,0.0
522,2545,31,2,198,6,WAIT_RECV,0.9310999999999999,1.9999999999997797E-4
522,2545,31,2,198,6,EXECUTION,0.9310999999999999,0.010000000000000009
522,2545,31,2,198,6,WAIT_SEND,0.9410999999999999,0.0
529,2603,14,6,85,9,EXECUTION,0.9311999999999997,0.010000000000000009
529,2603,14,6,85,9,WAIT_SEND,0.9411999999999997,0.0
426,1972,9,1,48,1,EXECUTION,0.7102999999999999,0.060802228188747476
426,1972,9,1,48,1,WAIT_SEND,0.7711022281887474,0.0
426,1972,9,1,48,1,WAIT_RECV,0.9049913865639458,0.0013190734863279818
426,1972,9,1,48,1,EXECUTION,0.9049913865639458,0.03655488328163914
426,1972,9,1,48,1,WAIT_SEND,0.941546269845585,0.0
426,1969,9,0,47,0,WAIT_SEND,0.7101,0.0
426,1969,9,0,47,0,WAIT_RECV,0.941746269845585,1.9999999999997797E-4
466,2604,2,4,4,9,EXECUTION,0.9319483959073019,0.010000000000000009
466,2604,2,4,4,9,WAIT_SEND,0.941948395907302,0.0
535,2547,16,3,95,6,EXECUTION,0.911819073486328,0.010000000000000009
535,2547,16,3,95,6,WAIT_SEND,0.921819073486328,0.0
535,2547,16,3,95,6,WAIT_RECV,0.9322190734863279,1.9999999999997797E-4
535,2547,16,3,95,6,EXECUTION,0.9322190734863279,0.010000000000000009
535,2547,16,3,95,6,WAIT_SEND,0.9422190734863279,0.0
495,2287,8,2,42,1,EXECUTION,0.8253,0.020000000000000018
495,2287,8,2,42,1,WAIT_SEND,0.8453,0.0
495,2287,8,2,42,1,WAIT_RECV,0.9324385560079875,1.9999999999997797E-4
495,2287,8,2,42,1,EXECUTION,0.9324385560079875,0.010000000000000009
495,2287,8,2,42,1,WAIT_SEND,0.9424385560079875,0.0
495,2284,8,0,40,0,WAIT_SEND,0.8251000000000001,0.0
495,2284,8,0,40,0,WAIT_RECV,0.9426385560079875,1.9999999999997797E-4
501,2543,30,3,188,6,EXECUTION,0.9106999999999998,0.010000000000000009
501,2543,30,3,188,6,WAIT_SEND,0.9206999999999999,0.0
501,2543,30,3,188,6,WAIT_RECV,0.9333381469726558,0.0013190734863279818
501,2543,30,3,188,6,EXECUTION,0.9333381469726558,0.010000000000000009
501,2543,30,3,188,6,WAIT_SEND,0.9433381469726558,0.0
455,2322,4,2,12,6,EXECUTION,0.8374872060541407,0.037637021817143346
455,2322,4,2,12,6,WAIT_SEND,0.8751242278712841,0.0
455,2322,4,2,12,6,WAIT_RECV,0.88776237484394,0.0013190734863279818
455,2322,4,2,12,6,EXECUTION,0.88776237484394,0.05572167556162699
455,2322,4,2,12,6,WAIT_SEND,0.943484050405567,0.0
513,2563,39,2,222,4,EXECUTION,0.9180286102294921,0.0050000000000000044
513,2563,39,2,222,4,WAIT_SEND,0.9230286102294921,0.0
513,2563,39,2,222,4,WAIT_RECV,0.938828610229492,1.9999999999997797E-4
513,2563,39,2,222,4,EXECUTION,0.938828610229492,0.0050000000000000044
513,2563,39,2,222,4,WAIT_SEND,0.943828610229492,0.0
524,2609,28,4,173,9,EXECUTION,0.9344572204589839,0.010000000000000009
524,2609,28,4,173,9,WAIT_SEND,0.944457220458984,0.0
464,2613,5,3,27,9,EXECUTION,0.9352013416693585,0.010000000000000009
464,2613,5,3,27,9,WAIT_SEND,0.9452013416693585,0.0
494,2279,2,1,1,1,EXECUTION,0.821419073486328,0.04066992019027549
494,2279,2,1,1,1,WAIT_SEND,0.8620889936766035,0.0
494,2279,2,1,1,1,WAIT_RECV,0.9155271406492594,1.9999999999997797E-4
494,2279,2,1,1,1,EXECUTION,0.9155271406492594,0.030000000000000027
494,2279,2,1,1,1,WAIT_SEND,0.9455271406492595,0.0
478,2363,32,2,206,7,EXECUTION,0.8525,0.03289842967474288
478,2363,32,2,206,7,WAIT_SEND,0.8853984296747429,0.0
478,2363,32,2,206,7,WAIT_RECV,0.9206747236200549,0.0013190734863279818
478,2363,32,2,206,7,EXECUTION,0.9206747236200549,0.02500950520853129
478,2363,32,2,206,7,WAIT_SEND,0.9456842288285862,0.0
509,2379,27,3,168,7,EXECUTION,0.8566190734863279,0.015000000000000013
509,2379,27,3,168,7,WAIT_SEND,0.8716190734863279,0.0
509,2379,27,3,168,7,WAIT_RECV,0.9159762939453119,1.9999999999997797E-4
509,2379,27,3,168,7,EXECUTION,0.9159762939453119,0.030000000000000027
509,2379,27,3,168,7,WAIT_SEND,0.9459762939453119,0.0
499,2490,30,6,191,7,EXECUTION,0.893770098619249,0.010000000000000009
499,2490,30,6,191,7,WAIT_SEND,0.9037700986192491,0.0
499,2490,30,6,191,7,WAIT_RECV,0.936808245591905,1.9999999999997797E-4
499,2490,30,6,191,7,EXECUTION,0.936808245591905,0.010000000000000009
499,2490,30,6,191,7,WAIT_SEND,0.946808245591905,0.0
494,2270,3,0,5,0,WAIT_SEND,0.8201,0.0
494,2270,3,0,5,0,WAIT_RECV,0.9468462141355874,0.0013190734863279818
527,2636,39,3,231,7,EXECUTION,0.9432286102294921,0.0050000000000000044
527,2636,39,3,231,7,WAIT_SEND,0.9482286102294921,0.0
411,2053,24,3,149,7,EXECUTION,0.737978610229492,0.04588022438558004
411,2053,24,3,149,7,WAIT_SEND,0.783858834615072,0.0
411,2053,24,3,149,7,WAIT_RECV,0.8585598210693692,1.9999999999997797E-4
411,2053,24,3,149,7,EXECUTION,0.8585598210693692,0.08999999999999997
411,2053,24,3,149,7,WAIT_SEND,0.9485598210693692,0.0
502,2315,8,1,41,1,EXECUTION,0.8352999999999999,0.02230322038779653
502,2315,8,1,41,1,WAIT_SEND,0.8576032203877965,0.0
502,2315,8,1,41,1,WAIT_RECV,0.9385901662018857,1.9999999999997797E-4
502,2315,8,1,41,1,EXECUTION,0.9385901662018857,0.010000000000000009
502,2315,8,1,41,1,WAIT_SEND,0.9485901662018857,0.0
523,2620,18,6,112,9,EXECUTION,0.9387127156575519,0.010000000000000009
523,2620,18,6,112,9,WAIT_SEND,0.9487127156575519,0.0
502,2312,8,0,40,0,WAIT_SEND,0.8351,0.0
502,2312,8,0,40,0,WAIT_RECV,0.9487901662018857,1.9999999999997797E-4
532,2562,7,4,38,6,EXECUTION,0.916819073486328,0.010000000000000009
532,2562,7,4,38,6,WAIT_SEND,0.926819073486328,0.0
532,2562,7,4,38,6,WAIT_RECV,0.9394572204589839,0.0013190734863279818
532,2562,7,4,38,6,EXECUTION,0.9394572204589839,0.010000000000000009
532,2562,7,4,38,6,WAIT_SEND,0.949457220458984,0.0
485,2233,21,1,134,1,EXECUTION,0.8053,0.04500000000000004
485,2233,21,1,134,1,WAIT_SEND,0.8503000000000001,0.0
485,2233,21,1,134,1,WAIT_RECV,0.903738146972656,0.0013190734863279818
485,2233,21,1,134,1,EXECUTION,0.903738146972656,0.04587368012695281
485,2233,21,1,134,1,WAIT_SEND,0.9496118270996088,0.0
520,2435,7,5,39,7,EXECUTION,0.8755,0.010000000000000009
520,2435,7,5,39,7,WAIT_SEND,0.8855,0.0
520,2435,7,5,39,7,WAIT_RECV,0.9185381469726559,1.9999999999997797E-4
520,2435,7,5,39,7,EXECUTION,0.9185381469726559,0.031174796898477686
520,2435,7,5,39,7,WAIT_SEND,0.9497129438711336,0.0
485,2229,21,0,133,0,WAIT_SEND,0.8051,0.0
485,2229,21,0,133,0,WAIT_RECV,0.9498118270996088,1.9999999999997797E-4
454,2092,6,1,30,1,EXECUTION,0.7553,0.0424011833450878
454,2092,6,1,30,1,WAIT_SEND,0.7977011833450878,0.0
454,2092,6,1,30,1,WAIT_RECV,0.9001418441238109,0.0013190734863279818
454,2092,6,1,30,1,EXECUTION,0.9001418441238109,0.050000000000000044
454,2092,6,1,30,1,WAIT_SEND,0.950141844123811,0.0
454,2089,6,0,29,0,WAIT_SEND,0.7551,0.0
454,2089,6,0,29,0,WAIT_RECV,0.950341844123811,1.9999999999997797E-4
533,2571,16,2,94,6,EXECUTION,0.9207,0.010000000000000009
533,2571,16,2,94,6,WAIT_SEND,0.9307,0.0
533,2571,16,2,94,6,WAIT_RECV,0.9410999999999999,1.9999999999997797E-4
533,2571,16,2,94,6,EXECUTION,0.9410999999999999,0.010000000000000009
533,2571,16,2,94,6,WAIT_SEND,0.9511,0.0
522,2514,31,4,200,7,EXECUTION,0.9005,0.010000000000000009
522,2514,31,4,200,7,WAIT_SEND,0.9105,0.0
522,2514,31,4,200,7,WAIT_RECV,0.9412999999999999,1.9999999999997797E-4
522,2514,31,4,200,7,EXECUTION,0.9412999999999999,0.010000000000000009
522,2514,31,4,200,7,WAIT_SEND,0.9512999999999999,0.0
472,2630,9,5,52,9,EXECUTION,0.9420173259016837,0.010000000000000009
472,2630,9,5,52,9,WAIT_SEND,0.9520173259016838,0.0
443,2221,4,3,13,7,EXECUTION,0.8006014102436699,0.020000000000000018
443,2221,4,3,13,7,WAIT_SEND,0.82060141024367,0.0
443,2221,4,3,13,7,WAIT_RECV,0.9222924282137018,1.9999999999997797E-4
443,2221,4,3,13,7,EXECUTION,0.9222924282137018,0.030000000000000027
443,2221,4,3,13,7,WAIT_SEND,0.9522924282137019,0.0
519,2436,15,4,90,7,EXECUTION,0.8755,0.020000000000000018
519,2436,15,4,90,7,WAIT_SEND,0.8955,0.0
519,2436,15,4,90,7,WAIT_RECV,0.9362999999999999,1.9999999999997797E-4
519,2436,15,4,90,7,EXECUTION,0.9362999999999999,0.016599999999999837
519,2436,15,4,90,7,WAIT_SEND,0.9528999999999997,0.0
527,2652,39,7,235,8,EXECUTION,0.9484286102294921,0.0050000000000000044
527,2652,39,7,235,8,WAIT_SEND,0.9534286102294921,0.0
501,2512,30,7,192,7,EXECUTION,0.9004999999999999,0.010000000000000009
501,2512,30,7,192,7,WAIT_SEND,0.9104999999999999,0.0
501,2512,30,7,192,7,WAIT_RECV,0.9435381469726558,1.9999999999997797E-4
501,2512,30,7,192,7,EXECUTION,0.9435381469726558,0.010000000000000009
501,2512,30,7,192,7,WAIT_SEND,0.9535381469726558,0.0
516,2418,11,2,64,7,EXECUTION,0.8704999999999999,0.010000000000000009
516,2418,11,2,64,7,WAIT_SEND,0.8805,0.0
516,2418,11,2,64,7,WAIT_RECV,0.9336476837158202,0.0013190734863279818
516,2418,11,2,64,7,EXECUTION,0.9336476837158202,0.020000000000000018
516,2418,11,2,64,7,WAIT_SEND,0.9536476837158202,0.0
510,2465,18,4,110,7,EXECUTION,0.8834603088378906,0.020000000000000018
510,2465,18,4,110,7,WAIT_SEND,0.9034603088378906,0.0
510,2465,18,4,110,7,WAIT_RECV,0.9342603088378906,1.9999999999997797E-4
510,2465,18,4,110,7,EXECUTION,0.9342603088378906,0.020000000000000018
510,2465,18,4,110,7,WAIT_SEND,0.9542603088378906,0.0
534,2639,20,6,131,9,EXECUTION,0.944719073486328,0.010000000000000009
534,2639,20,6,131,9,WAIT_SEND,0.954719073486328,0.0
524,2548,27,2,167,6,EXECUTION,0.911819073486328,0.021319073486328
524,2548,27,2,167,6,WAIT_SEND,0.933138146972656,0.0
524,2548,27,2,167,6,WAIT_RECV,0.9457762939453119,0.0013190734863279818
524,2548,27,2,167,6,EXECUTION,0.9457762939453119,0.010000000000000009
524,2548,27,2,167,6,WAIT_SEND,0.9557762939453119,0.0
515,2373,15,2,88,1,EXECUTION,0.8553,0.010000000000000009
515,2373,15,2,88,1,WAIT_SEND,0.8653,0.0
515,2373,15,2,88,1,WAIT_RECV,0.9364999999999999,1.9999999999997797E-4
515,2373,15,2,88,1,EXECUTION,0.9364999999999999,0.020000000000000018
515,2373,15,2,88,1,WAIT_SEND,0.9564999999999999,0.0
515,2371,15,0,86,0,WAIT_SEND,0.8551,0.0
515,2371,15,0,86,0,WAIT_RECV,0.9566999999999999,1.9999999999997797E-4
483,2231,30,0,185,0,WAIT_SEND,0.8051,0.0
483,2231,30,0,185,0,WAIT_RECV,0.956757220458984,0.06292861022949203
463,2133,30,1,186,1,EXECUTION,0.771419073486328,0.061340036214192484
463,2133,30,1,186,1,WAIT_SEND,0.8327591097005205,0.0
463,2133,30,1,186,1,WAIT_RECV,0.8931381469726559,1.9999999999997797E-4
463,2133,30,1,186,1,EXECUTION,0.8931381469726559,0.06371304385545484
463,2133,30,1,186,1,WAIT_SEND,0.9568511908281108,0.0
509,2341,28,1,170,1,EXECUTION,0.8452999999999999,0.010000000000000009
509,2341,28,1,170,1,WAIT_SEND,0.8553,0.0
509,2341,28,1,170,1,WAIT_RECV,0.9472953674316399,0.0013190734863279818
509,2341,28,1,170,1,EXECUTION,0.9472953674316399,0.010000000000000009
509,2341,28,1,170,1,WAIT_SEND,0.9572953674316399,0.0
509,2338,28,0,169,0,WAIT_SEND,0.8451,0.0
509,2338,28,0,169,0,WAIT_RECV,0.9574953674316399,1.9999999999997797E-4
496,2440,20,5,130,7,EXECUTION,0.8766190734863281,0.010000000000000009
496,2440,20,5,130,7,WAIT_SEND,0.8866190734863281,0.0
496,2440,20,5,130,7,WAIT_RECV,0.930119073486328,1.9999999999997797E-4
496,2440,20,5,130,7,EXECUTION,0.930119073486328,0.027666666666666728
496,2440,20,5,130,7,WAIT_SEND,0.9577857401529948,0.0
451,2349,4,2,12,6,EXECUTION,0.8493686511044799,0.043755030526045124
451,2349,4,2,12,6,WAIT_SEND,0.893123681630525,0.0
451,2349,4,2,12,6,WAIT_RECV,0.9058220539174825,0.0013190734863279818
451,2349,4,2,12,6,EXECUTION,0.9058220539174825,0.05225774165076169
451,2349,4,2,12,6,WAIT_SEND,0.9580797955682442,0.0
531,2533,20,3,128,6,EXECUTION,0.9057,0.021940463256835963
531,2533,20,3,128,6,WAIT_SEND,0.9276404632568359,0.0
531,2533,20,3,128,6,WAIT_RECV,0.9380404632568359,1.9999999999997797E-4
531,2533,20,3,128,6,EXECUTION,0.9380404632568359,0.02006612967529331
531,2533,20,3,128,6,WAIT_SEND,0.9581065929321292,0.0
463,2130,33,0,207,0,WAIT_SEND,0.7701,0.0
463,2130,33,0,207,0,WAIT_RECV,0.9581702643144387,0.0013190734863279818
527,2637,39,6,226,5,EXECUTION,0.9432286102294921,0.0050000000000000044
527,2637,39,6,226,5,WAIT_SEND,0.9482286102294921,0.0
527,2637,39,6,226,5,WAIT_RECV,0.9536286102294921,1.9999999999997797E-4
527,2637,39,6,226,5,EXECUTION,0.9536286102294921,0.0050000000000000044
527,2637,39,6,226,5,WAIT_SEND,0.9586286102294921,0.0
511,2394,27,3,168,7,EXECUTION,0.8616190734863279,0.020000000000000018
511,2394,27,3,168,7,WAIT_SEND,0.881619073486328,0.0
511,2394,27,3,168,7,WAIT_RECV,0.9350969116210932,1.9999999999997797E-4
511,2394,27,3,168,7,EXECUTION,0.9350969116210932,0.02362646077473962
511,2394,27,3,168,7,WAIT_SEND,0.9587233723958328,0.0
523,2592,18,3,109,6,EXECUTION,0.9285127156575519,0.010000000000000009
523,2592,18,3,109,6,WAIT_SEND,0.9385127156575519,0.0
523,2592,18,3,109,6,WAIT_RECV,0.9489127156575519,1.9999999999997797E-4
523,2592,18,3,109,6,EXECUTION,0.9489127156575519,0.010000000000000009
523,2592,18,3,109,6,WAIT_SEND,0.9589127156575519,0.0
482,2216,6,1,30,1,EXECUTION,0.8003,0.052795691056742755
482,2216,6,1,30,1,WAIT_SEND,0.8530956910567428,0.0
482,2216,6,1,30,1,WAIT_RECV,0.9130190734863279,0.0013190734863279818
482,2216,6,1,30,1,EXECUTION,0.9130190734863279,0.047424554127496577
482,2216,6,1,30,1,WAIT_SEND,0.9604436276138245,0.0
482,2213,6,0,29,0,WAIT_SEND,0.8001,0.0
482,2213,6,0,29,0,WAIT_RECV,0.9606436276138245,1.9999999999997797E-4
533,2542,16,4,96,7,EXECUTION,0.9105,0.010000000000000009
533,2542,16,4,96,7,WAIT_SEND,0.9205,0.0
533,2542,16,4,96,7,WAIT_RECV,0.9512999999999999,1.9999999999997797E-4
533,2542,16,4,96,7,EXECUTION,0.9512999999999999,0.010000000000000009
533,2542,16,4,96,7,WAIT_SEND,0.9612999999999999,0.0
522,2417,31,1,197,1,EXECUTION,0.8703,0.030000000000000027
522,2417,31,1,197,1,WAIT_SEND,0.9003,0.0
522,2417,31,1,197,1,WAIT_RECV,0.9514999999999999,1.9999999999997797E-4
522,2417,31,1,197,1,EXECUTION,0.9514999999999999,0.010000000000000009
522,2417,31,1,197,1,WAIT_SEND,0.9614999999999999,0.0
522,2415,31,0,196,0,WAIT_SEND,0.8701,0.0
522,2415,31,0,196,0,WAIT_RECV,0.9616999999999999,1.9999999999997797E-4
488,2244,25,0,151,0,WAIT_SEND,0.8101,0.0
488,2244,25,0,151,0,WAIT_RECV,0.9617572204589842,0.06292861022949203
536,2662,14,6,85,9,EXECUTION,0.9523095367431635,0.010000000000000009
536,2662,14,6,85,9,WAIT_SEND,0.9623095367431636,0.0
535,2516,16,5,97,7,EXECUTION,0.901619073486328,0.010000000000000009
535,2516,16,5,97,7,WAIT_SEND,0.911619073486328,0.0
535,2516,16,5,97,7,WAIT_RECV,0.9424190734863279,1.9999999999997797E-4
535,2516,16,5,97,7,EXECUTION,0.9424190734863279,0.020000000000000018
535,2516,16,5,97,7,WAIT_SEND,0.9624190734863279,0.0
527,2619,39,4,216,2,EXECUTION,0.9380286102294921,0.0050000000000000044
527,2619,39,4,216,2,WAIT_SEND,0.9430286102294921,0.0
527,2619,39,4,216,2,WAIT_SEND,0.9430286102294921,0.0
527,2619,39,4,216,2,WAIT_RECV,0.9484286102294921,1.9999999999997797E-4
527,2619,39,4,216,2,WAIT_RECV,0.9588286102294921,1.9999999999997797E-4
527,2619,39,4,216,2,EXECUTION,0.9588286102294921,0.0050000000000000044
527,2619,39,4,216,2,WAIT_SEND,0.9638286102294921,0.0
521,2663,33,3,210,9,EXECUTION,0.9539329787176217,0.010000000000000009
521,2663,33,3,210,9,WAIT_SEND,0.9639329787176217,0.0
538,2664,16,6,98,9,EXECUTION,0.954,0.010000000000000009
538,2664,16,6,98,9,WAIT_SEND,0.964,0.0
455,2266,2,2,2,7,EXECUTION,0.8161681325678127,0.020000000000000018
455,2266,2,2,2,7,WAIT_SEND,0.8361681325678127,0.0
455,2266,2,2,2,7,WAIT_RECV,0.944803123891895,0.0013190734863279818
455,2266,2,2,2,7,EXECUTION,0.944803123891895,0.020000000000000018
455,2266,2,2,2,7,WAIT_SEND,0.964803123891895,0.0
567,2672,9,3,50,9,EXECUTION,0.9555,0.010000000000000009
567,2672,9,3,50,9,WAIT_SEND,0.9655,0.0
567,2673,4,5,15,10,EXECUTION,0.956619073486328,0.010000000000000009
567,2673,4,5,15,10,WAIT_SEND,0.966619073486328,0.0
545,2678,15,5,91,9,EXECUTION,0.957019073486328,0.010000000000000009
545,2678,15,5,91,9,WAIT_SEND,0.967019073486328,0.0
556,2679,26,5,164,9,EXECUTION,0.957019073486328,0.010000000000000009
556,2679,26,5,164,9,WAIT_SEND,0.967019073486328,0.0
524,2456,27,3,168,7,EXECUTION,0.881619073486328,0.030000000000000027
524,2456,27,3,168,7,WAIT_SEND,0.911619073486328,0.0
524,2456,27,3,168,7,WAIT_RECV,0.9559762939453119,1.9999999999997797E-4
524,2456,27,3,168,7,EXECUTION,0.9559762939453119,0.01137353922526041
524,2456,27,3,168,7,WAIT_SEND,0.9673498331705723,0.0
487,2246,6,1,30,1,EXECUTION,0.8103,0.051186437779873306
487,2246,6,1,30,1,WAIT_SEND,0.8614864377798733,0.0
487,2246,6,1,30,1,WAIT_RECV,0.9249245847525293,0.0013190734863279818
487,2246,6,1,30,1,EXECUTION,0.9249245847525293,0.042662349621016116
487,2246,6,1,30,1,WAIT_SEND,0.9675869343735454,0.0
529,2544,14,3,82,6,EXECUTION,0.9107,0.020299999999999763
529,2544,14,3,82,6,WAIT_SEND,0.9309999999999997,0.0
529,2544,14,3,82,6,WAIT_RECV,0.9413999999999997,1.9999999999997797E-4
529,2544,14,3,82,6,EXECUTION,0.9413999999999997,0.026276975504557654
529,2544,14,3,82,6,WAIT_SEND,0.9676769755045573,0.0
487,2243,6,0,29,0,WAIT_SEND,0.8101,0.0
487,2243,6,0,29,0,WAIT_RECV,0.9677869343735453,1.9999999999997797E-4
486,2429,32,2,206,7,EXECUTION,0.8738047109757715,0.02821083392343715
486,2429,32,2,206,7,WAIT_SEND,0.9020155448992087,0.0
486,2429,32,2,206,7,WAIT_RECV,0.9350536918718646,0.0013190734863279818
486,2429,32,2,206,7,EXECUTION,0.9350536918718646,0.03455516919747703
486,2429,32,2,206,7,WAIT_SEND,0.9696088610693416,0.0
497,2292,14,2,81,1,EXECUTION,0.826419073486328,0.020000000000000018
497,2292,14,2,81,1,WAIT_SEND,0.846419073486328,0.0
497,2292,14,2,81,1,WAIT_RECV,0.9288595367431626,1.9999999999997797E-4
497,2292,14,2,81,1,EXECUTION,0.9288595367431626,0.04088988418579065
497,2292,14,2,81,1,WAIT_SEND,0.9697494209289532,0.0
520,2403,7,2,36,1,EXECUTION,0.8653,0.010000000000000009
520,2403,7,2,36,1,WAIT_SEND,0.8753,0.0
520,2403,7,2,36,1,WAIT_RECV,0.9499129438711336,1.9999999999997797E-4
520,2403,7,2,36,1,EXECUTION,0.9499129438711336,0.020000000000000018
520,2403,7,2,36,1,WAIT_SEND,0.9699129438711336,0.0
511,2355,28,2,171,1,EXECUTION,0.8503,0.010000000000000009
511,2355,28,2,171,1,WAIT_SEND,0.8603,0.0
511,2355,28,2,171,1,WAIT_RECV,0.9600424458821608,0.0013190734863279818
511,2355,28,2,171,1,EXECUTION,0.9600424458821608,0.010000000000000009
511,2355,28,2,171,1,WAIT_SEND,0.9700424458821608,0.0
520,2400,7,0,34,0,WAIT_SEND,0.8651,0.0
520,2400,7,0,34,0,WAIT_RECV,0.9701129438711336,1.9999999999997797E-4
430,1991,32,1,205,1,EXECUTION,0.7164190734863279,0.06935651884756999
430,1991,32,1,205,1,WAIT_SEND,0.7857755923338979,0.0
430,1991,32,1,205,1,WAIT_RECV,0.8857788107370126,1.9999999999997797E-4
430,1991,32,1,205,1,EXECUTION,0.8857788107370126,0.08439489255866683
430,1991,32,1,205,1,WAIT_SEND,0.9701737032956794,0.0
511,2353,28,0,169,0,WAIT_SEND,0.8501,0.0
511,2353,28,0,169,0,WAIT_RECV,0.9702424458821608,1.9999999999997797E-4
497,2285,10,0,53,0,WAIT_SEND,0.8251000000000001,0.0
497,2285,10,0,53,0,WAIT_RECV,0.9710684944152812,0.0013190734863279818
430,1987,33,0,207,0,WAIT_SEND,0.7151,0.0
430,1987,33,0,207,0,WAIT_RECV,0.9714927767820074,0.0013190734863279818
542,2691,5,4,28,9,EXECUTION,0.962019073486328,0.010000000000000009
542,2691,5,4,28,9,WAIT_SEND,0.972019073486328,0.0
571,2692,13,4,77,8,EXECUTION,0.962738146972656,0.010000000000000009
571,2692,13,4,77,8,WAIT_SEND,0.972738146972656,0.0
519,2404,15,1,87,1,EXECUTION,0.8653,0.010000000000000009
519,2404,15,1,87,1,WAIT_SEND,0.8753,0.0
519,2404,15,1,87,1,WAIT_RECV,0.9530999999999997,1.9999999999997797E-4
519,2404,15,1,87,1,EXECUTION,0.9530999999999997,0.020000000000000018
519,2404,15,1,87,1,WAIT_SEND,0.9730999999999997,0.0
480,2693,24,4,150,9,EXECUTION,0.9632508708491763,0.010000000000000009
480,2693,24,4,150,9,WAIT_SEND,0.9732508708491763,0.0
519,2401,15,0,86,0,WAIT_SEND,0.8651,0.0
519,2401,15,0,86,0,WAIT_RECV,0.9732999999999997,1.9999999999997797E-4
538,2638,16,3,95,6,EXECUTION,0.9438,0.010000000000000009
538,2638,16,3,95,6,WAIT_SEND,0.9538,0.0
538,2638,16,3,95,6,WAIT_RECV,0.9642,1.9999999999997797E-4
538,2638,16,3,95,6,EXECUTION,0.9642,0.010000000000000009
538,2638,16,3,95,6,WAIT_SEND,0.9742,0.0
534,2574,20,3,128,6,EXECUTION,0.921819073486328,0.022700000000000053
534,2574,20,3,128,6,WAIT_SEND,0.944519073486328,0.0
534,2574,20,3,128,6,WAIT_RECV,0.954919073486328,1.9999999999997797E-4
534,2574,20,3,128,6,EXECUTION,0.954919073486328,0.02006612967529331
534,2574,20,3,128,6,WAIT_SEND,0.9749852031616213,0.0
521,2633,30,4,189,6,EXECUTION,0.9426139052312937,0.010000000000000009
521,2633,30,4,189,6,WAIT_SEND,0.9526139052312937,0.0
521,2633,30,4,189,6,WAIT_RECV,0.9652520522039497,0.0013190734863279818
521,2633,30,4,189,6,EXECUTION,0.9652520522039497,0.010000000000000009
521,2633,30,4,189,6,WAIT_SEND,0.9752520522039497,0.0
562,2703,5,2,26,9,EXECUTION,0.967019073486328,0.010000000000000009
562,2703,5,2,26,9,WAIT_SEND,0.977019073486328,0.0
556,2650,26,1,160,6,EXECUTION,0.946819073486328,0.010000000000000009
556,2650,26,1,160,6,WAIT_SEND,0.956819073486328,0.0
556,2650,26,1,160,6,WAIT_RECV,0.967219073486328,1.9999999999997797E-4
556,2650,26,1,160,6,EXECUTION,0.967219073486328,0.010000000000000009
556,2650,26,1,160,6,WAIT_SEND,0.977219073486328,0.0
567,2644,9,2,49,6,EXECUTION,0.9453,0.010000000000000009
567,2644,9,2,49,6,WAIT_SEND,0.9553,0.0
567,2644,9,2,49,6,WAIT_SEND,0.9553,0.0
567,2644,9,2,49,6,WAIT_RECV,0.9657,1.9999999999997797E-4
567,2644,9,2,49,6,WAIT_RECV,0.967938146972656,0.0013190734863279818
567,2644,9,2,49,6,EXECUTION,0.967938146972656,0.010000000000000009
567,2644,9,2,49,6,WAIT_SEND,0.977938146972656,0.0
435,2022,32,1,205,1,EXECUTION,0.7253,0.06520879748969177
435,2022,32,1,205,1,WAIT_SEND,0.7905087974896917,0.0
435,2022,32,1,205,1,WAIT_RECV,0.8927501628654624,1.9999999999997797E-4
435,2022,32,1,205,1,EXECUTION,0.8927501628654624,0.08526631157472309
435,2022,32,1,205,1,WAIT_SEND,0.9780164744401855,0.0
567,2642,9,0,47,0,WAIT_SEND,0.9451,0.0
567,2642,9,0,47,0,WAIT_RECV,0.978138146972656,1.9999999999997797E-4
435,2019,32,0,204,0,WAIT_SEND,0.7251,0.0
435,2019,32,0,204,0,WAIT_RECV,0.9782164744401854,1.9999999999997797E-4
451,2267,4,4,14,7,EXECUTION,0.8172812566999419,0.03188739440453803
451,2267,4,4,14,7,WAIT_SEND,0.8491686511044799,0.0
451,2267,4,4,14,7,WAIT_RECV,0.9582797955682442,1.9999999999997797E-4
451,2267,4,4,14,7,EXECUTION,0.9582797955682442,0.020000000000000018
451,2267,4,4,14,7,WAIT_SEND,0.9782797955682442,0.0
524,2416,29,4,179,1,EXECUTION,0.8703,0.010000000000000009
524,2416,29,4,179,1,WAIT_SEND,0.8803,0.0
524,2416,29,4,179,1,WAIT_RECV,0.9686689066569003,0.0013190734863279818
524,2416,29,4,179,1,EXECUTION,0.9686689066569003,0.010000000000000009
524,2416,29,4,179,1,WAIT_SEND,0.9786689066569003,0.0
524,2414,29,0,175,0,WAIT_SEND,0.8701,0.0
524,2414,29,0,175,0,WAIT_RECV,0.9788689066569003,1.9999999999997797E-4
523,2535,18,4,110,7,EXECUTION,0.9083127156575519,0.020000000000000018
523,2535,18,4,110,7,WAIT_SEND,0.9283127156575519,0.0
523,2535,18,4,110,7,WAIT_RECV,0.9591127156575519,1.9999999999997797E-4
523,2535,18,4,110,7,EXECUTION,0.9591127156575519,0.019879382324218597
523,2535,18,4,110,7,WAIT_SEND,0.9789920979817704,0.0
461,2118,22,1,137,1,EXECUTION,0.7653,0.06284092936197894
461,2118,22,1,137,1,WAIT_SEND,0.8281409293619789,0.0
461,2118,22,1,137,1,WAIT_RECV,0.9201108654785148,0.0013190734863279818
461,2118,22,1,137,1,EXECUTION,0.9201108654785148,0.06000000000000005
461,2118,22,1,137,1,WAIT_SEND,0.9801108654785149,0.0
461,2115,22,0,136,0,WAIT_SEND,0.7651,0.0
461,2115,22,0,136,0,WAIT_RECV,0.9803108654785149,1.9999999999997797E-4
417,2076,24,3,149,7,EXECUTION,0.747978610229492,0.05382817661132888
417,2076,24,3,149,7,WAIT_SEND,0.8018067868408209,0.0
417,2076,24,3,149,7,WAIT_RECV,0.894696728418003,1.9999999999997797E-4
417,2076,24,3,149,7,EXECUTION,0.894696728418003,0.08621581096700448
417,2076,24,3,149,7,WAIT_SEND,0.9809125393850074,0.0
498,2296,7,0,34,0,WAIT_SEND,0.8301000000000001,0.0
498,2296,7,0,34,0,WAIT_RECV,0.9817572204589842,0.06292861022949203
558,2716,10,7,60,9,EXECUTION,0.972019073486328,0.010000000000000009
558,2716,10,7,60,9,WAIT_SEND,0.982019073486328,0.0
547,2733,39,4,232,7,EXECUTION,0.9782522700398754,0.0050000000000000044
547,2733,39,4,232,7,WAIT_SEND,0.9832522700398754,0.0
535,2483,17,1,101,1,EXECUTION,0.8903,0.010000000000000009
535,2483,17,1,101,1,WAIT_SEND,0.9003,0.0
535,2483,17,1,101,1,WAIT_RECV,0.9637381469726559,0.0013190734863279818
535,2483,17,1,101,1,EXECUTION,0.9637381469726559,0.020000000000000018
535,2483,17,1,101,1,WAIT_SEND,0.9837381469726559,0.0
535,2480,17,0,100,0,WAIT_SEND,0.8901,0.0
535,2480,17,0,100,0,WAIT_RECV,0.9839381469726559,1.9999999999997797E-4
532,2500,7,5,39,7,EXECUTION,0.896619073486328,0.020000000000000018
532,2500,7,5,39,7,WAIT_SEND,0.916619073486328,0.0
532,2500,7,5,39,7,WAIT_RECV,0.9496572204589839,1.9999999999997797E-4
532,2500,7,5,39,7,EXECUTION,0.9496572204589839,0.03436462346160185
532,2500,7,5,39,7,WAIT_SEND,0.9840218439205858,0.0
571,2658,17,2,102,5,EXECUTION,0.951419073486328,0.010000000000000009
571,2658,17,2,102,5,WAIT_SEND,0.961419073486328,0.0
571,2658,17,2,102,5,WAIT_RECV,0.974057220458984,0.0013190734863279818
571,2658,17,2,102,5,EXECUTION,0.974057220458984,0.010000000000000009
571,2658,17,2,102,5,WAIT_SEND,0.984057220458984,0.0
538,2579,16,5,97,7,EXECUTION,0.9236,0.020000000000000018
538,2579,16,5,97,7,WAIT_SEND,0.9436,0.0
538,2579,16,5,97,7,WAIT_RECV,0.9743999999999999,1.9999999999997797E-4
538,2579,16,5,97,7,EXECUTION,0.9743999999999999,0.010000000000000009
538,2579,16,5,97,7,WAIT_SEND,0.9843999999999999,0.0
510,2354,18,1,107,1,EXECUTION,0.8503,0.032960308837890695
510,2354,18,1,107,1,WAIT_SEND,0.8832603088378906,0.0
510,2354,18,1,107,1,WAIT_RECV,0.9544603088378906,1.9999999999997797E-4
510,2354,18,1,107,1,EXECUTION,0.9544603088378906,0.030000000000000027
510,2354,18,1,107,1,WAIT_SEND,0.9844603088378906,0.0
533,2471,16,1,93,1,EXECUTION,0.8853,0.025000000000000022
533,2471,16,1,93,1,WAIT_SEND,0.9103,0.0
533,2471,16,1,93,1,WAIT_RECV,0.9614999999999999,1.9999999999997797E-4
533,2471,16,1,93,1,EXECUTION,0.9614999999999999,0.02310000000000001
533,2471,16,1,93,1,WAIT_SEND,0.9845999999999999,0.0
537,2704,2,4,4,9,EXECUTION,0.968138146972656,0.016463350074178318
537,2704,2,4,4,9,WAIT_SEND,0.9846014970468343,0.0
510,2352,18,0,106,0,WAIT_SEND,0.8501,0.0
510,2352,18,0,106,0,WAIT_RECV,0.9846603088378906,1.9999999999997797E-4
533,2469,16,0,92,0,WAIT_SEND,0.8851,0.0
533,2469,16,0,92,0,WAIT_RECV,0.9847999999999999,1.9999999999997797E-4
455,2091,2,1,1,1,EXECUTION,0.7553,0.06066813256781278
455,2091,2,1,1,1,WAIT_SEND,0.8159681325678128,0.0
455,2091,2,1,1,1,WAIT_RECV,0.965003123891895,1.9999999999997797E-4
455,2091,2,1,1,1,EXECUTION,0.965003123891895,0.020000000000000018
455,2091,2,1,1,1,WAIT_SEND,0.985003123891895,0.0
455,2088,2,0,0,0,WAIT_SEND,0.7551,0.0
455,2088,2,0,0,0,WAIT_RECV,0.985203123891895,1.9999999999997797E-4
571,2654,14,0,79,0,WAIT_SEND,0.9501000000000001,0.0
571,2654,14,0,79,0,WAIT_RECV,0.985376293945312,0.0013190734863279818
521,2606,30,0,193,7,EXECUTION,0.9324139052312937,0.010000000000000009
521,2606,30,0,193,7,WAIT_SEND,0.9424139052312938,0.0
521,2606,30,0,193,7,WAIT_RECV,0.9754520522039497,1.9999999999997797E-4
521,2606,30,0,193,7,EXECUTION,0.9754520522039497,0.010000000000000009
521,2606,30,0,193,7,WAIT_SEND,0.9854520522039497,0.0
466,2430,4,2,12,6,EXECUTION,0.875001076413716,0.05562824600725791
466,2430,4,2,12,6,WAIT_SEND,0.930629322420974,0.0
466,2430,4,2,12,6,WAIT_RECV,0.9432674693936299,0.0013190734863279818
466,2430,4,2,12,6,EXECUTION,0.9432674693936299,0.042599275316036245
466,2430,4,2,12,6,WAIT_SEND,0.9858667447096662,0.0
579,2728,19,2,123,8,EXECUTION,0.9766190734863279,0.010000000000000009
579,2728,19,2,123,8,WAIT_SEND,0.9866190734863279,0.0
516,2388,11,1,63,1,EXECUTION,0.8603,0.010000000000000009
516,2388,11,1,63,1,WAIT_SEND,0.8703,0.0
516,2388,11,1,63,1,WAIT_RECV,0.9538476837158202,1.9999999999997797E-4
516,2388,11,1,63,1,EXECUTION,0.9538476837158202,0.03284922790527345
516,2388,11,1,63,1,WAIT_SEND,0.9866969116210936,0.0
503,2313,28,0,169,0,WAIT_SEND,0.8351,0.0
503,2313,28,0,169,0,WAIT_RECV,0.9867572204589841,0.06292861022949203
516,2385,11,0,62,0,WAIT_SEND,0.8601,0.0
516,2385,11,0,62,0,WAIT_RECV,0.9868969116210936,1.9999999999997797E-4
562,2675,5,4,20,6,EXECUTION,0.956819073486328,0.010000000000000009
562,2675,5,4,20,6,WAIT_SEND,0.966819073486328,0.0
562,2675,5,4,20,6,WAIT_RECV,0.977219073486328,1.9999999999997797E-4
562,2675,5,4,20,6,EXECUTION,0.977219073486328,0.010000000000000009
562,2675,5,4,20,6,WAIT_SEND,0.987219073486328,0.0
528,2729,3,3,8,9,EXECUTION,0.9772648471210122,0.010000000000000009
528,2729,3,3,8,9,WAIT_SEND,0.9872648471210123,0.0
556,2618,26,2,161,7,EXECUTION,0.936619073486328,0.010000000000000009
556,2618,26,2,161,7,WAIT_SEND,0.946619073486328,0.0
556,2618,26,2,161,7,WAIT_RECV,0.977419073486328,1.9999999999997797E-4
556,2618,26,2,161,7,EXECUTION,0.977419073486328,0.010000000000000009
556,2618,26,2,161,7,WAIT_SEND,0.987419073486328,0.0
525,2730,20,7,132,9,EXECUTION,0.9778667270236543,0.010000000000000009
525,2730,20,7,132,9,WAIT_SEND,0.9878667270236543,0.0
544,2715,2,4,4,9,EXECUTION,0.9716747968984777,0.016463350074178318
544,2715,2,4,4,9,WAIT_SEND,0.988138146972656,0.0
464,2443,4,2,12,6,EXECUTION,0.8776034330233613,0.05627883515966925
464,2443,4,2,12,6,WAIT_SEND,0.9338822681830306,0.0
464,2443,4,2,12,6,WAIT_RECV,0.946619073486328,0.0014177318169694697
464,2443,4,2,12,6,EXECUTION,0.946619073486328,0.04153102611812198
464,2443,4,2,12,6,WAIT_SEND,0.98815009960445,0.0
547,2750,39,5,233,8,EXECUTION,0.9834522700398753,0.0050000000000000044
547,2750,39,5,233,8,WAIT_SEND,0.9884522700398753,0.0
542,2661,5,5,21,6,EXECUTION,0.951819073486328,0.010000000000000009
542,2661,5,5,21,6,WAIT_SEND,0.961819073486328,0.0
542,2661,5,5,21,6,WAIT_RECV,0.972219073486328,1.9999999999997797E-4
542,2661,5,5,21,6,EXECUTION,0.972219073486328,0.016519073486327973
542,2661,5,5,21,6,WAIT_SEND,0.9887381469726559,0.0
514,2739,29,1,184,9,EXECUTION,0.9794036207355323,0.010000000000000009
514,2739,29,1,184,9,WAIT_SEND,0.9894036207355323,0.0
467,2153,22,1,137,1,EXECUTION,0.776419073486328,0.06284092936197894
467,2153,22,1,137,1,WAIT_SEND,0.8392600028483069,0.0
467,2153,22,1,137,1,WAIT_RECV,0.9329618067830392,0.0013190734863279818
467,2153,22,1,137,1,EXECUTION,0.9329618067830392,0.05785817644924596
467,2153,22,1,137,1,WAIT_SEND,0.9908199832322852,0.0
472,2467,4,2,12,6,EXECUTION,0.8844194172556865,0.05627883515966925
472,2467,4,2,12,6,WAIT_SEND,0.9406982524153558,0.0
472,2467,4,2,12,6,WAIT_RECV,0.9533363993880117,0.0013190734863279818
472,2467,4,2,12,6,EXECUTION,0.9533363993880117,0.03750063057711173
472,2467,4,2,12,6,WAIT_SEND,0.9908370299651235,0.0
467,2146,25,0,151,0,WAIT_SEND,0.7751,0.0
467,2146,25,0,151,0,WAIT_RECV,0.9921390567186131,0.0013190734863279818
558,2690,10,2,55,6,EXECUTION,0.961819073486328,0.010000000000000009
558,2690,10,2,55,6,WAIT_SEND,0.971819073486328,0.0
558,2690,10,2,55,6,WAIT_RECV,0.982219073486328,1.9999999999997797E-4
558,2690,10,2,55,6,EXECUTION,0.982219073486328,0.010000000000000009
558,2690,10,2,55,6,WAIT_SEND,0.992219073486328,0.0
479,2726,24,4,150,9,EXECUTION,0.9755563507128667,0.01694614744036471
479,2726,24,4,150,9,WAIT_SEND,0.9925024981532314,0.0
549,2764,39,6,234,8,EXECUTION,0.9884286102294921,0.0050000000000000044
549,2764,39,6,234,8,WAIT_SEND,0.9934286102294921,0.0
547,2734,39,4,224,5,EXECUTION,0.9782522700398754,0.0050000000000000044
547,2734,39,4,224,5,WAIT_SEND,0.9832522700398754,0.0
547,2734,39,4,224,5,WAIT_RECV,0.9886522700398753,1.9999999999997797E-4
547,2734,39,4,224,5,EXECUTION,0.9886522700398753,0.0050000000000000044
547,2734,39,4,224,5,WAIT_SEND,0.9936522700398753,0.0
545,2649,15,3,89,6,EXECUTION,0.946819073486328,0.010000000000000009
545,2649,15,3,89,6,WAIT_SEND,0.956819073486328,0.0
545,2649,15,3,89,6,WAIT_RECV,0.967219073486328,1.9999999999997797E-4
545,2649,15,3,89,6,EXECUTION,0.967219073486328,0.027859536743163993
545,2649,15,3,89,6,WAIT_SEND,0.995078610229492,0.0
517,2759,33,4,211,9,EXECUTION,0.9855489849048524,0.010000000000000009
517,2759,33,4,211,9,WAIT_SEND,0.9955489849048524,0.0
484,2735,24,4,150,9,EXECUTION,0.978610203272502,0.01694614744036471
484,2735,24,4,150,9,WAIT_SEND,0.9955563507128667,0.0
531,2497,20,4,129,7,EXECUTION,0.8955,0.010000000000000009
531,2497,20,4,129,7,WAIT_SEND,0.9055,0.0
531,2497,20,4,129,7,WAIT_RECV,0.9583065929321292,1.9999999999997797E-4
531,2497,20,4,129,7,EXECUTION,0.9583065929321292,0.037602197644043045
531,2497,20,4,129,7,WAIT_SEND,0.9959087905761722,0.0
537,2676,8,4,44,6,EXECUTION,0.956819073486328,0.010000000000000009
537,2676,8,4,44,6,WAIT_SEND,0.966819073486328,0.0
537,2676,8,4,44,6,WAIT_RECV,0.9859205705331623,0.0013190734863279818
537,2676,8,4,44,6,EXECUTION,0.9859205705331623,0.010000000000000009
537,2676,8,4,44,6,WAIT_SEND,0.9959205705331623,0.0
553,2760,15,5,91,9,EXECUTION,0.9866999999999999,0.010000000000000009
553,2760,15,5,91,9,WAIT_SEND,0.9966999999999999,0.0
507,2339,33,0,207,0,WAIT_SEND,0.8451,0.0
507,2339,33,0,207,0,WAIT_RECV,0.9967572204589841,0.06292861022949203
579,2701,19,5,118,5,EXECUTION,0.9664190734863279,0.010000000000000009
579,2701,19,5,118,5,WAIT_SEND,0.976419073486328,0.0
579,2701,19,5,118,5,WAIT_RECV,0.9868190734863279,1.9999999999997797E-4
579,2701,19,5,118,5,EXECUTION,0.9868190734863279,0.010000000000000009
579,2701,19,5,118,5,WAIT_SEND,0.9968190734863279,0.0
434,2085,24,3,149,7,EXECUTION,0.7530872843424479,0.05638251366780678
434,2085,24,3,149,7,WAIT_SEND,0.8094697980102546,0.0
434,2085,24,3,149,7,WAIT_RECV,0.9126743062988086,1.9999999999997797E-4
434,2085,24,3,149,7,EXECUTION,0.9126743062988086,0.08421830231358163
434,2085,24,3,149,7,WAIT_SEND,0.9968926086123903,0.0
562,2647,5,6,22,7,EXECUTION,0.946619073486328,0.010000000000000009
562,2647,5,6,22,7,WAIT_SEND,0.956619073486328,0.0
562,2647,5,6,22,7,WAIT_RECV,0.987419073486328,1.9999999999997797E-4
562,2647,5,6,22,7,EXECUTION,0.987419073486328,0.010000000000000009
562,2647,5,6,22,7,WAIT_SEND,0.997419073486328,0.0
569,2763,4,5,15,10,EXECUTION,0.9875586555126532,0.010000000000000009
569,2763,4,5,15,10,WAIT_SEND,0.9975586555126532,0.0
579,2696,24,0,146,0,WAIT_SEND,0.9651,0.0
579,2696,24,0,146,0,WAIT_RECV,0.9981381469726559,0.0013190734863279818
549,2749,39,5,225,5,EXECUTION,0.9832286102294922,0.0050000000000000044
549,2749,39,5,225,5,WAIT_SEND,0.9882286102294922,0.0
549,2749,39,5,225,5,WAIT_RECV,0.9936286102294921,1.9999999999997797E-4
549,2749,39,5,225,5,EXECUTION,0.9936286102294921,0.0050000000000000044
549,2749,39,5,225,5,WAIT_SEND,0.9986286102294921,0.0
569,2765,6,3,32,9,EXECUTION,0.9886777289989812,0.010000000000000009
569,2765,6,3,32,9,WAIT_SEND,0.9986777289989812,0.0
528,2700,7,4,38,6,EXECUTION,0.9659457736346843,0.010000000000000009
528,2700,7,4,38,6,WAIT_SEND,0.9759457736346843,0.0
528,2700,7,4,38,6,WAIT_RECV,0.9886777289989812,0.0014128818779689523
528,2700,7,4,38,6,EXECUTION,0.9886777289989812,0.010000000000000009
528,2700,7,4,38,6,WAIT_SEND,0.9986777289989812,0.0
556,2584,29,1,176,1,EXECUTION,0.9253,0.010000000000000009
556,2584,29,1,176,1,WAIT_SEND,0.9353,0.0
556,2584,29,1,176,1,WAIT_RECV,0.9887381469726559,0.0013190734863279818
556,2584,29,1,176,1,EXECUTION,0.9887381469726559,0.010000000000000009
556,2584,29,1,176,1,WAIT_SEND,0.998738146972656,0.0
547,2718,39,5,217,2,EXECUTION,0.9730522700398754,0.0050000000000000044
547,2718,39,5,217,2,WAIT_SEND,0.9780522700398754,0.0
547,2718,39,5,217,2,WAIT_SEND,0.9780522700398754,0.0
547,2718,39,5,217,2,WAIT_RECV,0.9834522700398753,1.9999999999997797E-4
547,2718,39,5,217,2,WAIT_RECV,0.9938522700398753,1.9999999999997797E-4
547,2718,39,5,217,2,EXECUTION,0.9938522700398753,0.0050000000000000044
547,2718,39,5,217,2,WAIT_SEND,0.9988522700398753,0.0
556,2582,29,0,175,0,WAIT_SEND,0.9251,0.0
556,2582,29,0,175,0,WAIT_RECV,0.9989381469726559,1.9999999999997797E-4
432,2094,24,3,149,7,EXECUTION,0.7553254313151039,0.05683014306233802
432,2094,24,3,149,7,WAIT_SEND,0.8121555743774419,0.0
432,2094,24,3,149,7,WAIT_RECV,0.9155176931866462,1.9999999999997797E-4
432,2094,24,3,149,7,EXECUTION,0.9155176931866462,0.08358643856072889
432,2094,24,3,149,7,WAIT_SEND,0.9991041317473751,0.0
496,2288,21,1,134,1,EXECUTION,0.8253,0.050000000000000044
496,2288,21,1,134,1,WAIT_SEND,0.8753000000000001,0.0
496,2288,21,1,134,1,WAIT_RECV,0.9591048136393228,0.0013190734863279818
496,2288,21,1,134,1,EXECUTION,0.9591048136393228,0.04003654242621524
496,2288,21,1,134,1,WAIT_SEND,0.999141356065538,0.0
496,2286,21,0,133,0,WAIT_SEND,0.8251000000000001,0.0
496,2286,21,0,133,0,WAIT_RECV,0.999341356065538,1.9999999999997797E-4
544,2688,7,3,37,6,EXECUTION,0.9603557234121497,0.010000000000000009
544,2688,7,3,37,6,WAIT_SEND,0.9703557234121497,0.0
544,2688,7,3,37,6,WAIT_RECV,0.989457220458984,0.0013190734863279818
544,2688,7,3,37,6,EXECUTION,0.989457220458984,0.010000000000000009
544,2688,7,3,37,6,WAIT_SEND,0.999457220458984,0.0
555,2767,18,5,111,9,EXECUTION,0.9895127156575518,0.010000000000000009
555,2767,18,5,111,9,WAIT_SEND,0.9995127156575518,0.0
514,2705,29,6,181,6,EXECUTION,0.9692036207355323,0.010000000000000009
514,2705,29,6,181,6,WAIT_SEND,0.9792036207355324,0.0
514,2705,29,6,181,6,WAIT_RECV,0.9896036207355323,1.9999999999997797E-4
514,2705,29,6,181,6,EXECUTION,0.9896036207355323,0.010000000000000009
514,2705,29,6,181,6,WAIT_SEND,0.9996036207355323,0.0
542,2600,2,2,2,7,EXECUTION,0.9305,0.020000000000000018
542,2600,2,2,2,7,WAIT_SEND,0.9505,0.0
542,2600,2,2,2,7,WAIT_RECV,0.9900572204589839,0.0013190734863279818
542,2600,2,2,2,7,EXECUTION,0.9900572204589839,0.010000000000000009
542,2600,2,2,2,7,WAIT_SEND,1.000057220458984,0.0
512,2351,7,0,34,0,WAIT_SEND,0.8501,0.0
512,2351,7,0,34,0,WAIT_RECV,1.001757220458984,0.06292861022949203
411,1896,22,1,137,1,EXECUTION,0.6853,0.05135953674316396
411,1896,22,1,137,1,WAIT_SEND,0.736659536743164,0.0
411,1896,22,1,137,1,WAIT_RECV,0.9498788945556972,0.0013190734863279818
411,1896,22,1,137,1,EXECUTION,0.9498788945556972,0.05221914719169318
411,1896,22,1,137,1,WAIT_SEND,1.0020980417473904,0.0
411,1894,22,0,136,0,WAIT_SEND,0.6851,0.0
411,1894,22,0,136,0,WAIT_RECV,1.0022980417473903,1.9999999999997797E-4
574,2777,5,3,27,9,EXECUTION,0.992419073486328,0.009999999999999898
574,2777,5,3,27,9,WAIT_SEND,1.0024190734863279,0.0
558,2660,10,6,59,7,EXECUTION,0.951619073486328,0.010000000000000009
558,2660,10,6,59,7,WAIT_SEND,0.961619073486328,0.0
558,2660,10,6,59,7,WAIT_RECV,0.992419073486328,1.9999999999997797E-4
558,2660,10,6,59,7,EXECUTION,0.992419073486328,0.009999999999999898
558,2660,10,6,59,7,WAIT_SEND,1.0024190734863279,0.0
529,2513,14,4,83,7,EXECUTION,0.9005,0.010000000000000009
529,2513,14,4,83,7,WAIT_SEND,0.9105,0.0
529,2513,14,4,83,7,WAIT_RECV,0.9678769755045573,1.9999999999997797E-4
529,2513,14,4,83,7,EXECUTION,0.9678769755045573,0.035419300672743015
529,2513,14,4,83,7,WAIT_SEND,1.0032962761773003,0.0
480,2632,24,2,148,6,EXECUTION,0.9422724749448483,0.02077839590432795
480,2632,24,2,148,6,WAIT_SEND,0.9630508708491763,0.0
480,2632,24,2,148,6,WAIT_RECV,0.9734508708491763,1.9999999999997797E-4
480,2632,24,2,148,6,EXECUTION,0.9734508708491763,0.030000000000000027
480,2632,24,2,148,6,WAIT_SEND,1.0034508708491763,0.0
523,2419,18,1,107,1,EXECUTION,0.871419073486328,0.03669364217122395
523,2419,18,1,107,1,WAIT_SEND,0.9081127156575519,0.0
523,2419,18,1,107,1,WAIT_RECV,0.9791920979817704,1.9999999999997797E-4
523,2419,18,1,107,1,EXECUTION,0.9791920979817704,0.024580154418945344
523,2419,18,1,107,1,WAIT_SEND,1.0037722524007158,0.0
549,2732,39,7,219,3,EXECUTION,0.9780286102294922,0.0050000000000000044
549,2732,39,7,219,3,WAIT_SEND,0.9830286102294922,0.0
549,2732,39,7,219,3,WAIT_RECV,0.9988286102294921,1.9999999999997797E-4
549,2732,39,7,219,3,EXECUTION,0.9988286102294921,0.004999999999999893
549,2732,39,7,219,3,WAIT_SEND,1.003828610229492,0.0
532,2475,7,1,35,1,EXECUTION,0.886419073486328,0.010000000000000009
532,2475,7,1,35,1,WAIT_SEND,0.896419073486328,0.0
532,2475,7,1,35,1,WAIT_RECV,0.9842218439205858,1.9999999999997797E-4
532,2475,7,1,35,1,EXECUTION,0.9842218439205858,0.019999999999999907
532,2475,7,1,35,1,WAIT_SEND,1.0042218439205857,0.0
548,2779,31,7,203,9,EXECUTION,0.9942396298975862,0.010000000000000009
548,2779,31,7,203,9,WAIT_SEND,1.0042396298975862,0.0
523,2413,25,0,151,0,WAIT_SEND,0.8701,0.0
523,2413,25,0,151,0,WAIT_RECV,1.0050913258870438,0.0013190734863279818
536,2605,14,3,82,6,EXECUTION,0.9319999999999993,0.02010953674316429
536,2605,14,3,82,6,WAIT_SEND,0.9521095367431636,0.0
536,2605,14,3,82,6,WAIT_RECV,0.9625095367431635,1.9999999999997797E-4
536,2605,14,3,82,6,EXECUTION,0.9625095367431635,0.042663022274441076
536,2605,14,3,82,6,WAIT_SEND,1.0051725590176046,0.0
532,2468,3,0,5,0,WAIT_SEND,0.8851,0.0
532,2468,3,0,5,0,WAIT_RECV,1.0055409174069136,0.0013190734863279818
517,2724,33,1,208,6,EXECUTION,0.9753489849048524,0.010000000000000009
517,2724,33,1,208,6,WAIT_SEND,0.9853489849048525,0.0
517,2724,33,1,208,6,WAIT_RECV,0.9957489849048524,1.9999999999997797E-4
517,2724,33,1,208,6,EXECUTION,0.9957489849048524,0.010000000000000009
517,2724,33,1,208,6,WAIT_SEND,1.0057489849048524,0.0
513,2370,2,0,0,0,WAIT_SEND,0.8551,0.0
513,2370,2,0,0,0,WAIT_RECV,1.006757220458984,0.06292861022949203
444,2162,24,3,149,7,EXECUTION,0.7805,0.057941980444336294
444,2162,24,3,149,7,WAIT_SEND,0.8384419804443363,0.0
444,2162,24,3,149,7,WAIT_RECV,0.9272300447686909,1.9999999999997797E-4
444,2162,24,3,149,7,EXECUTION,0.9272300447686909,0.07968232136671405
444,2162,24,3,149,7,WAIT_SEND,1.006912366135405,0.0
464,2333,4,4,14,7,EXECUTION,0.8416190734863279,0.035784359537033406
464,2333,4,4,14,7,WAIT_SEND,0.8774034330233613,0.0
464,2333,4,4,14,7,WAIT_RECV,0.98835009960445,1.9999999999997797E-4
464,2333,4,4,14,7,EXECUTION,0.98835009960445,0.018850099604449944
464,2333,4,4,14,7,WAIT_SEND,1.0072001992089,0.0
562,2616,5,1,17,1,EXECUTION,0.936419073486328,0.010000000000000009
562,2616,5,1,17,1,WAIT_SEND,0.946419073486328,0.0
562,2616,5,1,17,1,WAIT_RECV,0.997619073486328,1.9999999999997797E-4
562,2616,5,1,17,1,EXECUTION,0.997619073486328,0.010000000000000009
562,2616,5,1,17,1,WAIT_SEND,1.007619073486328,0.0
499,2300,30,1,186,1,EXECUTION,0.8303,0.06327009861924904
499,2300,30,1,186,1,WAIT_SEND,0.8935700986192491,0.0
499,2300,30,1,186,1,WAIT_RECV,0.947008245591905,1.9999999999997797E-4
499,2300,30,1,186,1,EXECUTION,0.947008245591905,0.06077601676311184
499,2300,30,1,186,1,WAIT_SEND,1.0077842623550168,0.0
499,2298,30,0,185,0,WAIT_SEND,0.8301000000000001,0.0
499,2298,30,0,185,0,WAIT_RECV,1.0079842623550168,1.9999999999997797E-4
460,2198,24,3,149,7,EXECUTION,0.7941190734863279,0.060151478368970945
460,2198,24,3,149,7,WAIT_SEND,0.8542705518552989,0.0
460,2198,24,3,149,7,WAIT_RECV,0.9307327567142473,1.9999999999997797E-4
460,2198,24,3,149,7,EXECUTION,0.9307327567142473,0.07812556050202224
460,2198,24,3,149,7,WAIT_SEND,1.0088583172162695,0.0
562,2610,3,0,5,0,WAIT_SEND,0.9351,0.0
562,2610,3,0,5,0,WAIT_RECV,1.008938146972656,0.0013190734863279818
560,2792,15,5,91,9,EXECUTION,0.9995595367431639,0.009999999999999898
560,2792,15,5,91,9,WAIT_SEND,1.0095595367431638,0.0
555,2738,18,2,108,6,EXECUTION,0.9793127156575518,0.010000000000000009
555,2738,18,2,108,6,WAIT_SEND,0.9893127156575519,0.0
555,2738,18,2,108,6,WAIT_RECV,0.9997127156575518,1.9999999999997797E-4
555,2738,18,2,108,6,EXECUTION,0.9997127156575518,0.010000000000000009
555,2738,18,2,108,6,WAIT_SEND,1.0097127156575518,0.0
541,2778,14,6,85,9,EXECUTION,0.9940193574693452,0.01575987752278496
541,2778,14,6,85,9,WAIT_SEND,1.0097792349921302,0.0
466,2321,4,3,13,7,EXECUTION,0.8371820287946685,0.03761904761904755
466,2321,4,3,13,7,WAIT_SEND,0.8748010764137161,0.0
466,2321,4,3,13,7,WAIT_RECV,0.9860667447096662,1.9999999999997797E-4
466,2321,4,3,13,7,EXECUTION,0.9860667447096662,0.025283372354833022
466,2321,4,3,13,7,WAIT_SEND,1.0113501170644992,0.0
537,2648,8,6,46,7,EXECUTION,0.946619073486328,0.010000000000000009
537,2648,8,6,46,7,WAIT_SEND,0.956619073486328,0.0
537,2648,8,6,46,7,WAIT_RECV,0.9961205705331623,1.9999999999997797E-4
537,2648,8,6,46,7,EXECUTION,0.9961205705331623,0.015620570533162348
537,2648,8,6,46,7,WAIT_SEND,1.0117411410663246,0.0
443,2046,4,1,11,1,EXECUTION,0.7353,0.06510141024367
443,2046,4,1,11,1,WAIT_SEND,0.80040141024367,0.0
443,2046,4,1,11,1,WAIT_RECV,0.9524924282137018,1.9999999999997797E-4
443,2046,4,1,11,1,EXECUTION,0.9524924282137018,0.05999999999999994
443,2046,4,1,11,1,WAIT_SEND,1.0124924282137018,0.0
574,2727,5,5,21,6,EXECUTION,0.9757,0.016519073486327973
574,2727,5,5,21,6,WAIT_SEND,0.992219073486328,0.0
574,2727,5,5,21,6,WAIT_RECV,1.0026190734863278,1.9999999999997797E-4
574,2727,5,5,21,6,EXECUTION,1.0026190734863278,0.010000000000000009
574,2727,5,5,21,6,WAIT_SEND,1.0126190734863278,0.0
443,2043,4,0,10,0,WAIT_SEND,0.7351,0.0
443,2043,4,0,10,0,WAIT_RECV,1.0126924282137018,1.9999999999997797E-4
501,2316,30,1,186,1,EXECUTION,0.8352999999999999,0.06499999999999995
501,2316,30,1,186,1,WAIT_SEND,0.9002999999999999,0.0
501,2316,30,1,186,1,WAIT_RECV,0.9537381469726558,1.9999999999997797E-4
501,2316,30,1,186,1,EXECUTION,0.9537381469726558,0.05937828635604281
501,2316,30,1,186,1,WAIT_SEND,1.0131164333286986,0.0
501,2314,30,0,185,0,WAIT_SEND,0.8351,0.0
501,2314,30,0,185,0,WAIT_RECV,1.0133164333286986,1.9999999999997797E-4
558,2599,17,1,101,1,EXECUTION,0.9303,0.020000000000000018
558,2599,17,1,101,1,WAIT_SEND,0.9503,0.0
558,2599,17,1,101,1,WAIT_RECV,1.0037381469726558,0.0013190734863279818
558,2599,17,1,101,1,EXECUTION,1.0037381469726558,0.010000000000000009
558,2599,17,1,101,1,WAIT_SEND,1.0137381469726559,0.0
558,2596,17,0,100,0,WAIT_SEND,0.9301,0.0
558,2596,17,0,100,0,WAIT_RECV,1.0139381469726558,1.9999999999997797E-4
540,2791,14,6,85,9,EXECUTION,0.9982594799465602,0.01575987752278507
540,2791,14,6,85,9,WAIT_SEND,1.0140193574693452,0.0
538,2496,16,1,93,1,EXECUTION,0.8953,0.028100000000000014
538,2496,16,1,93,1,WAIT_SEND,0.9234,0.0
538,2496,16,1,93,1,WAIT_RECV,0.9845999999999999,1.9999999999997797E-4
538,2496,16,1,93,1,EXECUTION,0.9845999999999999,0.029649999999999954
538,2496,16,1,93,1,WAIT_SEND,1.0142499999999999,0.0
538,2493,16,0,92,0,WAIT_SEND,0.8951,0.0
538,2493,16,0,92,0,WAIT_RECV,1.0144499999999999,1.9999999999997797E-4
534,2517,20,5,130,7,EXECUTION,0.901619073486328,0.020000000000000018
534,2517,20,5,130,7,WAIT_SEND,0.921619073486328,0.0
534,2517,20,5,130,7,WAIT_RECV,0.9751852031616213,1.9999999999997797E-4
534,2517,20,5,130,7,EXECUTION,0.9751852031616213,0.040000000000000036
534,2517,20,5,130,7,WAIT_SEND,1.0151852031616213,0.0
548,2748,30,5,190,6,EXECUTION,0.9829205564112582,0.010000000000000009
548,2748,30,5,190,6,WAIT_SEND,0.9929205564112582,0.0
548,2748,30,5,190,6,WAIT_RECV,1.0055587033839142,0.0013190734863279818
548,2748,30,5,190,6,EXECUTION,1.0055587033839142,0.010000000000000009
548,2748,30,5,190,6,WAIT_SEND,1.0155587033839142,0.0
479,2645,24,2,148,6,EXECUTION,0.9463743015660785,0.028982049146788258
479,2645,24,2,148,6,WAIT_SEND,0.9753563507128667,0.0
479,2645,24,2,148,6,WAIT_RECV,0.9927024981532314,1.9999999999997797E-4
479,2645,24,2,148,6,EXECUTION,0.9927024981532314,0.02358279089864823
479,2645,24,2,148,6,WAIT_SEND,1.0162852890518796,0.0
472,2336,4,3,13,7,EXECUTION,0.8443248859375257,0.039894531318160786
472,2336,4,3,13,7,WAIT_SEND,0.8842194172556865,0.0
472,2336,4,3,13,7,WAIT_RECV,0.9910370299651234,1.9999999999997797E-4
472,2336,4,3,13,7,EXECUTION,0.9910370299651234,0.025283372354833133
472,2336,4,3,13,7,WAIT_SEND,1.0163204023199566,0.0
484,2651,24,2,148,6,EXECUTION,0.948410203272502,0.030000000000000027
484,2651,24,2,148,6,WAIT_SEND,0.978410203272502,0.0
484,2651,24,2,148,6,WAIT_RECV,0.9957563507128667,1.9999999999997797E-4
484,2651,24,2,148,6,EXECUTION,0.9957563507128667,0.021546889192224694
484,2651,24,2,148,6,WAIT_SEND,1.0173032399050914,0.0
526,2803,29,7,182,9,EXECUTION,1.0076979811980804,0.010000000000000009
526,2803,29,7,182,9,WAIT_SEND,1.0176979811980804,0.0
417,1929,22,1,137,1,EXECUTION,0.6953,0.05135953674316396
417,1929,22,1,137,1,WAIT_SEND,0.746659536743164,0.0
417,1929,22,1,137,1,WAIT_RECV,0.9822316128713354,0.0013190734863279818
417,1929,22,1,137,1,EXECUTION,0.9822316128713354,0.03625486277315615
417,1929,22,1,137,1,WAIT_SEND,1.0184864756444916,0.0
417,1927,22,0,136,0,WAIT_SEND,0.6951,0.0
417,1927,22,0,136,0,WAIT_RECV,1.0186864756444916,1.9999999999997797E-4
557,2806,31,6,202,9,EXECUTION,1.0089141637357677,0.010000000000000009
557,2806,31,6,202,9,WAIT_SEND,1.0189141637357677,0.0
542,2510,2,1,1,1,EXECUTION,0.9003,0.030000000000000027
542,2510,2,1,1,1,WAIT_SEND,0.9303,0.0
542,2510,2,1,1,1,WAIT_RECV,1.000257220458984,1.9999999999997797E-4
542,2510,2,1,1,1,EXECUTION,1.000257220458984,0.020000000000000018
542,2510,2,1,1,1,WAIT_SEND,1.020257220458984,0.0
545,2586,11,2,64,7,EXECUTION,0.9255,0.020000000000000018
545,2586,11,2,64,7,WAIT_SEND,0.9455,0.0
545,2586,11,2,64,7,WAIT_RECV,0.9963976837158199,0.0013190734863279818
545,2586,11,2,64,7,EXECUTION,0.9963976837158199,0.024024227905273365
545,2586,11,2,64,7,WAIT_SEND,1.0204219116210933,0.0
542,2506,2,0,0,0,WAIT_SEND,0.9001,0.0
542,2506,2,0,0,0,WAIT_RECV,1.020457220458984,1.9999999999997797E-4
555,2682,18,4,110,7,EXECUTION,0.9592333333333333,0.019879382324218597
555,2682,18,4,110,7,WAIT_SEND,0.9791127156575519,0.0
555,2682,18,4,110,7,WAIT_RECV,1.0099127156575518,1.9999999999997797E-4
555,2682,18,4,110,7,EXECUTION,1.0099127156575518,0.011588631523979931
555,2682,18,4,110,7,WAIT_SEND,1.0215013471815317,0.0
578,2811,5,4,28,9,EXECUTION,1.012019073486328,0.010000000000000009
578,2811,5,4,28,9,WAIT_SEND,1.022019073486328,0.0
574,2698,5,7,23,7,EXECUTION,0.9655,0.010000000000000009
574,2698,5,7,23,7,WAIT_SEND,0.9755,0.0
574,2698,5,7,23,7,WAIT_RECV,1.0128190734863278,1.9999999999997797E-4
574,2698,5,7,23,7,EXECUTION,1.0128190734863278,0.010000000000000009
574,2698,5,7,23,7,WAIT_SEND,1.0228190734863278,0.0
553,2689,15,3,89,6,EXECUTION,0.9614999999999999,0.025000000000000022
553,2689,15,3,89,6,WAIT_SEND,0.9864999999999999,0.0
553,2689,15,3,89,6,WAIT_RECV,0.9968999999999999,1.9999999999997797E-4
553,2689,15,3,89,6,EXECUTION,0.9968999999999999,0.025961080932617175
553,2689,15,3,89,6,WAIT_SEND,1.022861080932617,0.0
546,2812,14,6,85,9,EXECUTION,1.0145706971062554,0.010000000000000009
546,2812,14,6,85,9,WAIT_SEND,1.0245706971062554,0.0
568,2817,5,2,26,9,EXECUTION,1.0159787616128513,0.010000000000000009
568,2817,5,2,26,9,WAIT_SEND,1.0259787616128513,0.0
530,2816,20,6,131,9,EXECUTION,1.0157742448815907,0.010262034098306394
530,2816,20,6,131,9,WAIT_SEND,1.0260362789798971,0.0
527,2431,15,0,86,0,WAIT_SEND,0.8751,0.0
527,2431,15,0,86,0,WAIT_RECV,1.026757220458984,0.06292861022949203
526,2789,29,5,180,6,EXECUTION,0.9974979811980805,0.009999999999999898
526,2789,29,5,180,6,WAIT_SEND,1.0074979811980804,0.0
526,2789,29,5,180,6,WAIT_RECV,1.0178979811980804,1.9999999999997797E-4
526,2789,29,5,180,6,EXECUTION,1.0178979811980804,0.010000000000000009
526,2789,29,5,180,6,WAIT_SEND,1.0278979811980804,0.0
569,2643,4,2,12,6,EXECUTION,0.9453,0.0420586555126532
569,2643,4,2,12,6,WAIT_SEND,0.9873586555126532,0.0
569,2643,4,2,12,6,WAIT_SEND,0.9873586555126532,0.0
569,2643,4,2,12,6,WAIT_RECV,0.9977586555126532,1.9999999999997797E-4
569,2643,4,2,12,6,WAIT_RECV,0.9999968024853092,0.0013190734863279818
569,2643,4,2,12,6,EXECUTION,0.9999968024853092,0.028046106969877638
569,2643,4,2,12,6,WAIT_SEND,1.0280429094551868,0.0
591,2821,10,0,61,9,EXECUTION,1.0181381469726558,0.010000000000000009
591,2821,10,0,61,9,WAIT_SEND,1.0281381469726558,0.0
569,2641,4,0,10,0,WAIT_SEND,0.9451,0.0
569,2641,4,0,10,0,WAIT_RECV,1.0282429094551868,1.9999999999997797E-4
557,2790,30,2,187,6,EXECUTION,0.9975950902494398,0.009999999999999898
557,2790,30,2,187,6,WAIT_SEND,1.0075950902494397,0.0
557,2790,30,2,187,6,WAIT_RECV,1.0202332372220957,0.0013190734863279818
557,2790,30,2,187,6,EXECUTION,1.0202332372220957,0.010000000000000009
557,2790,30,2,187,6,WAIT_SEND,1.0302332372220957,0.0
478,2206,32,1,205,1,EXECUTION,0.7953,0.05700000000000005
478,2206,32,1,205,1,WAIT_SEND,0.8523000000000001,0.0
478,2206,32,1,205,1,WAIT_RECV,0.9458842288285861,1.9999999999997797E-4
478,2206,32,1,205,1,EXECUTION,0.9458842288285861,0.08444791202757151
478,2206,32,1,205,1,WAIT_SEND,1.0303321408561577,0.0
575,2824,2,4,4,9,EXECUTION,1.0203683779708965,0.010000000000000009
575,2824,2,4,4,9,WAIT_SEND,1.0303683779708965,0.0
478,2203,32,0,204,0,WAIT_SEND,0.7951,0.0
478,2203,32,0,204,0,WAIT_RECV,1.0305321408561576,1.9999999999997797E-4
578,2795,5,4,20,6,EXECUTION,1.001819073486328,0.010000000000000009
578,2795,5,4,20,6,WAIT_SEND,1.011819073486328,0.0
578,2795,5,4,20,6,WAIT_RECV,1.022219073486328,1.9999999999997797E-4
578,2795,5,4,20,6,EXECUTION,1.022219073486328,0.010000000000000009
578,2795,5,4,20,6,WAIT_SEND,1.032219073486328,0.0
574,2669,5,2,18,1,EXECUTION,0.9553,0.010000000000000009
574,2669,5,2,18,1,WAIT_SEND,0.9653,0.0
574,2669,5,2,18,1,WAIT_RECV,1.0230190734863278,1.9999999999997797E-4
574,2669,5,2,18,1,EXECUTION,1.0230190734863278,0.010000000000000009
574,2669,5,2,18,1,WAIT_SEND,1.0330190734863278,0.0
595,2828,28,5,174,9,EXECUTION,1.023138146972656,0.010000000000000009
595,2828,28,5,174,9,WAIT_SEND,1.033138146972656,0.0
574,2666,5,0,16,0,WAIT_SEND,0.9551000000000001,0.0
574,2666,5,0,16,0,WAIT_RECV,1.0332190734863278,1.9999999999997797E-4
554,2829,20,7,132,9,EXECUTION,1.02332183806193,0.010000000000000009
554,2829,20,7,132,9,WAIT_SEND,1.03332183806193,0.0
521,2405,30,1,186,1,EXECUTION,0.8653,0.06691390523129381
521,2405,30,1,186,1,WAIT_SEND,0.9322139052312938,0.0
521,2405,30,1,186,1,WAIT_RECV,0.9856520522039497,1.9999999999997797E-4
521,2405,30,1,186,1,EXECUTION,0.9856520522039497,0.04844383757842541
521,2405,30,1,186,1,WAIT_SEND,1.034095889782375,0.0
560,2714,15,3,89,6,EXECUTION,0.9714999999999999,0.027859536743163993
560,2714,15,3,89,6,WAIT_SEND,0.9993595367431639,0.0
560,2714,15,3,89,6,WAIT_RECV,1.0097595367431638,1.9999999999997797E-4
560,2714,15,3,89,6,EXECUTION,1.0097595367431638,0.024367181396484527
560,2714,15,3,89,6,WAIT_SEND,1.0341267181396483,0.0
451,2083,4,1,11,1,EXECUTION,0.751419073486328,0.06566218321361394
451,2083,4,1,11,1,WAIT_SEND,0.8170812566999419,0.0
451,2083,4,1,11,1,WAIT_RECV,0.9784797955682442,1.9999999999997797E-4
451,2083,4,1,11,1,EXECUTION,0.9784797955682442,0.05566877210757626
451,2083,4,1,11,1,WAIT_SEND,1.0341485676758204,0.0
521,2402,30,0,185,0,WAIT_SEND,0.8651,0.0
521,2402,30,0,185,0,WAIT_RECV,1.034295889782375,1.9999999999997797E-4
451,2077,3,0,5,0,WAIT_SEND,0.7501,0.0
451,2077,3,0,5,0,WAIT_RECV,1.0354676411621484,0.0013190734863279818
585,2834,16,7,99,9,EXECUTION,1.02555,0.010000000000000009
585,2834,16,7,99,9,WAIT_SEND,1.03555,0.0
548,2717,30,6,191,7,EXECUTION,0.9727205564112582,0.010000000000000009
548,2717,30,6,191,7,WAIT_SEND,0.9827205564112582,0.0
548,2717,30,6,191,7,WAIT_RECV,1.0157587033839142,1.9999999999997797E-4
548,2717,30,6,191,7,EXECUTION,1.0157587033839142,0.020000000000000018
548,2717,30,6,191,7,WAIT_SEND,1.0357587033839142,0.0
552,2833,20,6,131,9,EXECUTION,1.0255122107832844,0.010262034098306394
552,2833,20,6,131,9,WAIT_SEND,1.0357742448815908,0.0
531,2472,20,1,126,1,EXECUTION,0.8853,0.010000000000000009
531,2472,20,1,126,1,WAIT_SEND,0.8953,0.0
531,2472,20,1,126,1,WAIT_RECV,0.9961087905761722,1.9999999999997797E-4
531,2472,20,1,126,1,EXECUTION,0.9961087905761722,0.039999999999999925
531,2472,20,1,126,1,WAIT_SEND,1.0361087905761721,0.0
531,2470,20,0,125,0,WAIT_SEND,0.8851,0.0
531,2470,20,0,125,0,WAIT_RECV,1.036308790576172,1.9999999999997797E-4
568,2797,7,3,37,6,EXECUTION,1.0046596881265233,0.010000000000000009
568,2797,7,3,37,6,WAIT_SEND,1.0146596881265233,0.0
568,2797,7,3,37,6,WAIT_RECV,1.0272978350991793,0.0013190734863279818
568,2797,7,3,37,6,EXECUTION,1.0272978350991793,0.010000000000000009
568,2797,7,3,37,6,WAIT_SEND,1.0372978350991793,0.0
596,2838,5,3,27,9,EXECUTION,1.0276396440194902,0.010000000000000009
596,2838,5,3,27,9,WAIT_SEND,1.0376396440194902,0.0
599,2840,26,4,163,9,EXECUTION,1.0281381469726558,0.010000000000000009
599,2840,26,4,163,9,WAIT_SEND,1.0381381469726558,0.0
580,2847,39,2,230,7,EXECUTION,1.0332286102294919,0.004999999999999893
580,2847,39,2,230,7,WAIT_SEND,1.0382286102294918,0.0
576,2850,39,7,235,8,EXECUTION,1.0334286102294918,0.004999999999999893
576,2850,39,7,235,8,WAIT_SEND,1.0384286102294917,0.0
464,2131,9,1,48,1,EXECUTION,0.7703,0.06999999999999995
464,2131,9,1,48,1,WAIT_SEND,0.8402999999999999,0.0
464,2131,9,1,48,1,WAIT_RECV,1.008519272695228,0.0013190734863279818
464,2131,9,1,48,1,EXECUTION,1.008519272695228,0.030000000000000027
464,2131,9,1,48,1,WAIT_SEND,1.038519272695228,0.0
464,2128,9,0,47,0,WAIT_SEND,0.7701,0.0
464,2128,9,0,47,0,WAIT_RECV,1.038719272695228,1.9999999999997797E-4
528,2602,7,5,39,7,EXECUTION,0.9310900502225345,0.03465572341214973
528,2602,7,5,39,7,WAIT_SEND,0.9657457736346843,0.0
528,2602,7,5,39,7,WAIT_RECV,0.9988777289989812,1.9999999999997797E-4
528,2602,7,5,39,7,EXECUTION,0.9988777289989812,0.040000000000000036
528,2602,7,5,39,7,WAIT_SEND,1.0388777289989812,0.0
525,2681,20,3,128,6,EXECUTION,0.9579082039062492,0.019700470206706733
525,2681,20,3,128,6,WAIT_SEND,0.9776086741129559,0.0
525,2681,20,3,128,6,WAIT_RECV,0.9880667270236543,1.9999999999997797E-4
525,2681,20,3,128,6,EXECUTION,0.9880667270236543,0.050902704218614314
525,2681,20,3,128,6,WAIT_SEND,1.0389694312422686,0.0
591,2802,13,1,74,6,EXECUTION,1.0068190734863278,0.010000000000000009
591,2802,13,1,74,6,WAIT_SEND,1.0168190734863278,0.0
591,2802,13,1,74,6,WAIT_RECV,1.0294572204589838,0.0013190734863279818
591,2802,13,1,74,6,EXECUTION,1.0294572204589838,0.010000000000000009
591,2802,13,1,74,6,WAIT_SEND,1.0394572204589838,0.0
544,2585,7,5,39,7,EXECUTION,0.9255,0.03465572341214973
544,2585,7,5,39,7,WAIT_SEND,0.9601557234121497,0.0
544,2585,7,5,39,7,WAIT_RECV,0.999657220458984,1.9999999999997797E-4
544,2585,7,5,39,7,EXECUTION,0.999657220458984,0.039805127134999285
544,2585,7,5,39,7,WAIT_SEND,1.0394623475939833,0.0
557,2762,30,7,192,7,EXECUTION,0.9873950902494398,0.010000000000000009
557,2762,30,7,192,7,WAIT_SEND,0.9973950902494398,0.0
557,2762,30,7,192,7,WAIT_RECV,1.0304332372220957,1.9999999999997797E-4
557,2762,30,7,192,7,EXECUTION,1.0304332372220957,0.010000000000000009
557,2762,30,7,192,7,WAIT_SEND,1.0404332372220957,0.0
570,2844,15,5,91,9,EXECUTION,1.0311389190673825,0.010000000000000009
570,2844,15,5,91,9,WAIT_SEND,1.0411389190673825,0.0
555,2583,18,1,107,1,EXECUTION,0.9253,0.03373333333333328
555,2583,18,1,107,1,WAIT_SEND,0.9590333333333333,0.0
555,2583,18,1,107,1,WAIT_RECV,1.0217013471815317,1.9999999999997797E-4
555,2583,18,1,107,1,EXECUTION,1.0217013471815317,0.020000000000000018
555,2583,18,1,107,1,WAIT_SEND,1.0417013471815317,0.0
555,2580,18,0,106,0,WAIT_SEND,0.9251,0.0
555,2580,18,0,106,0,WAIT_RECV,1.0419013471815317,1.9999999999997797E-4
578,2775,5,0,24,7,EXECUTION,0.9916190734863279,0.010000000000000009
578,2775,5,0,24,7,WAIT_SEND,1.001619073486328,0.0
578,2775,5,0,24,7,WAIT_RECV,1.0324190734863279,1.9999999999997797E-4
578,2775,5,0,24,7,EXECUTION,1.0324190734863279,0.010000000000000009
578,2775,5,0,24,7,WAIT_SEND,1.042419073486328,0.0
537,2495,6,1,30,1,EXECUTION,0.8953,0.050000000000000044
537,2495,6,1,30,1,WAIT_SEND,0.9453,0.0
537,2495,6,1,30,1,WAIT_RECV,1.0130602145526526,0.0013190734863279818
537,2495,6,1,30,1,EXECUTION,1.0130602145526526,0.030000000000000027
537,2495,6,1,30,1,WAIT_SEND,1.0430602145526526,0.0
553,2628,15,4,90,7,EXECUTION,0.9405,0.02079999999999993
553,2628,15,4,90,7,WAIT_SEND,0.9612999999999999,0.0
553,2628,15,4,90,7,WAIT_RECV,1.023061080932617,1.9999999999997797E-4
553,2628,15,4,90,7,EXECUTION,1.023061080932617,0.020000000000000018
553,2628,15,4,90,7,WAIT_SEND,1.043061080932617,0.0
537,2492,6,0,29,0,WAIT_SEND,0.8951,0.0
537,2492,6,0,29,0,WAIT_RECV,1.0432602145526526,1.9999999999997797E-4
551,2849,14,6,85,9,EXECUTION,1.03333447994656,0.010000000000000009
551,2849,14,6,85,9,WAIT_SEND,1.04333447994656,0.0
580,2861,39,5,233,8,EXECUTION,1.0384286102294917,0.004999999999999893
580,2861,39,5,233,8,WAIT_SEND,1.0434286102294916,0.0
529,2452,14,1,80,1,EXECUTION,0.8803,0.020000000000000018
529,2452,14,1,80,1,WAIT_SEND,0.9003,0.0
529,2452,14,1,80,1,WAIT_RECV,1.0034962761773003,1.9999999999997797E-4
529,2452,14,1,80,1,EXECUTION,1.0034962761773003,0.040000000000000036
529,2452,14,1,80,1,WAIT_SEND,1.0434962761773003,0.0
576,2841,39,6,226,5,EXECUTION,1.028228610229492,0.004999999999999893
576,2841,39,6,226,5,WAIT_SEND,1.0332286102294919,0.0
576,2841,39,6,226,5,WAIT_RECV,1.0386286102294917,1.9999999999997797E-4
576,2841,39,6,226,5,EXECUTION,1.0386286102294917,0.004999999999999893
576,2841,39,6,226,5,WAIT_SEND,1.0436286102294916,0.0
529,2449,14,0,79,0,WAIT_SEND,0.8801,0.0
529,2449,14,0,79,0,WAIT_RECV,1.0436962761773003,1.9999999999997797E-4
595,2810,27,2,167,6,EXECUTION,1.011819073486328,0.010000000000000009
595,2810,27,2,167,6,WAIT_SEND,1.021819073486328,0.0
595,2810,27,2,167,6,WAIT_RECV,1.034457220458984,0.0013190734863279818
595,2810,27,2,167,6,EXECUTION,1.034457220458984,0.010000000000000009
595,2810,27,2,167,6,WAIT_SEND,1.044457220458984,0.0
536,2553,14,5,84,7,EXECUTION,0.914940463256836,0.016859536743163317
536,2553,14,5,84,7,WAIT_SEND,0.9317999999999993,0.0
536,2553,14,5,84,7,WAIT_RECV,1.0053725590176046,1.9999999999997797E-4
536,2553,14,5,84,7,EXECUTION,1.0053725590176046,0.040000000000000036
536,2553,14,5,84,7,WAIT_SEND,1.0453725590176046,0.0
534,2485,20,2,127,1,EXECUTION,0.891419073486328,0.010000000000000009
534,2485,20,2,127,1,WAIT_SEND,0.901419073486328,0.0
534,2485,20,2,127,1,WAIT_RECV,1.0153852031616213,1.9999999999997797E-4
534,2485,20,2,127,1,EXECUTION,1.0153852031616213,0.030000000000000027
534,2485,20,2,127,1,WAIT_SEND,1.0453852031616213,0.0
592,2855,16,6,98,9,EXECUTION,1.03555,0.010000000000000009
592,2855,16,6,98,9,WAIT_SEND,1.04555,0.0
534,2481,23,0,139,0,WAIT_SEND,0.8901,0.0
534,2481,23,0,139,0,WAIT_RECV,1.0467042766479493,0.0013190734863279818
584,2858,20,7,132,9,EXECUTION,1.0369064181857635,0.010000000000000009
584,2858,20,7,132,9,WAIT_SEND,1.0469064181857635,0.0
594,2859,3,4,9,9,EXECUTION,1.037019073486328,0.009999999999999787
594,2859,3,4,9,9,WAIT_SEND,1.0470190734863278,0.0
486,2247,32,1,205,1,EXECUTION,0.8103,0.0633047109757715
486,2247,32,1,205,1,WAIT_SEND,0.8736047109757715,0.0
486,2247,32,1,205,1,WAIT_RECV,0.9698088610693416,1.9999999999997797E-4
486,2247,32,1,205,1,EXECUTION,0.9698088610693416,0.07839174900201029
486,2247,32,1,205,1,WAIT_SEND,1.048200610071352,0.0
587,2868,39,3,231,7,EXECUTION,1.0432286102294919,0.004999999999999893
587,2868,39,3,231,7,WAIT_SEND,1.0482286102294918,0.0
486,2245,32,0,204,0,WAIT_SEND,0.8101,0.0
486,2245,32,0,204,0,WAIT_RECV,1.0484006100713519,1.9999999999997797E-4
580,2848,39,4,224,5,EXECUTION,1.0332286102294919,0.004999999999999893
580,2848,39,4,224,5,WAIT_SEND,1.0382286102294918,0.0
580,2848,39,4,224,5,WAIT_RECV,1.0436286102294916,1.9999999999997797E-4
580,2848,39,4,224,5,EXECUTION,1.0436286102294916,0.004999999999999893
580,2848,39,4,224,5,WAIT_SEND,1.0486286102294915,0.0
560,2656,15,4,90,7,EXECUTION,0.9505,0.02079999999999993
560,2656,15,4,90,7,WAIT_SEND,0.9712999999999999,0.0
560,2656,15,4,90,7,WAIT_RECV,1.0343267181396483,1.9999999999997797E-4
560,2656,15,4,90,7,EXECUTION,1.0343267181396483,0.014367181396484296
560,2656,15,4,90,7,WAIT_SEND,1.0486938995361326,0.0
576,2827,39,0,220,3,EXECUTION,1.023028610229492,0.004999999999999893
576,2827,39,0,220,3,WAIT_SEND,1.028028610229492,0.0
576,2827,39,0,220,3,WAIT_RECV,1.0438286102294916,1.9999999999997797E-4
576,2827,39,0,220,3,EXECUTION,1.0438286102294916,0.004999999999999893
576,2827,39,0,220,3,WAIT_SEND,1.0488286102294915,0.0
596,2818,8,5,45,6,EXECUTION,1.0163205705331622,0.010000000000000009
596,2818,8,5,45,6,WAIT_SEND,1.0263205705331622,0.0
596,2818,8,5,45,6,WAIT_RECV,1.0389587175058181,0.0013190734863279818
596,2818,8,5,45,6,EXECUTION,1.0389587175058181,0.010000000000000009
596,2818,8,5,45,6,WAIT_SEND,1.0489587175058182,0.0
599,2820,30,3,188,6,EXECUTION,1.0168190734863278,0.010000000000000009
599,2820,30,3,188,6,WAIT_SEND,1.0268190734863278,0.0
599,2820,30,3,188,6,WAIT_RECV,1.0394572204589838,0.0013190734863279818
599,2820,30,3,188,6,EXECUTION,1.0394572204589838,0.010000000000000009
599,2820,30,3,188,6,WAIT_SEND,1.0494572204589838,0.0
591,2788,13,3,76,7,EXECUTION,0.9966190734863279,0.009999999999999898
591,2788,13,3,76,7,WAIT_SEND,1.0066190734863278,0.0
591,2788,13,3,76,7,WAIT_RECV,1.0396572204589838,1.9999999999997797E-4
591,2788,13,3,76,7,EXECUTION,1.0396572204589838,0.010000000000000009
591,2788,13,3,76,7,WAIT_SEND,1.0496572204589838,0.0
480,2365,24,3,149,7,EXECUTION,0.8532102032725021,0.08886227167234628
480,2365,24,3,149,7,WAIT_SEND,0.9420724749448484,0.0
480,2365,24,3,149,7,WAIT_RECV,1.0036508708491763,1.9999999999997797E-4
480,2365,24,3,149,7,EXECUTION,1.0036508708491763,0.04638316185177205
480,2365,24,3,149,7,WAIT_SEND,1.0500340327009483,0.0
460,2117,21,1,134,1,EXECUTION,0.7653,0.02749999999999997
460,2117,21,1,134,1,WAIT_SEND,0.7928,0.0
460,2117,21,1,134,1,WAIT_RECV,1.0101773907025975,0.0013190734863279818
460,2117,21,1,134,1,EXECUTION,1.0101773907025975,0.040000000000000036
460,2117,21,1,134,1,WAIT_SEND,1.0501773907025975,0.0
597,2862,18,6,112,9,EXECUTION,1.0403127156575518,0.010000000000000009
597,2862,18,6,112,9,WAIT_SEND,1.0503127156575518,0.0
460,2114,21,0,133,0,WAIT_SEND,0.7651,0.0
460,2114,21,0,133,0,WAIT_RECV,1.0503773907025975,1.9999999999997797E-4
545,2531,11,1,63,1,EXECUTION,0.9053,0.020000000000000018
545,2531,11,1,63,1,WAIT_SEND,0.9253,0.0
545,2531,11,1,63,1,WAIT_RECV,1.0206219116210933,1.9999999999997797E-4
545,2531,11,1,63,1,EXECUTION,1.0206219116210933,0.030000000000000027
545,2531,11,1,63,1,WAIT_SEND,1.0506219116210933,0.0
545,2528,11,0,62,0,WAIT_SEND,0.9051,0.0
545,2528,11,0,62,0,WAIT_RECV,1.0508219116210933,1.9999999999997797E-4
570,2798,15,3,89,6,EXECUTION,1.0049778381347654,0.025961080932617175
570,2798,15,3,89,6,WAIT_SEND,1.0309389190673826,0.0
570,2798,15,3,89,6,WAIT_RECV,1.0413389190673825,1.9999999999997797E-4
570,2798,15,3,89,6,EXECUTION,1.0413389190673825,0.010000000000000009
570,2798,15,3,89,6,WAIT_SEND,1.0513389190673825,0.0
582,2864,3,3,8,9,EXECUTION,1.042019073486328,0.010000000000000009
582,2864,3,3,8,9,WAIT_SEND,1.052019073486328,0.0
559,2865,9,4,51,9,EXECUTION,1.042191928620226,0.010000000000000009
559,2865,9,4,51,9,WAIT_SEND,1.052191928620226,0.0
572,2867,29,0,183,9,EXECUTION,1.043179025753364,0.010000000000000009
572,2867,29,0,183,9,WAIT_SEND,1.053179025753364,0.0
589,2874,39,4,232,7,EXECUTION,1.048228610229492,0.004999999999999893
589,2874,39,4,232,7,WAIT_SEND,1.0532286102294919,0.0
553,2569,15,2,88,1,EXECUTION,0.9203,0.020000000000000018
553,2569,15,2,88,1,WAIT_SEND,0.9403,0.0
553,2569,15,2,88,1,WAIT_RECV,1.043261080932617,1.9999999999997797E-4
553,2569,15,2,88,1,EXECUTION,1.043261080932617,0.010000000000000009
553,2569,15,2,88,1,WAIT_SEND,1.053261080932617,0.0
587,2876,39,6,234,8,EXECUTION,1.0484286102294917,0.004999999999999893
587,2876,39,6,234,8,WAIT_SEND,1.0534286102294916,0.0
553,2566,15,0,86,0,WAIT_SEND,0.9201,0.0
553,2566,15,0,86,0,WAIT_RECV,1.053461080932617,1.9999999999997797E-4
580,2839,39,3,215,2,EXECUTION,1.028028610229492,0.004999999999999893
580,2839,39,3,215,2,WAIT_SEND,1.0330286102294919,0.0
580,2839,39,3,215,2,WAIT_SEND,1.0330286102294919,0.0
580,2839,39,3,215,2,WAIT_RECV,1.0384286102294917,1.9999999999997797E-4
580,2839,39,3,215,2,WAIT_RECV,1.0488286102294915,1.9999999999997797E-4
580,2839,39,3,215,2,EXECUTION,1.0488286102294915,0.004999999999999893
580,2839,39,3,215,2,WAIT_SEND,1.0538286102294914,0.0
550,2870,24,4,150,9,EXECUTION,1.0439227663270487,0.010000000000000009
550,2870,24,4,150,9,WAIT_SEND,1.0539227663270487,0.0
595,2794,27,3,168,7,EXECUTION,1.001619073486328,0.010000000000000009
595,2794,27,3,168,7,WAIT_SEND,1.011619073486328,0.0
595,2794,27,3,168,7,WAIT_RECV,1.044657220458984,1.9999999999997797E-4
595,2794,27,3,168,7,EXECUTION,1.044657220458984,0.010000000000000009
595,2794,27,3,168,7,WAIT_SEND,1.054657220458984,0.0
592,2830,16,3,95,6,EXECUTION,1.02535,0.010000000000000009
592,2830,16,3,95,6,WAIT_SEND,1.03535,0.0
592,2830,16,3,95,6,WAIT_RECV,1.04575,1.9999999999997797E-4
592,2830,16,3,95,6,EXECUTION,1.04575,0.010000000000000009
592,2830,16,3,95,6,WAIT_SEND,1.05575,0.0
585,2814,16,2,94,6,EXECUTION,1.01535,0.010000000000000009
585,2814,16,2,94,6,WAIT_SEND,1.02535,0.0
585,2814,16,2,94,6,WAIT_RECV,1.03575,1.9999999999997797E-4
585,2814,16,2,94,6,EXECUTION,1.03575,0.020000000000000018
585,2814,16,2,94,6,WAIT_SEND,1.05575,0.0
588,2871,23,6,145,9,EXECUTION,1.0457873446994355,0.010000000000000009
588,2871,23,6,145,9,WAIT_SEND,1.0557873446994355,0.0
466,2149,4,1,11,1,EXECUTION,0.7753,0.06168202879466855
466,2149,4,1,11,1,WAIT_SEND,0.8369820287946685,0.0
466,2149,4,1,11,1,WAIT_RECV,1.0115501170644992,1.9999999999997797E-4
466,2149,4,1,11,1,EXECUTION,1.0115501170644992,0.04464533160882467
466,2149,4,1,11,1,WAIT_SEND,1.0561954486733238,0.0
466,2144,4,0,10,0,WAIT_SEND,0.7751,0.0
466,2144,4,0,10,0,WAIT_RECV,1.0563954486733238,1.9999999999997797E-4
593,2873,3,4,9,9,EXECUTION,1.0470190734863278,0.010000000000000009
593,2873,3,4,9,9,WAIT_SEND,1.0570190734863278,0.0
584,2836,19,6,119,6,EXECUTION,1.0255873446994355,0.010000000000000009
584,2836,19,6,119,6,WAIT_SEND,1.0355873446994355,0.0
584,2836,19,6,119,6,WAIT_RECV,1.0482254916720914,0.0013190734863279818
584,2836,19,6,119,6,EXECUTION,1.0482254916720914,0.010000000000000009
584,2836,19,6,119,6,WAIT_SEND,1.0582254916720915,0.0
514,2608,32,2,206,7,EXECUTION,0.9337604565067616,0.034124090742442714
514,2608,32,2,206,7,WAIT_SEND,0.9678845472492044,0.0
514,2608,32,2,206,7,WAIT_RECV,1.0009226942218603,0.0013190734863279818
514,2608,32,2,206,7,EXECUTION,1.0009226942218603,0.05744572069221188
514,2608,32,2,206,7,WAIT_SEND,1.0583684149140722,0.0
568,2702,7,5,39,7,EXECUTION,0.966619073486328,0.03784061464019528
568,2702,7,5,39,7,WAIT_SEND,1.0044596881265233,0.0
568,2702,7,5,39,7,WAIT_RECV,1.0374978350991793,1.9999999999997797E-4
568,2702,7,5,39,7,EXECUTION,1.0374978350991793,0.020884819814901645
568,2702,7,5,39,7,WAIT_SEND,1.058382654914081,0.0
589,2879,39,7,235,8,EXECUTION,1.0534286102294919,0.004999999999999893
589,2879,39,7,235,8,WAIT_SEND,1.0584286102294918,0.0
587,2869,39,5,225,5,EXECUTION,1.0432286102294919,0.004999999999999893
587,2869,39,5,225,5,WAIT_SEND,1.0482286102294918,0.0
587,2869,39,5,225,5,WAIT_RECV,1.0536286102294916,1.9999999999997797E-4
587,2869,39,5,225,5,EXECUTION,1.0536286102294916,0.004999999999999893
587,2869,39,5,225,5,WAIT_SEND,1.0586286102294915,0.0
560,2598,15,1,87,1,EXECUTION,0.9303,0.020000000000000018
560,2598,15,1,87,1,WAIT_SEND,0.9503,0.0
560,2598,15,1,87,1,WAIT_RECV,1.0488938995361325,1.9999999999997797E-4
560,2598,15,1,87,1,EXECUTION,1.0488938995361325,0.010000000000000009
560,2598,15,1,87,1,WAIT_SEND,1.0588938995361326,0.0
472,2171,4,1,11,1,EXECUTION,0.7853,0.05882488593752577
472,2171,4,1,11,1,WAIT_SEND,0.8441248859375258,0.0
472,2171,4,1,11,1,WAIT_RECV,1.0165204023199566,1.9999999999997797E-4
472,2171,4,1,11,1,EXECUTION,1.0165204023199566,0.0425629863917214
472,2171,4,1,11,1,WAIT_SEND,1.059083388711678,0.0
560,2595,15,0,86,0,WAIT_SEND,0.9301,0.0
560,2595,15,0,86,0,WAIT_RECV,1.0590938995361325,1.9999999999997797E-4
596,2793,8,6,46,7,EXECUTION,1.0005,0.015620570533162237
596,2793,8,6,46,7,WAIT_SEND,1.0161205705331622,0.0
596,2793,8,6,46,7,WAIT_RECV,1.0491587175058181,1.9999999999997797E-4
596,2793,8,6,46,7,EXECUTION,1.0491587175058181,0.010000000000000009
596,2793,8,6,46,7,WAIT_SEND,1.0591587175058181,0.0
472,2168,4,0,10,0,WAIT_SEND,0.7851,0.0
472,2168,4,0,10,0,WAIT_RECV,1.059283388711678,1.9999999999997797E-4
599,2801,30,0,193,7,EXECUTION,1.0066190734863278,0.010000000000000009
599,2801,30,0,193,7,WAIT_SEND,1.0166190734863279,0.0
599,2801,30,0,193,7,WAIT_RECV,1.0496572204589838,1.9999999999997797E-4
599,2801,30,0,193,7,EXECUTION,1.0496572204589838,0.010000000000000009
599,2801,30,0,193,7,WAIT_SEND,1.0596572204589838,0.0
544,2530,7,2,36,1,EXECUTION,0.9053,0.020000000000000018
544,2530,7,2,36,1,WAIT_SEND,0.9253,0.0
544,2530,7,2,36,1,WAIT_RECV,1.0396623475939832,1.9999999999997797E-4
544,2530,7,2,36,1,EXECUTION,1.0396623475939832,0.020000000000000018
544,2530,7,2,36,1,WAIT_SEND,1.0596623475939833,0.0
544,2527,7,0,34,0,WAIT_SEND,0.9051,0.0
544,2527,7,0,34,0,WAIT_RECV,1.0598623475939832,1.9999999999997797E-4
597,2842,18,3,109,6,EXECUTION,1.0301127156575518,0.010000000000000009
597,2842,18,3,109,6,WAIT_SEND,1.0401127156575518,0.0
597,2842,18,3,109,6,WAIT_RECV,1.0505127156575518,1.9999999999997797E-4
597,2842,18,3,109,6,EXECUTION,1.0505127156575518,0.010000000000000009
597,2842,18,3,109,6,WAIT_SEND,1.0605127156575518,0.0
591,2757,12,1,67,1,EXECUTION,0.9853,0.010000000000000009
591,2757,12,1,67,1,WAIT_SEND,0.9953,0.0
591,2757,12,1,67,1,WAIT_RECV,1.0509762939453118,0.0013190734863279818
591,2757,12,1,67,1,EXECUTION,1.0509762939453118,0.010000000000000009
591,2757,12,1,67,1,WAIT_SEND,1.0609762939453118,0.0
528,2451,6,1,30,1,EXECUTION,0.8803,0.049470976736206596
528,2451,6,1,30,1,WAIT_SEND,0.9297709767362066,0.0
528,2451,6,1,30,1,WAIT_RECV,1.0401968024853092,0.0013190734863279818
528,2451,6,1,30,1,EXECUTION,1.0401968024853092,0.02095447068911449
528,2451,6,1,30,1,WAIT_SEND,1.0611512731744237,0.0
591,2754,12,0,66,0,WAIT_SEND,0.9851,0.0
591,2754,12,0,66,0,WAIT_RECV,1.0611762939453118,1.9999999999997797E-4
528,2448,6,0,29,0,WAIT_SEND,0.8801,0.0
528,2448,6,0,29,0,WAIT_RECV,1.0613512731744237,1.9999999999997797E-4
479,2377,24,3,149,7,EXECUTION,0.8564005128667922,0.08977378869928632
479,2377,24,3,149,7,WAIT_SEND,0.9461743015660785,0.0
479,2377,24,3,149,7,WAIT_RECV,1.0164852890518796,1.9999999999997797E-4
479,2377,24,3,149,7,EXECUTION,1.0164852890518796,0.04490680654018964
479,2377,24,3,149,7,WAIT_SEND,1.0613920955920693,0.0
575,2786,4,2,12,6,EXECUTION,0.9955,0.02354930448456849
575,2786,4,2,12,6,WAIT_SEND,1.0190493044845685,0.0
575,2786,4,2,12,6,WAIT_RECV,1.0316874514572245,0.0013190734863279818
575,2786,4,2,12,6,EXECUTION,1.0316874514572245,0.030000000000000027
575,2786,4,2,12,6,WAIT_SEND,1.0616874514572245,0.0
547,2539,22,0,136,0,WAIT_SEND,0.9101,0.0
547,2539,22,0,136,0,WAIT_RECV,1.0617808802693673,0.06292861022949203
484,2383,24,3,149,7,EXECUTION,0.8582102032725021,0.08999999999999997
484,2383,24,3,149,7,WAIT_SEND,0.948210203272502,0.0
484,2383,24,3,149,7,WAIT_RECV,1.0175032399050914,1.9999999999997797E-4
484,2383,24,3,149,7,EXECUTION,1.0175032399050914,0.044652318826886805
484,2383,24,3,149,7,WAIT_SEND,1.0621555587319782,0.0
561,2877,9,5,52,9,EXECUTION,1.052393716353171,0.010000000000000009
561,2877,9,5,52,9,WAIT_SEND,1.062393716353171,0.0
539,2878,33,3,210,9,EXECUTION,1.0530002218069947,0.010000000000000009
539,2878,33,3,210,9,WAIT_SEND,1.0630002218069947,0.0
582,2843,7,4,38,6,EXECUTION,1.0307,0.010000000000000009
582,2843,7,4,38,6,WAIT_SEND,1.0407,0.0
582,2843,7,4,38,6,WAIT_RECV,1.053338146972656,0.0013190734863279818
582,2843,7,4,38,6,EXECUTION,1.053338146972656,0.010000000000000009
582,2843,7,4,38,6,WAIT_SEND,1.063338146972656,0.0
589,2875,39,6,226,5,EXECUTION,1.048228610229492,0.004999999999999893
589,2875,39,6,226,5,WAIT_SEND,1.0532286102294919,0.0
589,2875,39,6,226,5,WAIT_RECV,1.0586286102294917,1.9999999999997797E-4
589,2875,39,6,226,5,EXECUTION,1.0586286102294917,0.004999999999999893
589,2875,39,6,226,5,WAIT_SEND,1.0636286102294916,0.0
578,2686,9,1,48,1,EXECUTION,0.9602999999999999,0.030000000000000027
578,2686,9,1,48,1,WAIT_SEND,0.9903,0.0
578,2686,9,1,48,1,WAIT_RECV,1.0437381469726559,0.0013190734863279818
578,2686,9,1,48,1,EXECUTION,1.0437381469726559,0.020000000000000018
578,2686,9,1,48,1,WAIT_SEND,1.063738146972656,0.0
587,2860,39,4,216,2,EXECUTION,1.038028610229492,0.004999999999999893
587,2860,39,4,216,2,WAIT_SEND,1.043028610229492,0.0
587,2860,39,4,216,2,WAIT_SEND,1.043028610229492,0.0
587,2860,39,4,216,2,WAIT_RECV,1.0484286102294917,1.9999999999997797E-4
587,2860,39,4,216,2,WAIT_RECV,1.0588286102294915,1.9999999999997797E-4
587,2860,39,4,216,2,EXECUTION,1.0588286102294915,0.004999999999999893
587,2860,39,4,216,2,WAIT_SEND,1.0638286102294914,0.0
586,2880,16,7,99,9,EXECUTION,1.0538925292968746,0.010000000000000009
586,2880,16,7,99,9,WAIT_SEND,1.0638925292968746,0.0
578,2683,9,0,47,0,WAIT_SEND,0.9601,0.0
578,2683,9,0,47,0,WAIT_RECV,1.0639381469726559,1.9999999999997797E-4
550,2852,24,2,148,6,EXECUTION,1.0337227663270487,0.010000000000000009
550,2852,24,2,148,6,WAIT_SEND,1.0437227663270487,0.0
550,2852,24,2,148,6,WAIT_RECV,1.0541227663270487,1.9999999999997797E-4
550,2852,24,2,148,6,EXECUTION,1.0541227663270487,0.010000000000000009
550,2852,24,2,148,6,WAIT_SEND,1.0641227663270487,0.0
572,2846,30,4,189,6,EXECUTION,1.031859952267036,0.010000000000000009
572,2846,30,4,189,6,WAIT_SEND,1.041859952267036,0.0
572,2846,30,4,189,6,WAIT_RECV,1.054498099239692,0.0013190734863279818
572,2846,30,4,189,6,EXECUTION,1.054498099239692,0.010000000000000009
572,2846,30,4,189,6,WAIT_SEND,1.064498099239692,0.0
541,2665,14,3,82,6,EXECUTION,0.954274999999999,0.03954435746934626
541,2665,14,3,82,6,WAIT_SEND,0.9938193574693452,0.0
541,2665,14,3,82,6,WAIT_RECV,1.0099792349921302,1.9999999999997797E-4
541,2665,14,3,82,6,EXECUTION,1.0099792349921302,0.0550192402804317
541,2665,14,3,82,6,WAIT_SEND,1.0649984752725619,0.0
517,2621,32,2,206,7,EXECUTION,0.9394747422210474,0.03455516919747703
517,2621,32,2,206,7,WAIT_SEND,0.9740299114185245,0.0
517,2621,32,2,206,7,WAIT_RECV,1.0070680583911804,0.0013190734863279818
517,2621,32,2,206,7,EXECUTION,1.0070680583911804,0.058674793526076074
517,2621,32,2,206,7,WAIT_SEND,1.0657428519172565,0.0
583,2881,33,4,211,9,EXECUTION,1.0557796174288476,0.010000000000000009
583,2881,33,4,211,9,WAIT_SEND,1.0657796174288476,0.0
585,2799,16,4,96,7,EXECUTION,1.00515,0.010000000000000009
585,2799,16,4,96,7,WAIT_SEND,1.01515,0.0
585,2799,16,4,96,7,WAIT_RECV,1.05595,1.9999999999997797E-4
585,2799,16,4,96,7,EXECUTION,1.05595,0.010000000000000009
585,2799,16,4,96,7,WAIT_SEND,1.06595,0.0
592,2813,16,5,97,7,EXECUTION,1.01515,0.010000000000000009
592,2813,16,5,97,7,WAIT_SEND,1.02515,0.0
592,2813,16,5,97,7,WAIT_RECV,1.05595,1.9999999999997797E-4
592,2813,16,5,97,7,EXECUTION,1.05595,0.010000000000000009
592,2813,16,5,97,7,WAIT_SEND,1.06595,0.0
548,2546,30,1,186,1,EXECUTION,0.911419073486328,0.06110148292493023
548,2546,30,1,186,1,WAIT_SEND,0.9725205564112582,0.0
548,2546,30,1,186,1,WAIT_RECV,1.0359587033839142,1.9999999999997797E-4
548,2546,30,1,186,1,EXECUTION,1.0359587033839142,0.030000000000000027
548,2546,30,1,186,1,WAIT_SEND,1.0659587033839142,0.0
595,2773,28,1,170,1,EXECUTION,0.9903,0.010000000000000009
595,2773,28,1,170,1,WAIT_SEND,1.0003,0.0
595,2773,28,1,170,1,WAIT_RECV,1.055976293945312,0.0013190734863279818
595,2773,28,1,170,1,EXECUTION,1.055976293945312,0.010000000000000009
595,2773,28,1,170,1,WAIT_SEND,1.065976293945312,0.0
588,2857,23,1,140,6,EXECUTION,1.0355873446994355,0.010000000000000009
588,2857,23,1,140,6,WAIT_SEND,1.0455873446994355,0.0
588,2857,23,1,140,6,WAIT_RECV,1.0559873446994354,1.9999999999997797E-4
588,2857,23,1,140,6,EXECUTION,1.0559873446994354,0.010000000000000009
588,2857,23,1,140,6,WAIT_SEND,1.0659873446994355,0.0
595,2770,28,0,169,0,WAIT_SEND,0.9901,0.0
595,2770,28,0,169,0,WAIT_RECV,1.0661762939453119,1.9999999999997797E-4
549,2556,28,0,169,0,WAIT_SEND,0.9151,0.0
549,2556,28,0,169,0,WAIT_RECV,1.0667572204589841,0.06292861022949214
434,2002,24,1,147,1,EXECUTION,0.7202999999999999,0.03258728434244795
434,2002,24,1,147,1,WAIT_SEND,0.7528872843424479,0.0
434,2002,24,1,147,1,WAIT_RECV,0.9970926086123902,1.9999999999997797E-4
434,2002,24,1,147,1,EXECUTION,0.9970926086123902,0.06999999999999995
434,2002,24,1,147,1,WAIT_SEND,1.0670926086123902,0.0
594,2826,3,1,6,6,EXECUTION,1.021819073486328,0.015000000000000124
594,2826,3,1,6,6,WAIT_SEND,1.036819073486328,0.0
594,2826,3,1,6,6,WAIT_RECV,1.0472190734863278,1.9999999999997797E-4
594,2826,3,1,6,6,EXECUTION,1.0472190734863278,0.020000000000000018
594,2826,3,1,6,6,WAIT_SEND,1.0672190734863278,0.0
548,2540,26,0,159,0,WAIT_SEND,0.9101,0.0
548,2540,26,0,159,0,WAIT_RECV,1.0672777768702422,0.0013190734863279818
434,2000,24,0,146,0,WAIT_SEND,0.7201,0.0
434,2000,24,0,146,0,WAIT_RECV,1.0672926086123902,1.9999999999997797E-4
563,2882,20,6,131,9,EXECUTION,1.0582137695177545,0.010000000000000009
563,2882,20,6,131,9,WAIT_SEND,1.0682137695177545,0.0
584,2815,19,0,121,7,EXECUTION,1.0153873446994355,0.010000000000000009
584,2815,19,0,121,7,WAIT_SEND,1.0253873446994355,0.0
584,2815,19,0,121,7,WAIT_RECV,1.0584254916720914,1.9999999999997797E-4
584,2815,19,0,121,7,EXECUTION,1.0584254916720914,0.010000000000000009
584,2815,19,0,121,7,WAIT_SEND,1.0684254916720914,0.0
568,2646,7,1,35,1,EXECUTION,0.946419073486328,0.020000000000000018
568,2646,7,1,35,1,WAIT_SEND,0.966419073486328,0.0
568,2646,7,1,35,1,WAIT_RECV,1.0585826549140809,1.9999999999997797E-4
568,2646,7,1,35,1,EXECUTION,1.0585826549140809,0.010000000000000009
568,2646,7,1,35,1,WAIT_SEND,1.0685826549140809,0.0
589,2866,39,5,217,2,EXECUTION,1.0430286102294921,0.004999999999999893
589,2866,39,5,217,2,WAIT_SEND,1.048028610229492,0.0
589,2866,39,5,217,2,WAIT_SEND,1.048028610229492,0.0
589,2866,39,5,217,2,WAIT_RECV,1.0534286102294919,1.9999999999997797E-4
589,2866,39,5,217,2,WAIT_RECV,1.0638286102294916,1.9999999999997797E-4
589,2866,39,5,217,2,EXECUTION,1.0638286102294916,0.004999999999999893
589,2866,39,5,217,2,WAIT_SEND,1.0688286102294915,0.0
432,2003,24,1,147,1,EXECUTION,0.7214190734863279,0.03370635782877596
432,2003,24,1,147,1,WAIT_SEND,0.7551254313151039,0.0
432,2003,24,1,147,1,WAIT_RECV,0.9993041317473751,1.9999999999997797E-4
432,2003,24,1,147,1,EXECUTION,0.9993041317473751,0.06968406812357364
432,2003,24,1,147,1,WAIT_SEND,1.0689881998709487,0.0
557,2587,30,1,186,1,EXECUTION,0.926419073486328,0.06077601676311184
557,2587,30,1,186,1,WAIT_SEND,0.9871950902494399,0.0
557,2587,30,1,186,1,WAIT_RECV,1.0406332372220957,1.9999999999997797E-4
557,2587,30,1,186,1,EXECUTION,1.0406332372220957,0.028441822053939525
557,2587,30,1,186,1,WAIT_SEND,1.0690750592760352,0.0
596,2772,8,2,42,1,EXECUTION,0.9903,0.010000000000000009
596,2772,8,2,42,1,WAIT_SEND,1.0003,0.0
596,2772,8,2,42,1,WAIT_RECV,1.0593587175058181,1.9999999999997797E-4
596,2772,8,2,42,1,EXECUTION,1.0593587175058181,0.010000000000000009
596,2772,8,2,42,1,WAIT_SEND,1.0693587175058181,0.0
596,2769,8,0,40,0,WAIT_SEND,0.9901,0.0
596,2769,8,0,40,0,WAIT_RECV,1.069558717505818,1.9999999999997797E-4
568,2640,3,0,5,0,WAIT_SEND,0.9451,0.0
568,2640,3,0,5,0,WAIT_RECV,1.0699017284004089,0.0013190734863279818
432,1999,23,0,139,0,WAIT_SEND,0.7201,0.0
432,1999,23,0,139,0,WAIT_RECV,1.0703072733572767,0.0013190734863279818
557,2581,27,0,165,0,WAIT_SEND,0.9251,0.0
557,2581,27,0,165,0,WAIT_RECV,1.0703941327623632,0.0013190734863279818
597,2822,18,4,110,7,EXECUTION,1.018324084133572,0.011588631523979931
597,2822,18,4,110,7,WAIT_SEND,1.0299127156575518,0.0
597,2822,18,4,110,7,WAIT_RECV,1.0607127156575518,1.9999999999997797E-4
597,2822,18,4,110,7,EXECUTION,1.0607127156575518,0.010000000000000009
597,2822,18,4,110,7,WAIT_SEND,1.0707127156575518,0.0
599,2785,29,2,177,1,EXECUTION,0.9953,0.009999999999999898
599,2785,29,2,177,1,WAIT_SEND,1.0052999999999999,0.0
599,2785,29,2,177,1,WAIT_RECV,1.0609762939453118,0.0013190734863279818
599,2785,29,2,177,1,EXECUTION,1.0609762939453118,0.010000000000000009
599,2785,29,2,177,1,WAIT_SEND,1.0709762939453118,0.0
599,2782,29,0,175,0,WAIT_SEND,0.9951,0.0
599,2782,29,0,175,0,WAIT_RECV,1.0711762939453118,1.9999999999997797E-4
540,2677,14,3,82,6,EXECUTION,0.956819073486328,0.04124040646023219
540,2677,14,3,82,6,WAIT_SEND,0.9980594799465602,0.0
540,2677,14,3,82,6,WAIT_RECV,1.0142193574693452,1.9999999999997797E-4
540,2677,14,3,82,6,EXECUTION,1.0142193574693452,0.05713930151903934
540,2677,14,3,82,6,WAIT_SEND,1.0713586589883846,0.0
593,2837,3,1,6,6,EXECUTION,1.0268190734863278,0.020000000000000018
593,2837,3,1,6,6,WAIT_SEND,1.0468190734863279,0.0
593,2837,3,1,6,6,WAIT_RECV,1.0572190734863278,1.9999999999997797E-4
593,2837,3,1,6,6,EXECUTION,1.0572190734863278,0.014999999999999902
593,2837,3,1,6,6,WAIT_SEND,1.0722190734863277,0.0
570,2751,11,2,64,7,EXECUTION,0.9836587646484374,0.020000000000000018
570,2751,11,2,64,7,WAIT_SEND,1.0036587646484374,0.0
570,2751,11,2,64,7,WAIT_RECV,1.0526579925537105,0.0013190734863279818
570,2751,11,2,64,7,EXECUTION,1.0526579925537105,0.020000000000000018
570,2751,11,2,64,7,WAIT_SEND,1.0726579925537105,0.0
575,2752,2,3,3,7,EXECUTION,0.9841190734863281,0.010000000000000009
575,2752,2,3,3,7,WAIT_SEND,0.9941190734863281,0.0
575,2752,2,3,3,7,WAIT_RECV,1.0630065249435525,0.0013190734863279818
575,2752,2,3,3,7,EXECUTION,1.0630065249435525,0.010000000000000009
575,2752,2,3,3,7,WAIT_SEND,1.0730065249435525,0.0
582,2774,7,5,39,7,EXECUTION,0.9904999999999999,0.040000000000000036
582,2774,7,5,39,7,WAIT_SEND,1.0305,0.0
582,2774,7,5,39,7,WAIT_RECV,1.063538146972656,1.9999999999997797E-4
582,2774,7,5,39,7,EXECUTION,1.063538146972656,0.010000000000000009
582,2774,7,5,39,7,WAIT_SEND,1.073538146972656,0.0
586,2851,16,2,94,6,EXECUTION,1.0336925292968746,0.020000000000000018
586,2851,16,2,94,6,WAIT_SEND,1.0536925292968746,0.0
586,2851,16,2,94,6,WAIT_RECV,1.0640925292968746,1.9999999999997797E-4
586,2851,16,2,94,6,EXECUTION,1.0640925292968746,0.010000000000000009
586,2851,16,2,94,6,WAIT_SEND,1.0740925292968746,0.0
444,2060,24,1,147,1,EXECUTION,0.7403,0.040000000000000036
444,2060,24,1,147,1,WAIT_SEND,0.7803,0.0
444,2060,24,1,147,1,WAIT_RECV,1.007112366135405,1.9999999999997797E-4
444,2060,24,1,147,1,EXECUTION,1.007112366135405,0.06745314401270797
444,2060,24,1,147,1,WAIT_SEND,1.0745655101481129,0.0
572,2809,30,6,191,7,EXECUTION,1.011659952267036,0.020000000000000018
572,2809,30,6,191,7,WAIT_SEND,1.031659952267036,0.0
572,2809,30,6,191,7,WAIT_RECV,1.064698099239692,1.9999999999997797E-4
572,2809,30,6,191,7,EXECUTION,1.064698099239692,0.010000000000000009
572,2809,30,6,191,7,WAIT_SEND,1.074698099239692,0.0
444,2057,24,0,146,0,WAIT_SEND,0.7401,0.0
444,2057,24,0,146,0,WAIT_RECV,1.0747655101481128,1.9999999999997797E-4
565,2883,20,7,132,9,EXECUTION,1.0656115718737114,0.010000000000000009
565,2883,20,7,132,9,WAIT_SEND,1.0756115718737114,0.0
588,2831,23,2,141,7,EXECUTION,1.0253873446994355,0.010000000000000009
588,2831,23,2,141,7,WAIT_SEND,1.0353873446994355,0.0
588,2831,23,2,141,7,WAIT_RECV,1.0661873446994354,1.9999999999997797E-4
588,2831,23,2,141,7,EXECUTION,1.0661873446994354,0.010000000000000009
588,2831,23,2,141,7,WAIT_SEND,1.0761873446994354,0.0
559,2805,4,2,12,6,EXECUTION,1.0085500996044499,0.03232275552944808
559,2805,4,2,12,6,WAIT_SEND,1.040872855133898,0.0
559,2805,4,2,12,6,WAIT_RECV,1.053511002106554,0.0013190734863279818
559,2805,4,2,12,6,EXECUTION,1.053511002106554,0.022725483116890155
559,2805,4,2,12,6,WAIT_SEND,1.076236485223444,0.0
594,2807,2,2,2,7,EXECUTION,1.0105,0.010000000000000009
594,2807,2,2,2,7,WAIT_SEND,1.0205,0.0
594,2807,2,2,2,7,WAIT_RECV,1.0685381469726558,0.0013190734863279818
594,2807,2,2,2,7,EXECUTION,1.0685381469726558,0.010000000000000009
594,2807,2,2,2,7,WAIT_SEND,1.0785381469726558,0.0
530,2725,20,3,128,6,EXECUTION,0.9753508626302079,0.04022338225138289
530,2725,20,3,128,6,WAIT_SEND,1.0155742448815908,0.0
530,2725,20,3,128,6,WAIT_RECV,1.026236278979897,1.9999999999997797E-4
530,2725,20,3,128,6,EXECUTION,1.026236278979897,0.052653886248453796
530,2725,20,3,128,6,WAIT_SEND,1.078890165228351,0.0
525,2607,20,4,129,7,EXECUTION,0.9327181849283848,0.02499001897786446
525,2607,20,4,129,7,WAIT_SEND,0.9577082039062492,0.0
525,2607,20,4,129,7,WAIT_RECV,1.0391694312422686,1.9999999999997797E-4
525,2607,20,4,129,7,EXECUTION,1.0391694312422686,0.040000000000000036
525,2607,20,4,129,7,WAIT_SEND,1.0791694312422686,0.0
561,2823,4,2,12,6,EXECUTION,1.0187518873373949,0.03232275552944808
561,2823,4,2,12,6,WAIT_SEND,1.051074642866843,0.0
561,2823,4,2,12,6,WAIT_RECV,1.063712789839499,0.0013190734863279818
561,2823,4,2,12,6,EXECUTION,1.063712789839499,0.016261847691972475
561,2823,4,2,12,6,WAIT_SEND,1.0799746375314714,0.0
597,2783,18,1,107,1,EXECUTION,0.9953,0.022824084133571954
597,2783,18,1,107,1,WAIT_SEND,1.018124084133572,0.0
597,2783,18,1,107,1,WAIT_RECV,1.0709127156575518,1.9999999999997797E-4
597,2783,18,1,107,1,EXECUTION,1.0709127156575518,0.010000000000000009
597,2783,18,1,107,1,WAIT_SEND,1.0809127156575518,0.0
597,2780,18,0,106,0,WAIT_SEND,0.9951,0.0
597,2780,18,0,106,0,WAIT_RECV,1.0811127156575517,1.9999999999997797E-4
593,2819,3,2,7,7,EXECUTION,1.0166190734863279,0.010000000000000009
593,2819,3,2,7,7,WAIT_SEND,1.0266190734863279,0.0
593,2819,3,2,7,7,WAIT_RECV,1.0724190734863277,1.9999999999997797E-4
593,2819,3,2,7,7,EXECUTION,1.0724190734863277,0.010000000000000009
593,2819,3,2,7,7,WAIT_SEND,1.0824190734863277,0.0
479,2205,22,1,137,1,EXECUTION,0.7953,0.05978143938046421
479,2205,22,1,137,1,WAIT_SEND,0.8550814393804642,0.0
479,2205,22,1,137,1,WAIT_RECV,1.0627111690783972,0.0013190734863279818
479,2205,22,1,137,1,EXECUTION,1.0627111690783972,0.020000000000000018
479,2205,22,1,137,1,WAIT_SEND,1.0827111690783973,0.0
479,2202,22,0,136,0,WAIT_SEND,0.7951,0.0
479,2202,22,0,136,0,WAIT_RECV,1.0829111690783972,1.9999999999997797E-4
539,2853,33,1,208,6,EXECUTION,1.0341899196179212,0.018610302189073558
539,2853,33,1,208,6,WAIT_SEND,1.0528002218069947,0.0
539,2853,33,1,208,6,WAIT_RECV,1.0632002218069947,1.9999999999997797E-4
539,2853,33,1,208,6,EXECUTION,1.0632002218069947,0.020000000000000018
539,2853,33,1,208,6,WAIT_SEND,1.0832002218069947,0.0
546,2712,14,3,82,6,EXECUTION,0.9707,0.043670697106255374
546,2712,14,3,82,6,WAIT_SEND,1.0143706971062554,0.0
546,2712,14,3,82,6,WAIT_RECV,1.0247706971062553,1.9999999999997797E-4
546,2712,14,3,82,6,EXECUTION,1.0247706971062553,0.05878142985591084
546,2712,14,3,82,6,WAIT_SEND,1.0835521269621662,0.0
582,2709,7,2,36,1,EXECUTION,0.9702999999999999,0.020000000000000018
582,2709,7,2,36,1,WAIT_SEND,0.9903,0.0
582,2709,7,2,36,1,WAIT_RECV,1.073738146972656,1.9999999999997797E-4
582,2709,7,2,36,1,EXECUTION,1.073738146972656,0.010000000000000009
582,2709,7,2,36,1,WAIT_SEND,1.083738146972656,0.0
582,2706,7,0,34,0,WAIT_SEND,0.9701,0.0
582,2706,7,0,34,0,WAIT_RECV,1.083938146972656,1.9999999999997797E-4
550,2736,24,3,149,7,EXECUTION,0.9788333333333333,0.054689432993715426
550,2736,24,3,149,7,WAIT_SEND,1.0335227663270488,0.0
550,2736,24,3,149,7,WAIT_RECV,1.0643227663270487,1.9999999999997797E-4
550,2736,24,3,149,7,EXECUTION,1.0643227663270487,0.020000000000000018
550,2736,24,3,149,7,WAIT_SEND,1.0843227663270487,0.0
575,2670,9,1,48,1,EXECUTION,0.9553,0.02750000000000008
575,2670,9,1,48,1,WAIT_SEND,0.9828000000000001,0.0
575,2670,9,1,48,1,WAIT_RECV,1.0743255984298805,0.0013190734863279818
575,2670,9,1,48,1,EXECUTION,1.0743255984298805,0.010000000000000009
575,2670,9,1,48,1,WAIT_SEND,1.0843255984298805,0.0
575,2667,9,0,47,0,WAIT_SEND,0.9551000000000001,0.0
575,2667,9,0,47,0,WAIT_RECV,1.0845255984298805,1.9999999999997797E-4
583,2856,33,1,208,6,EXECUTION,1.0355796174288476,0.020000000000000018
583,2856,33,1,208,6,WAIT_SEND,1.0555796174288476,0.0
583,2856,33,1,208,6,WAIT_RECV,1.0659796174288476,1.9999999999997797E-4
583,2856,33,1,208,6,EXECUTION,1.0659796174288476,0.018610302189073558
583,2856,33,1,208,6,WAIT_SEND,1.0845899196179212,0.0
572,2659,30,1,186,1,EXECUTION,0.951419073486328,0.06004087878070796
572,2659,30,1,186,1,WAIT_SEND,1.011459952267036,0.0
572,2659,30,1,186,1,WAIT_RECV,1.074898099239692,1.9999999999997797E-4
572,2659,30,1,186,1,EXECUTION,1.074898099239692,0.010000000000000009
572,2659,30,1,186,1,WAIT_SEND,1.084898099239692,0.0
554,2731,20,3,128,6,EXECUTION,0.9778667270236543,0.04525511103827573
554,2731,20,3,128,6,WAIT_SEND,1.02312183806193,0.0
554,2731,20,3,128,6,WAIT_RECV,1.03352183806193,1.9999999999997797E-4
554,2731,20,3,128,6,EXECUTION,1.03352183806193,0.05143962640144828
554,2731,20,3,128,6,WAIT_SEND,1.0849614644633783,0.0
586,2804,11,2,64,7,EXECUTION,1.0083492279052733,0.024024227905273365
586,2804,11,2,64,7,WAIT_SEND,1.0323734558105466,0.0
586,2804,11,2,64,7,WAIT_RECV,1.0754116027832026,0.0013190734863279818
586,2804,11,2,64,7,EXECUTION,1.0754116027832026,0.010000000000000009
586,2804,11,2,64,7,WAIT_SEND,1.0854116027832026,0.0
536,2482,14,2,81,1,EXECUTION,0.8903,0.02444046325683602
536,2482,14,2,81,1,WAIT_SEND,0.914740463256836,0.0
536,2482,14,2,81,1,WAIT_RECV,1.0455725590176046,1.9999999999997797E-4
536,2482,14,2,81,1,EXECUTION,1.0455725590176046,0.040000000000000036
536,2482,14,2,81,1,WAIT_SEND,1.0855725590176046,0.0
536,2479,14,0,79,0,WAIT_SEND,0.8901,0.0
536,2479,14,0,79,0,WAIT_RECV,1.0857725590176046,1.9999999999997797E-4
585,2723,16,1,93,1,EXECUTION,0.9753,0.029650000000000065
585,2723,16,1,93,1,WAIT_SEND,1.00495,0.0
585,2723,16,1,93,1,WAIT_RECV,1.06615,1.9999999999997797E-4
585,2723,16,1,93,1,EXECUTION,1.06615,0.020000000000000018
585,2723,16,1,93,1,WAIT_SEND,1.08615,0.0
592,2758,16,1,93,1,EXECUTION,0.9853,0.029650000000000065
592,2758,16,1,93,1,WAIT_SEND,1.01495,0.0
592,2758,16,1,93,1,WAIT_RECV,1.06615,1.9999999999997797E-4
592,2758,16,1,93,1,EXECUTION,1.06615,0.020000000000000018
592,2758,16,1,93,1,WAIT_SEND,1.08615,0.0
572,2655,33,0,207,0,WAIT_SEND,0.9501000000000001,0.0
572,2655,33,0,207,0,WAIT_RECV,1.08621717272602,0.0013190734863279818
585,2720,16,0,92,0,WAIT_SEND,0.9751,0.0
585,2720,16,0,92,0,WAIT_RECV,1.08635,1.9999999999997797E-4
592,2755,16,0,92,0,WAIT_SEND,0.9851,0.0
592,2755,16,0,92,0,WAIT_RECV,1.08635,1.9999999999997797E-4
559,2766,4,4,14,7,EXECUTION,0.9895,0.018850099604449833
559,2766,4,4,14,7,WAIT_SEND,1.0083500996044499,0.0
559,2766,4,4,14,7,WAIT_RECV,1.076436485223444,1.9999999999997797E-4
559,2766,4,4,14,7,EXECUTION,1.076436485223444,0.010000000000000009
559,2766,4,4,14,7,WAIT_SEND,1.086436485223444,0.0
573,2886,24,4,150,9,EXECUTION,1.0765539387794325,0.010000000000000009
573,2886,24,4,150,9,WAIT_SEND,1.0865539387794325,0.0
552,2737,20,3,128,6,EXECUTION,0.9789619133843315,0.04635029739895291
552,2737,20,3,128,6,WAIT_SEND,1.0253122107832844,0.0
552,2737,20,3,128,6,WAIT_RECV,1.0359742448815907,1.9999999999997797E-4
552,2737,20,3,128,6,EXECUTION,1.0359742448815907,0.05062215746156129
552,2737,20,3,128,6,WAIT_SEND,1.086596402343152,0.0
526,2680,32,2,206,7,EXECUTION,0.9575976708869722,0.03858123682478032
526,2680,32,2,206,7,WAIT_SEND,0.9961789077117525,0.0
526,2680,32,2,206,7,WAIT_RECV,1.0292170546844084,0.0013190734863279818
526,2680,32,2,206,7,EXECUTION,1.0292170546844084,0.058066681394910225
526,2680,32,2,206,7,WAIT_SEND,1.0872837360793186,0.0
594,2771,2,1,1,1,EXECUTION,0.9903,0.020000000000000018
594,2771,2,1,1,1,WAIT_SEND,1.0103,0.0
594,2771,2,1,1,1,WAIT_RECV,1.0787381469726558,1.9999999999997797E-4
594,2771,2,1,1,1,EXECUTION,1.0787381469726558,0.010000000000000009
594,2771,2,1,1,1,WAIT_SEND,1.0887381469726558,0.0
594,2768,2,0,0,0,WAIT_SEND,0.9901,0.0
594,2768,2,0,0,0,WAIT_RECV,1.0889381469726558,1.9999999999997797E-4
564,2887,14,6,85,9,EXECUTION,1.079769300672742,0.010378472606517919
564,2887,14,6,85,9,WAIT_SEND,1.09014777327926,0.0
561,2787,4,3,13,7,EXECUTION,0.9955,0.023051887337394827
561,2787,4,3,13,7,WAIT_SEND,1.0185518873373949,0.0
561,2787,4,3,13,7,WAIT_RECV,1.0801746375314714,1.9999999999997797E-4
561,2787,4,3,13,7,EXECUTION,1.0801746375314714,0.010000000000000009
561,2787,4,3,13,7,WAIT_SEND,1.0901746375314714,0.0
570,2657,11,1,63,1,EXECUTION,0.951419073486328,0.03203969116210936
570,2657,11,1,63,1,WAIT_SEND,0.9834587646484374,0.0
570,2657,11,1,63,1,WAIT_RECV,1.0728579925537105,1.9999999999997797E-4
570,2657,11,1,63,1,EXECUTION,1.0728579925537105,0.020000000000000018
570,2657,11,1,63,1,WAIT_SEND,1.0928579925537105,0.0
593,2756,6,1,30,1,EXECUTION,0.9853,0.029999999999999916
593,2756,6,1,30,1,WAIT_SEND,1.0152999999999999,0.0
593,2756,6,1,30,1,WAIT_RECV,1.0837381469726557,0.0013190734863279818
593,2756,6,1,30,1,EXECUTION,1.0837381469726557,0.010000000000000009
593,2756,6,1,30,1,WAIT_SEND,1.0937381469726557,0.0
593,2753,6,0,29,0,WAIT_SEND,0.9851,0.0
593,2753,6,0,29,0,WAIT_RECV,1.0939381469726557,1.9999999999997797E-4
570,2653,10,0,53,0,WAIT_SEND,0.9501000000000001,0.0
570,2653,10,0,53,0,WAIT_RECV,1.0941770660400385,0.0013190734863279818
573,2884,24,2,148,6,EXECUTION,1.0663539387794325,0.010000000000000009
573,2884,24,2,148,6,WAIT_SEND,1.0763539387794325,0.0
573,2884,24,2,148,6,WAIT_RECV,1.0867539387794325,1.9999999999997797E-4
573,2884,24,2,148,6,EXECUTION,1.0867539387794325,0.010000000000000009
573,2884,24,2,148,6,WAIT_SEND,1.0967539387794325,0.0
551,2761,14,3,82,6,EXECUTION,0.986819073486328,0.04631540646023202
551,2761,14,3,82,6,WAIT_SEND,1.03313447994656,0.0
551,2761,14,3,82,6,WAIT_RECV,1.04353447994656,1.9999999999997797E-4
551,2761,14,3,82,6,EXECUTION,1.04353447994656,0.05346661909315231
551,2761,14,3,82,6,WAIT_SEND,1.0970010990397123,0.0
480,2217,24,1,147,1,EXECUTION,0.8003,0.05271020327250209
480,2217,24,1,147,1,WAIT_SEND,0.8530102032725021,0.0
480,2217,24,1,147,1,WAIT_RECV,1.0502340327009483,1.9999999999997797E-4
480,2217,24,1,147,1,EXECUTION,1.0502340327009483,0.048972429770332226
480,2217,24,1,147,1,WAIT_SEND,1.0992064624712805,0.0
586,2722,11,1,63,1,EXECUTION,0.9753,0.03284922790527334
586,2722,11,1,63,1,WAIT_SEND,1.0081492279052733,0.0
586,2722,11,1,63,1,WAIT_RECV,1.0856116027832026,1.9999999999997797E-4
586,2722,11,1,63,1,EXECUTION,1.0856116027832026,0.013623194885253875
586,2722,11,1,63,1,WAIT_SEND,1.0992347976684564,0.0
480,2214,24,0,146,0,WAIT_SEND,0.8001,0.0
480,2214,24,0,146,0,WAIT_RECV,1.0994064624712805,1.9999999999997797E-4
586,2719,11,0,62,0,WAIT_SEND,0.9751,0.0
586,2719,11,0,62,0,WAIT_RECV,1.0994347976684564,1.9999999999997797E-4
584,2710,21,1,134,1,EXECUTION,0.9702999999999999,0.04376827121310756
584,2710,21,1,134,1,WAIT_SEND,1.0140682712131075,0.0
584,2710,21,1,134,1,WAIT_RECV,1.0697445651584194,0.0013190734863279818
584,2710,21,1,134,1,EXECUTION,1.0697445651584194,0.030000000000000027
584,2710,21,1,134,1,WAIT_SEND,1.0997445651584195,0.0
584,2707,21,0,133,0,WAIT_SEND,0.9701,0.0
584,2707,21,0,133,0,WAIT_RECV,1.0999445651584194,1.9999999999997797E-4
590,2889,14,6,85,9,EXECUTION,1.0893908280662241,0.01141897211993248
590,2889,14,6,85,9,WAIT_SEND,1.1008098001861566,0.0
540,2617,14,5,84,7,EXECUTION,0.936619073486328,0.020000000000000018
540,2617,14,5,84,7,WAIT_SEND,0.956619073486328,0.0
540,2617,14,5,84,7,WAIT_RECV,1.0715586589883845,1.9999999999997797E-4
540,2617,14,5,84,7,EXECUTION,1.0715586589883845,0.030000000000000027
540,2617,14,5,84,7,WAIT_SEND,1.1015586589883846,0.0
484,2234,24,1,147,1,EXECUTION,0.8053,0.05271020327250209
484,2234,24,1,147,1,WAIT_SEND,0.8580102032725021,0.0
484,2234,24,1,147,1,WAIT_RECV,1.0623555587319782,1.9999999999997797E-4
484,2234,24,1,147,1,EXECUTION,1.0623555587319782,0.04204584346688667
484,2234,24,1,147,1,WAIT_SEND,1.1044014021988648,0.0
484,2230,24,0,146,0,WAIT_SEND,0.8051,0.0
484,2230,24,0,146,0,WAIT_RECV,1.1046014021988648,1.9999999999997797E-4
588,2744,21,1,134,1,EXECUTION,0.9803,0.04376827121310756
588,2744,21,1,134,1,WAIT_SEND,1.0240682712131075,0.0
588,2744,21,1,134,1,WAIT_RECV,1.0775064181857634,0.0013190734863279818
588,2744,21,1,134,1,EXECUTION,1.0775064181857634,0.0274127156575521
588,2744,21,1,134,1,WAIT_SEND,1.1049191338433155,0.0
588,2742,21,0,133,0,WAIT_SEND,0.9801,0.0
588,2742,21,0,133,0,WAIT_RECV,1.1051191338433155,1.9999999999997797E-4
541,2593,14,4,83,7,EXECUTION,0.9295499999999993,0.024524999999999686
541,2593,14,4,83,7,WAIT_SEND,0.954074999999999,0.0
541,2593,14,4,83,7,WAIT_RECV,1.0651984752725618,1.9999999999997797E-4
541,2593,14,4,83,7,EXECUTION,1.0651984752725618,0.040000000000000036
541,2593,14,4,83,7,WAIT_SEND,1.1051984752725619,0.0
563,2796,20,3,128,6,EXECUTION,1.003302197644043,0.05471157187371145
563,2796,20,3,128,6,WAIT_SEND,1.0580137695177545,0.0
563,2796,20,3,128,6,WAIT_RECV,1.0684137695177545,1.9999999999997797E-4
563,2796,20,3,128,6,EXECUTION,1.0684137695177545,0.037346828971028145
563,2796,20,3,128,6,WAIT_SEND,1.1057605984887826,0.0
525,2438,21,1,134,1,EXECUTION,0.876419073486328,0.05498003795572881
525,2438,21,1,134,1,WAIT_SEND,0.9313991114420568,0.0
525,2438,21,1,134,1,WAIT_RECV,1.0804885047285966,0.0013190734863279818
525,2438,21,1,134,1,EXECUTION,1.0804885047285966,0.025424657962329844
525,2438,21,1,134,1,WAIT_SEND,1.1059131626909264,0.0
559,2597,4,1,11,1,EXECUTION,0.9303,0.05900000000000005
559,2597,4,1,11,1,WAIT_SEND,0.9893000000000001,0.0
559,2597,4,1,11,1,WAIT_RECV,1.086636485223444,1.9999999999997797E-4
559,2597,4,1,11,1,EXECUTION,1.086636485223444,0.020000000000000018
559,2597,4,1,11,1,WAIT_SEND,1.106636485223444,0.0
559,2594,4,0,10,0,WAIT_SEND,0.9301,0.0
559,2594,4,0,10,0,WAIT_RECV,1.106836485223444,1.9999999999997797E-4
573,2832,24,3,149,7,EXECUTION,1.0255,0.040653938779432464
573,2832,24,3,149,7,WAIT_SEND,1.0661539387794325,0.0
573,2832,24,3,149,7,WAIT_RECV,1.0969539387794325,1.9999999999997797E-4
573,2832,24,3,149,7,EXECUTION,1.0969539387794325,0.010000000000000009
573,2832,24,3,149,7,WAIT_SEND,1.1069539387794325,0.0
566,2890,28,4,173,9,EXECUTION,1.0969543779912496,0.010000000000000009
566,2890,28,4,173,9,WAIT_SEND,1.1069543779912496,0.0
525,2432,25,0,151,0,WAIT_SEND,0.8751,0.0
525,2432,25,0,151,0,WAIT_RECV,1.1072322361772544,0.0013190734863279818
561,2614,4,1,11,1,EXECUTION,0.9353,0.06000000000000005
561,2614,4,1,11,1,WAIT_SEND,0.9953000000000001,0.0
561,2614,4,1,11,1,WAIT_RECV,1.0903746375314713,1.9999999999997797E-4
561,2614,4,1,11,1,EXECUTION,1.0903746375314713,0.018130923845986358
561,2614,4,1,11,1,WAIT_SEND,1.1085055613774577,0.0
561,2611,4,0,10,0,WAIT_SEND,0.9351,0.0
561,2611,4,0,10,0,WAIT_RECV,1.1087055613774577,1.9999999999997797E-4
565,2808,20,3,128,6,EXECUTION,1.0107,0.05471157187371145
565,2808,20,3,128,6,WAIT_SEND,1.0654115718737114,0.0
565,2808,20,3,128,6,WAIT_RECV,1.0758115718737113,1.9999999999997797E-4
565,2808,20,3,128,6,EXECUTION,1.0758115718737113,0.032900709432539754
565,2808,20,3,128,6,WAIT_SEND,1.108712281306251,0.0
530,2634,20,4,129,7,EXECUTION,0.9427381469726559,0.032412715657551994
530,2634,20,4,129,7,WAIT_SEND,0.9751508626302079,0.0
530,2634,20,4,129,7,WAIT_RECV,1.0790901652283509,1.9999999999997797E-4
530,2634,20,4,129,7,EXECUTION,1.0790901652283509,0.030019816503479513
530,2634,20,4,129,7,WAIT_SEND,1.1091099817318304,0.0
581,2892,14,6,85,9,EXECUTION,1.0987288011593275,0.01104049951341457
581,2892,14,6,85,9,WAIT_SEND,1.109769300672742,0.0
576,2684,27,0,165,0,WAIT_SEND,0.9601,0.0
576,2684,27,0,165,0,WAIT_RECV,1.1117572204589836,0.06292861022949214
550,2558,24,1,147,1,EXECUTION,0.9153,0.06333333333333335
550,2558,24,1,147,1,WAIT_SEND,0.9786333333333334,0.0
550,2558,24,1,147,1,WAIT_RECV,1.0845227663270487,1.9999999999997797E-4
550,2558,24,1,147,1,EXECUTION,1.0845227663270487,0.02907349464797737
550,2558,24,1,147,1,WAIT_SEND,1.113596260975026,0.0
550,2555,24,0,146,0,WAIT_SEND,0.9151,0.0
550,2555,24,0,146,0,WAIT_RECV,1.113796260975026,1.9999999999997797E-4
554,2631,20,5,130,7,EXECUTION,0.942178610229492,0.035488116794162305
554,2631,20,5,130,7,WAIT_SEND,0.9776667270236543,0.0
554,2631,20,5,130,7,WAIT_RECV,1.0851614644633782,1.9999999999997797E-4
554,2631,20,5,130,7,EXECUTION,1.0851614644633782,0.030000000000000027
554,2631,20,5,130,7,WAIT_SEND,1.1151614644633783,0.0
552,2635,20,5,130,7,EXECUTION,0.943,0.035761913384331545
552,2635,20,5,130,7,WAIT_SEND,0.9787619133843315,0.0
552,2635,20,5,130,7,WAIT_RECV,1.086796402343152,1.9999999999997797E-4
552,2635,20,5,130,7,EXECUTION,1.086796402343152,0.029455020706742108
552,2635,20,5,130,7,WAIT_SEND,1.116251423049894,0.0
580,2694,2,0,0,0,WAIT_SEND,0.9651,0.0
580,2694,2,0,0,0,WAIT_RECV,1.1167572204589835,0.06292861022949214
566,2888,27,2,167,6,EXECUTION,1.0855622489098185,0.010000000000000009
566,2888,27,2,167,6,WAIT_SEND,1.0955622489098185,0.0
566,2888,27,2,167,6,WAIT_RECV,1.1082734514775776,0.0013190734863279818
566,2888,27,2,167,6,EXECUTION,1.1082734514775776,0.010000000000000009
566,2888,27,2,167,6,WAIT_SEND,1.1182734514775776,0.0
577,2893,33,3,210,9,EXECUTION,1.1082734514775776,0.010000000000000009
577,2893,33,3,210,9,WAIT_SEND,1.1182734514775776,0.0
514,2374,32,1,205,1,EXECUTION,0.8553,0.07826045650676172
514,2374,32,1,205,1,WAIT_SEND,0.9335604565067617,0.0
514,2374,32,1,205,1,WAIT_RECV,1.0585684149140722,1.9999999999997797E-4
514,2374,32,1,205,1,EXECUTION,1.0585684149140722,0.06000000000000005
514,2374,32,1,205,1,WAIT_SEND,1.1185684149140722,0.0
551,2674,14,5,84,7,EXECUTION,0.956619073486328,0.030000000000000027
551,2674,14,5,84,7,WAIT_SEND,0.986619073486328,0.0
551,2674,14,5,84,7,WAIT_RECV,1.0972010990397123,1.9999999999997797E-4
551,2674,14,5,84,7,EXECUTION,1.0972010990397123,0.021452519982890772
551,2674,14,5,84,7,WAIT_SEND,1.118653619022603,0.0
514,2372,32,0,204,0,WAIT_SEND,0.8551,0.0
514,2372,32,0,204,0,WAIT_RECV,1.1187684149140722,1.9999999999997797E-4
598,2894,20,6,131,9,EXECUTION,1.1088750906816807,0.010000000000000009
598,2894,20,6,131,9,WAIT_SEND,1.1188750906816807,0.0
546,2627,14,4,83,7,EXECUTION,0.9405,0.030000000000000027
546,2627,14,4,83,7,WAIT_SEND,0.9705,0.0
546,2627,14,4,83,7,WAIT_RECV,1.0837521269621662,1.9999999999997797E-4
546,2627,14,4,83,7,EXECUTION,1.0837521269621662,0.035361587077598955
546,2627,14,4,83,7,WAIT_SEND,1.1191137140397651,0.0
573,2671,24,1,147,1,EXECUTION,0.9553,0.07000000000000006
573,2671,24,1,147,1,WAIT_SEND,1.0253,0.0
573,2671,24,1,147,1,WAIT_RECV,1.1071539387794325,1.9999999999997797E-4
573,2671,24,1,147,1,EXECUTION,1.1071539387794325,0.013221161097796807
573,2671,24,1,147,1,WAIT_SEND,1.1203750998772293,0.0
530,2455,22,1,137,1,EXECUTION,0.881419073486328,0.05999999999999994
530,2455,22,1,137,1,WAIT_SEND,0.9414190734863279,0.0
530,2455,22,1,137,1,WAIT_RECV,1.1104290552181584,0.0013190734863279818
530,2455,22,1,137,1,EXECUTION,1.1104290552181584,0.010000000000000009
530,2455,22,1,137,1,WAIT_SEND,1.1204290552181584,0.0
573,2668,24,0,146,0,WAIT_SEND,0.9551000000000001,0.0
573,2668,24,0,146,0,WAIT_RECV,1.1205750998772293,1.9999999999997797E-4
530,2450,25,0,151,0,WAIT_SEND,0.8801,0.0
530,2450,25,0,151,0,WAIT_RECV,1.1217481287044864,0.0013190734863279818
564,2825,14,3,82,6,EXECUTION,1.0207878708168312,0.05878142985591084
564,2825,14,3,82,6,WAIT_SEND,1.079569300672742,0.0
564,2825,14,3,82,6,WAIT_RECV,1.09034777327926,1.9999999999997797E-4
564,2825,14,3,82,6,EXECUTION,1.09034777327926,0.03166333144011313
564,2825,14,3,82,6,WAIT_SEND,1.122011104719373,0.0
565,2711,20,5,130,7,EXECUTION,0.9705,0.039999999999999925
565,2711,20,5,130,7,WAIT_SEND,1.0105,0.0
565,2711,20,5,130,7,WAIT_RECV,1.108912281306251,1.9999999999997797E-4
565,2711,20,5,130,7,EXECUTION,1.108912281306251,0.014711101398009463
565,2711,20,5,130,7,WAIT_SEND,1.1236233827042605,0.0
517,2389,32,1,205,1,EXECUTION,0.8603,0.0789747422210475
517,2389,32,1,205,1,WAIT_SEND,0.9392747422210475,0.0
517,2389,32,1,205,1,WAIT_RECV,1.0659428519172565,1.9999999999997797E-4
517,2389,32,1,205,1,EXECUTION,1.0659428519172565,0.058770927166135856
517,2389,32,1,205,1,WAIT_SEND,1.1247137790833923,0.0
517,2387,32,0,204,0,WAIT_SEND,0.8601,0.0
517,2387,32,0,204,0,WAIT_RECV,1.1249137790833923,1.9999999999997797E-4
539,2746,32,2,206,7,EXECUTION,0.981885385061051,0.05098546107054214
539,2746,32,2,206,7,WAIT_SEND,1.0328708461315932,0.0
539,2746,32,2,206,7,WAIT_RECV,1.0845192952933227,0.0013190734863279818
539,2746,32,2,206,7,EXECUTION,1.0845192952933227,0.04055288815719926
539,2746,32,2,206,7,WAIT_SEND,1.125072183450522,0.0
583,2747,32,2,206,7,EXECUTION,0.9828118502683354,0.051448693674184254
583,2747,32,2,206,7,WAIT_SEND,1.0342605439425197,0.0
583,2747,32,2,206,7,WAIT_RECV,1.0859089931042492,0.0013190734863279818
583,2747,32,2,206,7,EXECUTION,1.0859089931042492,0.039997009032828545
583,2747,32,2,206,7,WAIT_SEND,1.1259060021370777,0.0
587,2721,28,0,169,0,WAIT_SEND,0.9751,0.0
587,2721,28,0,169,0,WAIT_RECV,1.1267572204589835,0.06292861022949214
563,2699,20,4,129,7,EXECUTION,0.9655,0.037602197644043045
563,2699,20,4,129,7,WAIT_SEND,1.003102197644043,0.0
563,2699,20,4,129,7,WAIT_RECV,1.1059605984887826,1.9999999999997797E-4
563,2699,20,4,129,7,EXECUTION,1.1059605984887826,0.021049794414349288
563,2699,20,4,129,7,WAIT_SEND,1.1270103929031319,0.0
590,2845,14,3,82,6,EXECUTION,1.031819073486328,0.057371754579896184
590,2845,14,3,82,6,WAIT_SEND,1.0891908280662241,0.0
590,2845,14,3,82,6,WAIT_RECV,1.1010098001861566,1.9999999999997797E-4
590,2845,14,3,82,6,EXECUTION,1.1010098001861566,0.027000434844405508
590,2845,14,3,82,6,WAIT_SEND,1.128010235030562,0.0
598,2885,20,3,128,6,EXECUTION,1.0756999999999999,0.03297509068168081
598,2885,20,3,128,6,WAIT_SEND,1.1086750906816807,0.0
598,2885,20,3,128,6,WAIT_RECV,1.1190750906816807,1.9999999999997797E-4
598,2885,20,3,128,6,EXECUTION,1.1190750906816807,0.010000000000000009
598,2885,20,3,128,6,WAIT_SEND,1.1290750906816807,0.0
577,2891,30,5,190,6,EXECUTION,1.0969543779912496,0.010000000000000009
577,2891,30,5,190,6,WAIT_SEND,1.1069543779912496,0.0
577,2891,30,5,190,6,WAIT_RECV,1.1195925249639056,0.0013190734863279818
577,2891,30,5,190,6,EXECUTION,1.1195925249639056,0.010000000000000009
577,2891,30,5,190,6,WAIT_SEND,1.1295925249639056,0.0
581,2872,14,3,82,6,EXECUTION,1.0465898841857906,0.05193891697353692
581,2872,14,3,82,6,WAIT_SEND,1.0985288011593275,0.0
581,2872,14,3,82,6,WAIT_RECV,1.109969300672742,1.9999999999997797E-4
581,2872,14,3,82,6,EXECUTION,1.109969300672742,0.02102743452001521
581,2872,14,3,82,6,WAIT_SEND,1.1309967351927572,0.0
589,2740,12,0,66,0,WAIT_SEND,0.9801,0.0
589,2740,12,0,66,0,WAIT_RECV,1.1317572204589836,0.06292861022949214
540,2515,14,2,81,1,EXECUTION,0.901419073486328,0.03500000000000003
540,2515,14,2,81,1,WAIT_SEND,0.936419073486328,0.0
540,2515,14,2,81,1,WAIT_RECV,1.1017586589883845,1.9999999999997797E-4
540,2515,14,2,81,1,EXECUTION,1.1017586589883845,0.030000000000000027
540,2515,14,2,81,1,WAIT_SEND,1.1317586589883846,0.0
540,2507,13,0,73,0,WAIT_SEND,0.9001,0.0
540,2507,13,0,73,0,WAIT_RECV,1.1330777324747126,0.0013190734863279818
554,2573,20,2,127,1,EXECUTION,0.921419073486328,0.02055953674316402
554,2573,20,2,127,1,WAIT_SEND,0.941978610229492,0.0
554,2573,20,2,127,1,WAIT_RECV,1.1153614644633782,1.9999999999997797E-4
554,2573,20,2,127,1,EXECUTION,1.1153614644633782,0.020000000000000018
554,2573,20,2,127,1,WAIT_SEND,1.1353614644633783,0.0
541,2511,14,1,80,1,EXECUTION,0.9003,0.029049999999999354
541,2511,14,1,80,1,WAIT_SEND,0.9293499999999993,0.0
541,2511,14,1,80,1,WAIT_RECV,1.1053984752725619,1.9999999999997797E-4
541,2511,14,1,80,1,EXECUTION,1.1053984752725619,0.030000000000000027
541,2511,14,1,80,1,WAIT_SEND,1.1353984752725619,0.0
541,2508,14,0,79,0,WAIT_SEND,0.9001,0.0
541,2508,14,0,79,0,WAIT_RECV,1.1355984752725619,1.9999999999997797E-4
554,2568,25,0,151,0,WAIT_SEND,0.9201,0.0
554,2568,25,0,151,0,WAIT_RECV,1.1366805379497062,0.0013190734863279818
583,2713,28,3,172,1,EXECUTION,0.9714927767820074,0.010000000000000009
583,2713,28,3,172,1,WAIT_SEND,0.9814927767820074,0.0
583,2713,28,3,172,1,WAIT_RECV,1.1272250756234057,0.0013190734863279818
583,2713,28,3,172,1,EXECUTION,1.1272250756234057,0.010000000000000009
583,2713,28,3,172,1,WAIT_SEND,1.1372250756234057,0.0
590,2776,14,5,84,7,EXECUTION,0.9916190734863279,0.040000000000000036
590,2776,14,5,84,7,WAIT_SEND,1.031619073486328,0.0
590,2776,14,5,84,7,WAIT_RECV,1.128210235030562,1.9999999999997797E-4
590,2776,14,5,84,7,EXECUTION,1.128210235030562,0.010000000000000009
590,2776,14,5,84,7,WAIT_SEND,1.138210235030562,0.0
583,2708,27,0,165,0,WAIT_SEND,0.9701,0.0
583,2708,27,0,165,0,WAIT_RECV,1.1385441491097337,0.0013190734863279818
526,2434,32,1,205,1,EXECUTION,0.8753,0.08209767088697228
526,2434,32,1,205,1,WAIT_SEND,0.9573976708869723,0.0
526,2434,32,1,205,1,WAIT_RECV,1.0874837360793186,1.9999999999997797E-4
526,2434,32,1,205,1,EXECUTION,1.0874837360793186,0.05159063244544848
526,2434,32,1,205,1,WAIT_SEND,1.139074368524767,0.0
526,2433,32,0,204,0,WAIT_SEND,0.8751,0.0
526,2433,32,0,204,0,WAIT_RECV,1.139274368524767,1.9999999999997797E-4
598,2854,20,4,129,7,EXECUTION,1.0354999999999999,0.040000000000000036
598,2854,20,4,129,7,WAIT_SEND,1.0755,0.0
598,2854,20,4,129,7,WAIT_RECV,1.1292750906816806,1.9999999999997797E-4
598,2854,20,4,129,7,EXECUTION,1.1292750906816806,0.010000000000000009
598,2854,20,4,129,7,WAIT_SEND,1.1392750906816806,0.0
565,2625,20,2,127,1,EXECUTION,0.9403,0.030000000000000027
565,2625,20,2,127,1,WAIT_SEND,0.9703,0.0
565,2625,20,2,127,1,WAIT_RECV,1.1238233827042605,1.9999999999997797E-4
565,2625,20,2,127,1,EXECUTION,1.1238233827042605,0.01576904087955877
565,2625,20,2,127,1,WAIT_SEND,1.1395924235838193,0.0
565,2623,20,0,125,0,WAIT_SEND,0.9401,0.0
565,2623,20,0,125,0,WAIT_RECV,1.1397924235838193,1.9999999999997797E-4
564,2745,14,4,83,7,EXECUTION,0.981619073486328,0.03896879733050318
564,2745,14,4,83,7,WAIT_SEND,1.0205878708168312,0.0
564,2745,14,4,83,7,WAIT_RECV,1.122211104719373,1.9999999999997797E-4
564,2745,14,4,83,7,EXECUTION,1.122211104719373,0.020000000000000018
564,2745,14,4,83,7,WAIT_SEND,1.142211104719373,0.0
566,2835,32,2,206,7,EXECUTION,1.0255683818974144,0.058674793526076074
566,2835,32,2,206,7,WAIT_SEND,1.0842431754234905,0.0
566,2835,32,2,206,7,WAIT_RECV,1.1195925249639056,0.0013190734863279818
566,2835,32,2,206,7,EXECUTION,1.1195925249639056,0.023017768805493333
566,2835,32,2,206,7,WAIT_SEND,1.142610293769399,0.0
551,2560,14,2,81,1,EXECUTION,0.916419073486328,0.040000000000000036
551,2560,14,2,81,1,WAIT_SEND,0.956419073486328,0.0
551,2560,14,2,81,1,WAIT_RECV,1.118853619022603,1.9999999999997797E-4
551,2560,14,2,81,1,EXECUTION,1.118853619022603,0.024301679988593783
551,2560,14,2,81,1,WAIT_SEND,1.1431552990111968,0.0
551,2554,13,0,73,0,WAIT_SEND,0.9151,0.0
551,2554,13,0,73,0,WAIT_RECV,1.1444743724975248,0.0013190734863279818
546,2541,14,1,80,1,EXECUTION,0.9103,0.030000000000000027
546,2541,14,1,80,1,WAIT_SEND,0.9403,0.0
546,2541,14,1,80,1,WAIT_RECV,1.119313714039765,1.9999999999997797E-4
546,2541,14,1,80,1,EXECUTION,1.119313714039765,0.025361587077598946
546,2541,14,1,80,1,WAIT_SEND,1.144675301117364,0.0
546,2538,14,0,79,0,WAIT_SEND,0.9101,0.0
546,2538,14,0,79,0,WAIT_RECV,1.144875301117364,1.9999999999997797E-4
552,2570,20,1,126,1,EXECUTION,0.9203,0.022499999999999964
552,2570,20,1,126,1,WAIT_SEND,0.9428,0.0
552,2570,20,1,126,1,WAIT_RECV,1.116451423049894,1.9999999999997797E-4
552,2570,20,1,126,1,EXECUTION,1.116451423049894,0.030000000000000027
552,2570,20,1,126,1,WAIT_SEND,1.1464514230498941,0.0
552,2567,20,0,125,0,WAIT_SEND,0.9201,0.0
552,2567,20,0,125,0,WAIT_RECV,1.146651423049894,1.9999999999997797E-4
581,2800,14,4,83,7,EXECUTION,1.0063898841857906,0.040000000000000036
581,2800,14,4,83,7,WAIT_SEND,1.0463898841857906,0.0
581,2800,14,4,83,7,WAIT_RECV,1.1311967351927572,1.9999999999997797E-4
581,2800,14,4,83,7,EXECUTION,1.1311967351927572,0.015507184763307924
581,2800,14,4,83,7,WAIT_SEND,1.1467039199560651,0.0
577,2863,32,2,206,7,EXECUTION,1.0417444073228128,0.05389089718210882
577,2863,32,2,206,7,WAIT_SEND,1.0956353045049216,0.0
577,2863,32,2,206,7,WAIT_RECV,1.1309115984502336,0.0013190734863279818
577,2863,32,2,206,7,EXECUTION,1.1309115984502336,0.01584934765958268
577,2863,32,2,206,7,WAIT_SEND,1.1467609461098163,0.0
590,2743,12,3,69,1,EXECUTION,0.9803,0.010000000000000009
590,2743,12,3,69,1,WAIT_SEND,0.9903,0.0
590,2743,12,3,69,1,WAIT_RECV,1.13952930851689,0.0013190734863279818
590,2743,12,3,69,1,EXECUTION,1.13952930851689,0.010000000000000009
590,2743,12,3,69,1,WAIT_SEND,1.14952930851689,0.0
590,2741,12,0,66,0,WAIT_SEND,0.9801,0.0
590,2741,12,0,66,0,WAIT_RECV,1.14972930851689,1.9999999999997797E-4
564,2629,14,1,80,1,EXECUTION,0.941419073486328,0.040000000000000036
564,2629,14,1,80,1,WAIT_SEND,0.9814190734863281,0.0
564,2629,14,1,80,1,WAIT_RECV,1.142411104719373,1.9999999999997797E-4
564,2629,14,1,80,1,EXECUTION,1.142411104719373,0.011132098198995521
564,2629,14,1,80,1,WAIT_SEND,1.1535432029183685,0.0
563,2615,20,1,126,1,EXECUTION,0.9353,0.030000000000000027
563,2615,20,1,126,1,WAIT_SEND,0.9653,0.0
563,2615,20,1,126,1,WAIT_RECV,1.1272103929031319,1.9999999999997797E-4
563,2615,20,1,126,1,EXECUTION,1.1272103929031319,0.026413676715587364
563,2615,20,1,126,1,WAIT_SEND,1.1536240696187192,0.0
563,2612,20,0,125,0,WAIT_SEND,0.9351,0.0
563,2612,20,0,125,0,WAIT_RECV,1.1538240696187192,1.9999999999997797E-4
564,2622,13,0,73,0,WAIT_SEND,0.9401,0.0
564,2622,13,0,73,0,WAIT_RECV,1.1548622764046965,0.0013190734863279818
581,2697,14,2,81,1,EXECUTION,0.9652999999999999,0.04088988418579065
581,2697,14,2,81,1,WAIT_SEND,1.0061898841857906,0.0
581,2697,14,2,81,1,WAIT_RECV,1.146903919956065,1.9999999999997797E-4
581,2697,14,2,81,1,EXECUTION,1.146903919956065,0.010000000000000009
581,2697,14,2,81,1,WAIT_SEND,1.1569039199560651,0.0
581,2695,14,0,79,0,WAIT_SEND,0.9651,0.0
581,2695,14,0,79,0,WAIT_RECV,1.157103919956065,1.9999999999997797E-4
598,2784,20,1,126,1,EXECUTION,0.9953,0.039999999999999925
598,2784,20,1,126,1,WAIT_SEND,1.0352999999999999,0.0
598,2784,20,1,126,1,WAIT_RECV,1.1394750906816806,1.9999999999997797E-4
598,2784,20,1,126,1,EXECUTION,1.1394750906816806,0.01823721152988811
598,2784,20,1,126,1,WAIT_SEND,1.1577123022115687,0.0
598,2781,20,0,125,0,WAIT_SEND,0.9951,0.0
598,2781,20,0,125,0,WAIT_RECV,1.1579123022115687,1.9999999999997797E-4
539,2499,32,1,205,1,EXECUTION,0.896419073486328,0.08526631157472309
539,2499,32,1,205,1,WAIT_SEND,0.9816853850610511,0.0
539,2499,32,1,205,1,WAIT_RECV,1.125272183450522,1.9999999999997797E-4
539,2499,32,1,205,1,EXECUTION,1.125272183450522,0.033450546268561254
539,2499,32,1,205,1,WAIT_SEND,1.1587227297190832,0.0
539,2494,27,0,165,0,WAIT_SEND,0.8951,0.0
539,2494,27,0,165,0,WAIT_RECV,1.1600418032054112,0.0013190734863279818
566,2626,32,1,205,1,EXECUTION,0.9403,0.08506838189741439
566,2626,32,1,205,1,WAIT_SEND,1.0253683818974144,0.0
566,2626,32,1,205,1,WAIT_RECV,1.142810293769399,1.9999999999997797E-4
566,2626,32,1,205,1,EXECUTION,1.142810293769399,0.025304145316561444
566,2626,32,1,205,1,WAIT_SEND,1.1681144390859604,0.0
566,2624,32,0,204,0,WAIT_SEND,0.9401,0.0
566,2624,32,0,204,0,WAIT_RECV,1.1683144390859603,1.9999999999997797E-4
577,2687,32,1,205,1,EXECUTION,0.9602999999999999,0.0812444073228129
577,2687,32,1,205,1,WAIT_SEND,1.0415444073228128,0.0
577,2687,32,1,205,1,WAIT_RECV,1.1469609461098162,1.9999999999997797E-4
577,2687,32,1,205,1,EXECUTION,1.1469609461098162,0.022537043756283293
577,2687,32,1,205,1,WAIT_SEND,1.1694979898660995,0.0
577,2685,32,0,204,0,WAIT_SEND,0.9601,0.0
577,2685,32,0,204,0,WAIT_RECV,1.1696979898660995,1.9999999999997797E-4
